Name,Gender,Age,Education,Department,JoiningYear,ExperienceYears,Salary,PerformanceScore
Employee_1,Male,34.0,Bachelors,Bangalore,2017,0,160962.0,2.0
Employee_2,Female,28.0,Bachelors,Pune,2013,3,45795.0,2.0
Employee_3,Female,38.0,Bachelors,New Delhi,2014,2,92580.0,5.0
Employee_4,Male,27.0,Masters,Bangalore,2016,5,106170.0,4.0
Employee_5,Male,24.0,Masters,Pune,2017,2,179406.0,2.0
Employee_6,Male,28.0,Bachelors,Bangalore,2016,0,154725.0,1.0
Employee_7,Male,38.0,Bachelors,New Delhi,2015,0,125892.0,3.0
Employee_8,Female,34.0,Bachelors,Bangalore,2016,2,123852.0,1.0
Employee_9,Male,28.0,Bachelors,Pune,2016,1,156354.0,3.0
Employee_10,Male,37.0,Masters,New Delhi,2017,2,72530.0,3.0
Employee_11,Male,27.0,Masters,Bangalore,2012,5,119860.5,2.0
Employee_12,Male,34.0,Bachelors,Pune,2016,3,179730.0,2.0
Employee_13,Male,32.0,Bachelors,Pune,2018,5,103278.0,1.0
Employee_14,Male,39.0,Bachelors,Bangalore,2016,2,155886.0,3.0
Employee_15,Male,37.0,Bachelors,Bangalore,2012,4,133269.0,2.9959276018099548
Employee_16,Male,29.0,Bachelors,Bangalore,2017,3,58020.0,4.0
Employee_17,Female,34.0,Bachelors,Bangalore,2014,2,124089.0,1.0
Employee_18,Male,34.0,Bachelors,Pune,2014,4,172485.0,5.0
Employee_19,Female,30.0,Bachelors,Pune,2015,0,92046.0,1.0
Employee_20,Female,22.0,Bachelors,New Delhi,2016,0,76644.0,2.9959276018099548
Employee_21,Male,37.0,Bachelors,Bangalore,2012,0,95055.0,5.0
Employee_22,Male,28.0,Masters,New Delhi,2017,4,61538.0,5.0
Employee_23,Male,36.0,Bachelors,New Delhi,2017,3,113934.0,4.0
Employee_24,Male,27.0,Bachelors,Bangalore,2015,5,159999.0,1.0
Employee_25,Male,29.0,Bachelors,Bangalore,2017,4,97299.0,1.0
Employee_26,Female,22.0,Bachelors,Bangalore,2013,0,105933.0,4.0
Employee_27,Male,37.0,Bachelors,Bangalore,2016,2,105153.0,3.0
Employee_28,Male,23.0,Bachelors,Bangalore,2015,1,109260.0,2.0
Employee_29,Female,31.0,Bachelors,Pune,2013,2,95136.0,1.0
Employee_30,Female,30.0,Masters,New Delhi,2017,2,101878.0,2.9959276018099548
Employee_31,Male,25.0,PHD,New Delhi,2013,3,149307.0,4.0
Employee_32,Male,23.0,Bachelors,Bangalore,2014,1,176079.0,3.0
Employee_33,Male,26.0,Bachelors,Bangalore,2018,4,109188.0,3.0
Employee_34,Male,40.0,Bachelors,Bangalore,2016,5,178257.0,3.0
Employee_35,Female,37.0,Bachelors,Pune,2017,0,114960.0,4.0
Employee_36,Female,30.0,Bachelors,Bangalore,2014,3,38666.0,5.0
Employee_37,Male,29.0,Bachelors,New Delhi,2012,3,166974.0,5.0
Employee_38,Female,34.0,Bachelors,New Delhi,2018,0,97884.0,2.0
Employee_39,Female,28.0,Bachelors,Pune,2017,2,108466.0,5.0
Employee_40,Male,30.0,Bachelors,Pune,2014,4,145293.0,5.0
Employee_41,Male,36.0,Bachelors,Bangalore,2015,1,98241.0,3.0
Employee_42,Male,23.0,Masters,New Delhi,2017,1,111102.0,3.0
Employee_43,Male,30.0,Bachelors,Bangalore,2013,3,169146.0,2.0
Employee_44,Male,36.0,Bachelors,Bangalore,2014,0,119860.5,1.0
Employee_45,Male,39.0,Bachelors,Pune,2015,4,147354.0,2.0
Employee_46,Female,23.0,Bachelors,Bangalore,2014,1,99015.0,2.0
Employee_47,Male,27.0,PHD,New Delhi,2012,5,153126.0,4.0
Employee_48,Male,35.0,Masters,New Delhi,2013,2,95697.0,4.0
Employee_49,Male,34.0,Masters,New Delhi,2017,0,108236.0,2.0
Employee_50,Female,30.0,Bachelors,Bangalore,2013,1,93801.0,2.0
Employee_51,Male,34.0,PHD,New Delhi,2017,2,143736.0,2.0
Employee_52,Female,26.0,Bachelors,Pune,2015,4,82788.0,5.0
Employee_53,Female,34.0,Bachelors,Bangalore,2016,0,100668.0,4.0
Employee_54,Female,31.0,Bachelors,Bangalore,2014,5,119860.5,2.0
Employee_55,Female,31.0,Bachelors,New Delhi,2017,5,116514.0,3.0
Employee_56,Male,28.0,PHD,New Delhi,2013,2,172392.0,3.0
Employee_57,Male,38.0,Bachelors,Bangalore,2016,2,133506.0,5.0
Employee_58,Female,39.0,Masters,Pune,2014,2,155331.0,5.0
Employee_59,Male,32.0,Bachelors,Pune,2013,4,121881.0,1.0
Employee_60,Male,36.0,Masters,Pune,2017,2,77584.0,1.0
Employee_61,Male,29.0,Masters,New Delhi,2013,3,121665.0,1.0
Employee_62,Male,30.0,Bachelors,Bangalore,2015,5,120759.0,5.0
Employee_63,Male,25.0,PHD,Bangalore,2013,3,76866.0,5.0
Employee_64,Female,28.0,Bachelors,Pune,2014,0,40233.0,5.0
Employee_65,Male,34.0,Bachelors,Bangalore,2016,4,123048.0,3.0
Employee_66,Male,40.0,Bachelors,Bangalore,2018,1,161691.0,5.0
Employee_67,Male,26.0,PHD,Bangalore,2013,4,97836.0,3.0
Employee_68,Male,28.0,Bachelors,New Delhi,2014,0,160275.0,1.0
Employee_69,Female,24.0,Bachelors,Bangalore,2015,2,167817.0,1.0
Employee_70,Female,40.0,Masters,Bangalore,2017,2,157857.0,1.0
Employee_71,Female,28.0,Bachelors,Bangalore,2018,1,155610.0,2.0
Employee_72,Male,31.0,Masters,Bangalore,2017,4,160449.0,2.0
Employee_73,Female,25.0,Bachelors,Pune,2014,3,168162.0,4.0
Employee_74,Male,27.0,Bachelors,Bangalore,2014,5,45787.0,4.0
Employee_75,Female,28.0,Masters,New Delhi,2017,3,114264.0,4.0
Employee_76,Male,40.0,Bachelors,Bangalore,2015,0,119860.5,2.0
Employee_77,Female,23.0,Bachelors,Bangalore,2014,1,42206.0,2.0
Employee_78,Female,23.0,Bachelors,Bangalore,2017,1,114678.0,4.0
Employee_79,Male,28.0,Bachelors,Bangalore,2012,1,133623.0,4.0
Employee_80,Male,37.0,PHD,New Delhi,2015,1,33152.0,5.0
Employee_81,Male,38.0,Bachelors,Pune,2017,2,169593.0,4.0
Employee_82,Female,31.0,Bachelors,Bangalore,2013,0,94755.0,5.0
Employee_83,Male,38.0,Bachelors,Bangalore,2016,5,101829.0,3.0
Employee_84,Female,25.0,Bachelors,Bangalore,2017,3,161817.0,2.0
Employee_85,Female,27.0,Bachelors,Bangalore,2015,5,148371.0,4.0
Employee_86,Male,36.0,Bachelors,Pune,2016,0,62042.0,2.0
Employee_87,Female,27.0,Bachelors,Pune,2017,5,83306.0,2.0
Employee_88,Female,32.0,Masters,Pune,2015,4,81610.0,2.0
Employee_89,Male,28.0,Bachelors,Bangalore,2014,4,130251.0,3.0
Employee_90,Male,32.0,Masters,New Delhi,2012,2,150681.0,2.9959276018099548
Employee_91,Male,30.0,Bachelors,Bangalore,2018,0,119860.5,4.0
Employee_92,Male,22.0,Bachelors,New Delhi,2015,0,119076.0,2.9959276018099548
Employee_93,Female,34.0,Bachelors,New Delhi,2017,5,85980.0,2.9959276018099548
Employee_94,Male,36.0,Masters,New Delhi,2013,2,110619.0,1.0
Employee_95,Male,39.0,Bachelors,Bangalore,2014,3,107025.0,2.0
Employee_96,Male,26.0,PHD,Bangalore,2018,4,90483.0,5.0
Employee_97,Female,31.0,Bachelors,Bangalore,2016,0,102891.0,2.0
Employee_98,Male,27.0,Bachelors,Bangalore,2014,5,119860.5,2.0
Employee_99,Female,29.0,Bachelors,Bangalore,2014,0,92985.0,1.0
Employee_100,Female,24.0,Bachelors,Bangalore,2015,2,178461.0,2.0
Employee_101,Male,25.0,Masters,Pune,2012,3,124602.0,1.0
Employee_102,Male,25.0,Bachelors,Pune,2013,3,119860.5,5.0
Employee_103,Female,26.0,Masters,New Delhi,2017,4,112887.0,4.0
Employee_104,Female,28.0,Bachelors,Pune,2015,1,119860.5,1.0
Employee_105,Male,28.0,Bachelors,New Delhi,2017,2,167553.0,5.0
Employee_106,Female,28.0,Masters,Pune,2015,3,31016.0,4.0
Employee_107,Male,25.0,Masters,New Delhi,2015,3,162759.0,3.0
Employee_108,Male,28.0,Bachelors,Bangalore,2017,1,119860.5,1.0
Employee_109,Male,25.0,Masters,Pune,2013,3,162828.0,1.0
Employee_110,Female,25.0,Bachelors,Bangalore,2015,3,106494.0,3.0
Employee_111,Female,27.0,Bachelors,Bangalore,2015,5,162900.0,3.0
Employee_112,Female,27.0,Bachelors,Pune,2017,5,77058.0,1.0
Employee_113,Male,27.0,Bachelors,Bangalore,2013,5,141786.0,3.0
Employee_114,Male,25.0,Bachelors,Bangalore,2012,3,117804.0,2.0
Employee_115,Male,28.0,Masters,New Delhi,2017,2,102542.0,4.0
Employee_116,Female,26.0,Bachelors,Pune,2014,4,42185.0,4.0
Employee_117,Male,28.0,Bachelors,Bangalore,2015,2,153729.0,4.0
Employee_118,Male,26.0,Masters,New Delhi,2013,4,108993.0,2.0
Employee_119,Female,26.0,Bachelors,Bangalore,2017,4,115713.0,3.0
Employee_120,Male,25.0,Bachelors,New Delhi,2017,3,110136.0,5.0
Employee_121,Female,28.0,Bachelors,Bangalore,2012,3,37208.0,3.0
Employee_122,Male,26.0,PHD,New Delhi,2015,4,105828.0,1.0
Employee_123,Female,25.0,Bachelors,New Delhi,2015,3,145338.0,4.0
Employee_124,Male,26.0,Bachelors,Bangalore,2012,4,119860.5,3.0
Employee_125,Female,28.0,Bachelors,Bangalore,2014,3,139344.0,5.0
Employee_126,Male,24.0,Masters,Pune,2014,2,138648.0,1.0
Employee_127,Male,28.0,Bachelors,Bangalore,2013,1,114018.0,2.0
Employee_128,Male,27.0,Bachelors,Pune,2015,5,97704.0,2.0
Employee_129,Male,25.0,Bachelors,Bangalore,2018,3,155541.0,5.0
Employee_130,Male,28.0,Masters,Pune,2013,2,59824.0,1.0
Employee_131,Female,26.0,Bachelors,Bangalore,2017,4,96081.0,4.0
Employee_132,Male,28.0,Bachelors,Bangalore,2013,1,98085.0,3.0
Employee_133,Male,27.0,Masters,New Delhi,2016,5,168213.0,1.0
Employee_134,Male,26.0,Masters,Bangalore,2017,4,136266.0,2.0
Employee_135,Male,24.0,Masters,New Delhi,2017,2,119860.5,2.9959276018099548
Employee_136,Male,26.0,Masters,New Delhi,2018,4,156006.0,5.0
Employee_137,Female,25.0,Masters,New Delhi,2017,3,36736.0,3.0
Employee_138,Male,28.0,Bachelors,Pune,2012,2,91173.0,5.0
Employee_139,Male,28.0,Bachelors,New Delhi,2017,2,131958.0,5.0
Employee_140,Male,26.0,Bachelors,Bangalore,2013,4,119860.5,1.0
Employee_141,Male,27.0,Masters,New Delhi,2013,5,119860.5,4.0
Employee_142,Female,24.0,Bachelors,Pune,2017,2,71784.0,3.0
Employee_143,Female,28.0,Bachelors,New Delhi,2017,2,100683.0,1.0
Employee_144,Male,26.0,Bachelors,Bangalore,2016,4,170562.0,4.0
Employee_145,Female,27.0,Bachelors,Bangalore,2013,5,108552.0,1.0
Employee_146,Female,28.0,Masters,Pune,2015,3,98966.0,1.0
Employee_147,Male,25.0,Bachelors,Bangalore,2014,3,157986.0,2.9959276018099548
Employee_148,Male,28.0,Bachelors,Pune,2016,1,115176.0,4.0
Employee_149,Male,25.0,Masters,Bangalore,2013,3,43067.0,3.0
Employee_150,Male,26.0,Bachelors,Pune,2015,4,135795.0,3.0
Employee_151,Female,27.0,Bachelors,New Delhi,2018,5,148464.0,4.0
Employee_152,Male,24.0,Bachelors,Bangalore,2016,2,160797.0,5.0
Employee_153,Female,28.0,Bachelors,Pune,2012,2,118348.0,2.0
Employee_154,Male,26.0,Bachelors,Bangalore,2014,4,97362.0,1.0
Employee_155,Female,24.0,Bachelors,Pune,2016,2,83674.0,5.0
Employee_156,Female,26.0,Masters,New Delhi,2012,4,132117.0,4.0
Employee_157,Female,28.0,Bachelors,Bangalore,2013,3,166140.0,1.0
Employee_158,Male,24.0,Bachelors,Bangalore,2012,2,147345.0,3.0
Employee_159,Male,25.0,Bachelors,Bangalore,2015,3,122895.0,2.9959276018099548
Employee_160,Male,28.0,Bachelors,Bangalore,2016,3,163614.0,3.0
Employee_161,Female,28.0,Bachelors,Bangalore,2014,3,119286.0,4.0
Employee_162,Female,26.0,Bachelors,Bangalore,2013,4,105168.0,1.0
Employee_163,Female,24.0,Masters,New Delhi,2017,2,134844.0,4.0
Employee_164,Male,28.0,Bachelors,Bangalore,2016,3,114330.0,1.0
Employee_165,Male,25.0,Bachelors,Bangalore,2015,3,131319.0,5.0
Employee_166,Male,27.0,Bachelors,Bangalore,2014,5,119860.5,2.0
Employee_167,Male,24.0,Bachelors,Bangalore,2012,2,150672.0,5.0
Employee_168,Male,25.0,Bachelors,Bangalore,2014,3,142236.0,5.0
Employee_169,Male,28.0,Bachelors,Bangalore,2015,3,161307.0,4.0
Employee_170,Male,26.0,Masters,New Delhi,2015,4,91506.0,2.0
Employee_171,Female,28.0,Bachelors,New Delhi,2014,1,110730.0,2.9959276018099548
Employee_172,Male,25.0,Bachelors,Pune,2015,3,128055.0,2.9959276018099548
Employee_173,Female,28.0,Masters,Pune,2015,2,110892.0,3.0
Employee_174,Female,27.0,Bachelors,Bangalore,2014,5,159966.0,1.0
Employee_175,Male,26.0,Bachelors,Bangalore,2013,4,152616.0,2.9959276018099548
Employee_176,Male,26.0,Bachelors,Bangalore,2016,4,90618.0,5.0
Employee_177,Male,25.0,Bachelors,Bangalore,2012,3,154554.0,5.0
Employee_178,Male,25.0,Bachelors,Bangalore,2015,3,157083.0,5.0
Employee_179,Female,24.0,Bachelors,New Delhi,2014,2,162315.0,2.0
Employee_180,Male,27.0,Bachelors,Bangalore,2012,5,160257.0,1.0
Employee_181,Male,27.0,Masters,New Delhi,2017,5,143604.0,4.0
Employee_182,Male,27.0,Bachelors,Pune,2015,5,162726.0,2.0
Employee_183,Male,24.0,Bachelors,Bangalore,2018,2,137802.0,3.0
Employee_184,Male,28.0,Masters,New Delhi,2017,5,141741.0,4.0
Employee_185,Female,28.0,Masters,New Delhi,2017,1,98348.0,4.0
Employee_186,Male,24.0,Masters,Pune,2017,2,107584.0,4.0
Employee_187,Female,25.0,Masters,New Delhi,2016,3,116265.0,5.0
Employee_188,Female,28.0,PHD,New Delhi,2015,1,154500.0,4.0
Employee_189,Male,26.0,Bachelors,New Delhi,2017,4,84766.0,1.0
Employee_190,Male,27.0,Bachelors,Bangalore,2013,5,104806.0,4.0
Employee_191,Male,26.0,Bachelors,Bangalore,2015,4,144423.0,5.0
Employee_192,Male,26.0,Bachelors,Bangalore,2015,4,134460.0,4.0
Employee_193,Male,28.0,Bachelors,Bangalore,2013,1,112722.0,3.0
Employee_194,Female,28.0,Bachelors,Bangalore,2015,5,109122.0,3.0
Employee_195,Female,25.0,Bachelors,New Delhi,2013,3,159828.0,5.0
Employee_196,Male,28.0,Bachelors,Pune,2013,1,95034.0,1.0
Employee_197,Male,24.0,Bachelors,Pune,2017,2,148878.0,1.0
Employee_198,Female,27.0,Bachelors,New Delhi,2013,5,153060.0,2.0
Employee_199,Male,28.0,Bachelors,Bangalore,2015,2,93177.0,5.0
Employee_200,Male,28.0,Bachelors,Pune,2015,3,159156.0,2.9959276018099548
Employee_201,Female,25.0,Bachelors,Pune,2014,3,119860.5,5.0
Employee_202,Male,25.0,Bachelors,Bangalore,2014,3,138594.0,2.0
Employee_203,Male,27.0,Bachelors,Bangalore,2017,5,119742.0,5.0
Employee_204,Female,26.0,Bachelors,Pune,2014,4,115780.0,5.0
Employee_205,Male,24.0,PHD,New Delhi,2013,2,148623.0,2.0
Employee_206,Female,26.0,Bachelors,Pune,2015,4,104598.0,1.0
Employee_207,Male,25.0,Bachelors,Bangalore,2017,3,122451.0,4.0
Employee_208,Male,27.0,Masters,Pune,2013,5,81842.0,2.0
Employee_209,Male,28.0,Masters,Bangalore,2017,2,119367.0,3.0
Employee_210,Male,25.0,Bachelors,Bangalore,2012,3,138936.0,1.0
Employee_211,Male,27.0,Bachelors,Bangalore,2017,5,123756.0,3.0
Employee_212,Female,27.0,Masters,Pune,2017,5,65386.0,1.0
Employee_213,Female,28.0,Masters,Bangalore,2013,2,118934.0,4.0
Employee_214,Male,28.0,Masters,Pune,2017,1,179169.0,4.0
Employee_215,Female,27.0,Bachelors,Bangalore,2018,5,131793.0,5.0
Employee_216,Female,25.0,Bachelors,New Delhi,2014,3,100881.0,3.0
Employee_217,Male,27.0,Masters,New Delhi,2017,5,167817.0,1.0
Employee_218,Male,26.0,Masters,New Delhi,2013,4,138471.0,4.0
Employee_219,Female,25.0,Bachelors,Pune,2013,3,80346.0,2.0
Employee_220,Male,26.0,Masters,New Delhi,2012,4,155502.0,4.0
Employee_221,Male,25.0,Bachelors,Bangalore,2016,3,144141.0,2.0
Employee_222,Male,26.0,Bachelors,Pune,2013,4,112210.0,2.9959276018099548
Employee_223,Female,28.0,Bachelors,Bangalore,2018,2,120690.0,4.0
Employee_224,Male,27.0,Bachelors,Bangalore,2013,5,137121.0,4.0
Employee_225,Female,24.0,Bachelors,Pune,2015,2,119860.5,1.0
Employee_226,Male,28.0,Bachelors,Pune,2013,2,124482.0,4.0
Employee_227,Female,27.0,Bachelors,Pune,2015,5,113626.0,2.0
Employee_228,Male,25.0,Bachelors,Bangalore,2018,3,161328.0,4.0
Employee_229,Female,27.0,Bachelors,Pune,2014,5,62612.0,3.0
Employee_230,Male,24.0,Bachelors,Pune,2013,2,175815.0,5.0
Employee_231,Male,24.0,Bachelors,Pune,2014,2,110328.0,2.0
Employee_232,Female,25.0,PHD,New Delhi,2015,3,114502.0,3.0
Employee_233,Male,26.0,Bachelors,Bangalore,2014,4,178932.0,1.0
Employee_234,Male,24.0,Bachelors,Bangalore,2018,2,156744.0,2.0
Employee_235,Female,25.0,Masters,Pune,2015,3,78948.0,5.0
Employee_236,Male,24.0,Bachelors,Bangalore,2015,2,112578.0,5.0
Employee_237,Female,24.0,Bachelors,New Delhi,2014,2,165855.0,1.0
Employee_238,Female,26.0,Masters,Bangalore,2017,4,103918.0,1.0
Employee_239,Male,28.0,Bachelors,New Delhi,2012,1,106590.0,2.0
Employee_240,Female,26.0,Masters,Pune,2017,4,118640.0,4.0
Employee_241,Male,25.0,Bachelors,Pune,2016,3,152391.0,1.0
Employee_242,Male,24.0,Bachelors,New Delhi,2017,2,101244.0,4.0
Employee_243,Female,28.0,Bachelors,Pune,2013,3,87090.0,3.0
Employee_244,Female,25.0,Bachelors,Bangalore,2014,3,178065.0,5.0
Employee_245,Male,25.0,Bachelors,Bangalore,2014,3,91989.0,4.0
Employee_246,Female,24.0,Bachelors,Pune,2014,2,63996.0,5.0
Employee_247,Male,28.0,Bachelors,Bangalore,2015,2,113982.0,4.0
Employee_248,Male,27.0,Bachelors,Bangalore,2015,5,174063.0,2.9959276018099548
Employee_249,Male,26.0,Bachelors,Pune,2016,4,174957.0,1.0
Employee_250,Female,26.0,Masters,New Delhi,2015,4,143637.0,3.0
Employee_251,Female,28.0,Bachelors,Bangalore,2016,2,33304.0,1.0
Employee_252,Male,25.0,Bachelors,Bangalore,2014,3,150441.0,1.0
Employee_253,Male,27.0,Bachelors,Bangalore,2014,5,154848.0,5.0
Employee_254,Male,28.0,Bachelors,Bangalore,2017,2,144711.0,3.0
Employee_255,Female,24.0,Masters,New Delhi,2018,2,131424.0,4.0
Employee_256,Male,25.0,Bachelors,Pune,2017,3,119860.5,3.0
Employee_257,Female,24.0,Bachelors,Pune,2018,2,118470.0,5.0
Employee_258,Female,28.0,Masters,New Delhi,2017,1,95350.0,1.0
Employee_259,Female,27.0,Bachelors,New Delhi,2013,5,49965.0,5.0
Employee_260,Female,27.0,Bachelors,New Delhi,2017,5,83298.0,2.0
Employee_261,Male,28.0,Bachelors,Bangalore,2017,1,119860.5,2.0
Employee_262,Female,28.0,Bachelors,Pune,2016,5,107328.0,4.0
Employee_263,Male,24.0,Masters,Bangalore,2018,2,94908.0,5.0
Employee_264,Male,26.0,Bachelors,Pune,2012,4,50080.0,4.0
Employee_265,Male,26.0,Bachelors,Bangalore,2016,4,172725.0,4.0
Employee_266,Male,27.0,Masters,New Delhi,2016,5,57728.0,2.0
Employee_267,Female,26.0,Bachelors,New Delhi,2015,4,141246.0,2.9959276018099548
Employee_268,Male,27.0,Bachelors,Bangalore,2012,5,170208.0,2.0
Employee_269,Male,24.0,Bachelors,Bangalore,2013,2,176019.0,1.0
Employee_270,Female,26.0,Bachelors,Bangalore,2018,4,104211.0,5.0
Employee_271,Female,26.0,Masters,Pune,2017,4,89110.0,4.0
Employee_272,Female,28.0,Masters,New Delhi,2017,2,87754.0,2.0
Employee_273,Male,28.0,Bachelors,Pune,2013,1,92562.0,3.0
Employee_274,Male,25.0,Masters,New Delhi,2013,3,1219010.963800905,4.0
Employee_275,Female,28.0,Bachelors,Bangalore,2018,1,107565.0,1.0
Employee_276,Female,27.0,Bachelors,Pune,2013,5,112176.0,1.0
Employee_277,Male,25.0,Bachelors,Bangalore,2012,3,158736.0,3.0
Employee_278,Male,28.0,Bachelors,Bangalore,2014,1,174150.0,2.0
Employee_279,Female,28.0,Bachelors,New Delhi,2017,3,131847.0,4.0
Employee_280,Male,28.0,Masters,New Delhi,2017,2,103266.0,2.0
Employee_281,Male,25.0,Bachelors,Bangalore,2014,3,154668.0,1.0
Employee_282,Male,26.0,Masters,New Delhi,2017,4,144273.0,2.0
Employee_283,Female,28.0,Bachelors,Pune,2015,3,57353.0,1.0
Employee_284,Male,27.0,Masters,New Delhi,2013,5,107373.0,2.0
Employee_285,Female,24.0,PHD,Bangalore,2014,2,168927.0,3.0
Employee_286,Female,27.0,Masters,New Delhi,2017,5,103838.0,2.9959276018099548
Employee_287,Male,26.0,Bachelors,Bangalore,2018,4,104793.0,3.0
Employee_288,Male,26.0,Bachelors,Bangalore,2012,4,149682.0,3.0
Employee_289,Female,27.0,Masters,Pune,2015,5,90606.0,5.0
Employee_290,Male,26.0,Bachelors,Bangalore,2018,4,124341.0,5.0
Employee_291,Male,24.0,Bachelors,Bangalore,2016,2,119860.5,4.0
Employee_292,Female,25.0,Masters,New Delhi,2017,3,85376.0,4.0
Employee_293,Male,28.0,Bachelors,New Delhi,2017,1,110684.0,3.0
Employee_294,Female,27.0,Bachelors,New Delhi,2012,5,103167.0,3.0
Employee_295,Male,26.0,Masters,New Delhi,2013,4,96981.0,1.0
Employee_296,Female,26.0,Bachelors,Bangalore,2015,4,114012.0,1.0
Employee_297,Male,28.0,Bachelors,Pune,2014,2,147945.0,4.0
Employee_298,Female,24.0,Bachelors,Bangalore,2016,2,113331.0,4.0
Employee_299,Male,28.0,Bachelors,Bangalore,2012,3,90591.0,1.0
Employee_300,Male,27.0,Bachelors,Bangalore,2012,5,160527.0,1.0
Employee_301,Male,28.0,Bachelors,Bangalore,2013,4,95790.0,2.0
Employee_302,Female,28.0,Bachelors,New Delhi,2014,1,125322.0,2.0
Employee_303,Female,27.0,Bachelors,New Delhi,2014,5,135261.0,1.0
Employee_304,Female,26.0,Bachelors,Pune,2015,4,158013.0,2.0
Employee_305,Male,28.0,Masters,New Delhi,2014,4,165552.0,5.0
Employee_306,Female,25.0,PHD,New Delhi,2015,3,173544.0,4.0
Employee_307,Male,25.0,Masters,New Delhi,2015,3,118017.0,4.0
Employee_308,Male,27.0,Bachelors,Pune,2012,5,151998.0,1.0
Employee_309,Female,24.0,Masters,New Delhi,2017,2,83178.0,3.0
Employee_310,Male,24.0,Bachelors,Bangalore,2016,2,146685.0,1.0
Employee_311,Female,28.0,Masters,Pune,2015,2,137124.0,2.0
Employee_312,Female,24.0,Bachelors,Bangalore,2017,2,169110.0,3.0
Employee_313,Male,25.0,Bachelors,Pune,2017,3,141129.0,2.9959276018099548
Employee_314,Male,25.0,Bachelors,Bangalore,2017,3,119860.5,5.0
Employee_315,Female,28.0,Masters,Pune,2015,2,160446.0,2.0
Employee_316,Male,26.0,Bachelors,Pune,2017,4,132729.0,5.0
Employee_317,Male,24.0,Bachelors,Pune,2014,2,109638.0,5.0
Employee_318,Female,25.0,Bachelors,Pune,2014,3,167835.0,2.0
Employee_319,Female,26.0,Bachelors,Pune,2018,4,95958.0,2.0
Employee_320,Male,27.0,Bachelors,Bangalore,2016,5,115014.0,5.0
Employee_321,Female,28.0,Bachelors,Bangalore,2017,2,124233.0,3.0
Employee_322,Male,28.0,Bachelors,Pune,2012,2,98733.0,5.0
Employee_323,Female,24.0,Masters,New Delhi,2012,2,119860.5,4.0
Employee_324,Male,26.0,Bachelors,Bangalore,2013,4,144681.0,5.0
Employee_325,Female,26.0,Bachelors,New Delhi,2015,4,116040.0,3.0
Employee_326,Male,28.0,Bachelors,Bangalore,2017,1,148080.0,4.0
Employee_327,Male,25.0,Bachelors,Pune,2018,3,145029.0,1.0
Employee_328,Male,24.0,Masters,New Delhi,2017,2,107277.0,1.0
Employee_329,Male,28.0,Bachelors,Bangalore,2013,2,159234.0,3.0
Employee_330,Male,24.0,Bachelors,Bangalore,2017,2,97155.0,5.0
Employee_331,Female,25.0,Masters,New Delhi,2017,3,82222.0,2.0
Employee_332,Female,28.0,Bachelors,Pune,2013,1,69472.0,3.0
Employee_333,Female,24.0,Bachelors,Bangalore,2015,2,95406.0,4.0
Employee_334,Male,26.0,Bachelors,Pune,2016,4,114465.0,4.0
Employee_335,Female,27.0,Bachelors,New Delhi,2015,5,76240.0,1.0
Employee_336,Female,24.0,Bachelors,Bangalore,2018,2,109848.0,4.0
Employee_337,Female,28.0,Bachelors,Bangalore,2013,5,132771.0,3.0
Employee_338,Male,24.0,Bachelors,Bangalore,2013,2,133458.0,2.9959276018099548
Employee_339,Female,24.0,Bachelors,Bangalore,2013,2,155754.0,3.0
Employee_340,Male,27.0,Bachelors,Bangalore,2013,5,151335.0,2.0
Employee_341,Female,26.0,Bachelors,Bangalore,2017,4,173835.0,1.0
Employee_342,Female,24.0,Bachelors,Bangalore,2015,2,139938.0,4.0
Employee_343,Female,24.0,Bachelors,Pune,2012,2,132225.0,2.9959276018099548
Employee_344,Male,24.0,Bachelors,Bangalore,2016,2,158013.0,5.0
Employee_345,Male,28.0,Bachelors,Bangalore,2012,3,165597.0,1.0
Employee_346,Male,28.0,Bachelors,New Delhi,2017,5,78416.0,2.0
Employee_347,Female,27.0,Bachelors,Pune,2012,5,92742.0,3.0
Employee_348,Male,27.0,Masters,Pune,2017,5,83670.0,2.0
Employee_349,Male,24.0,Bachelors,Pune,2017,2,86336.0,2.0
Employee_350,Female,26.0,Bachelors,Pune,2016,4,32049.0,4.0
Employee_351,Female,26.0,Bachelors,Pune,2015,4,106269.0,4.0
Employee_352,Male,25.0,Bachelors,Bangalore,2016,3,133767.0,3.0
Employee_353,Male,26.0,Bachelors,Pune,2012,4,174897.0,5.0
Employee_354,Male,28.0,Bachelors,Bangalore,2017,2,152796.0,3.0
Employee_355,Male,25.0,Bachelors,Bangalore,2012,3,148476.0,5.0
Employee_356,Female,25.0,Bachelors,Bangalore,2017,3,179565.0,2.0
Employee_357,Male,26.0,Masters,Pune,2017,4,117332.0,1.0
Employee_358,Male,28.0,Masters,Pune,2017,1,111474.0,3.0
Employee_359,Female,25.0,Masters,Pune,2015,3,80496.0,3.0
Employee_360,Female,26.0,Bachelors,New Delhi,2017,4,74800.0,5.0
Employee_361,Male,26.0,Bachelors,New Delhi,2017,4,99108.0,2.0
Employee_362,Male,27.0,Bachelors,Bangalore,2016,5,119860.5,2.0
Employee_363,Female,27.0,Bachelors,New Delhi,2017,5,135453.0,2.9959276018099548
Employee_364,Female,24.0,Bachelors,New Delhi,2015,2,145917.0,2.0
Employee_365,Female,26.0,Masters,Bangalore,2017,4,31154.0,4.0
Employee_366,Female,28.0,Bachelors,New Delhi,2017,2,34499.0,1.0
Employee_367,Male,24.0,Bachelors,Bangalore,2015,2,108885.0,3.0
Employee_368,Female,25.0,Masters,Pune,2015,3,105162.0,1.0
Employee_369,Female,25.0,Bachelors,Bangalore,2014,3,173301.0,3.0
Employee_370,Male,28.0,Bachelors,Bangalore,2014,2,168816.0,4.0
Employee_371,Male,28.0,Bachelors,Bangalore,2017,3,126549.0,2.0
Employee_372,Male,27.0,Masters,New Delhi,2015,5,59299.0,2.9959276018099548
Employee_373,Female,26.0,Bachelors,Pune,2014,4,42874.0,4.0
Employee_374,Male,25.0,Masters,Bangalore,2018,3,144096.0,2.9959276018099548
Employee_375,Female,28.0,Bachelors,Bangalore,2016,3,106617.0,5.0
Employee_376,Female,26.0,Bachelors,New Delhi,2018,4,118911.0,2.0
Employee_377,Female,24.0,Bachelors,Pune,2015,2,101166.0,4.0
Employee_378,Male,27.0,Bachelors,Bangalore,2017,5,175497.0,5.0
Employee_379,Male,26.0,Bachelors,Bangalore,2014,4,164487.0,4.0
Employee_380,Male,24.0,Bachelors,Bangalore,2014,2,136758.0,4.0
Employee_381,Male,28.0,Bachelors,Bangalore,2016,2,173277.0,2.0
Employee_382,Female,25.0,Bachelors,Pune,2015,3,65114.0,3.0
Employee_383,Male,27.0,Bachelors,Pune,2013,5,106776.0,5.0
Employee_384,Male,28.0,Bachelors,Bangalore,2015,3,139446.0,2.0
Employee_385,Male,26.0,Bachelors,Bangalore,2014,4,96600.0,4.0
Employee_386,Male,24.0,Bachelors,Bangalore,2012,2,132516.0,2.0
Employee_387,Male,27.0,Bachelors,Bangalore,2013,5,98883.0,3.0
Employee_388,Female,26.0,Bachelors,Bangalore,2015,4,132621.0,5.0
Employee_389,Male,28.0,Bachelors,Pune,2015,2,154071.0,3.0
Employee_390,Female,24.0,Bachelors,New Delhi,2014,2,101634.0,1.0
Employee_391,Male,24.0,Bachelors,Bangalore,2013,2,125907.0,5.0
Employee_392,Male,28.0,Bachelors,Bangalore,2018,3,98607.0,3.0
Employee_393,Male,27.0,Bachelors,Pune,2015,5,173430.0,4.0
Employee_394,Male,26.0,Bachelors,Pune,2014,4,116734.0,5.0
Employee_395,Male,25.0,Bachelors,Bangalore,2016,3,142020.0,5.0
Employee_396,Male,25.0,PHD,Bangalore,2013,3,131976.0,2.0
Employee_397,Male,25.0,Bachelors,Bangalore,2014,3,175929.0,4.0
Employee_398,Female,28.0,Bachelors,New Delhi,2017,1,109472.0,1.0
Employee_399,Female,26.0,Bachelors,Pune,2015,4,35699.0,3.0
Employee_400,Male,28.0,Masters,New Delhi,2017,4,159984.0,2.0
Employee_401,Male,27.0,Bachelors,Bangalore,2014,5,152631.0,3.0
Employee_402,Female,24.0,Bachelors,New Delhi,2012,2,167628.0,1.0
Employee_403,Male,24.0,Bachelors,New Delhi,2017,2,102590.0,1.0
Employee_404,Male,26.0,Bachelors,Bangalore,2015,4,101961.0,2.9959276018099548
Employee_405,Female,26.0,Bachelors,Bangalore,2012,4,168309.0,2.9959276018099548
Employee_406,Male,28.0,Bachelors,Bangalore,2015,2,157197.0,2.9959276018099548
Employee_407,Male,25.0,Masters,Pune,2014,3,130338.0,4.0
Employee_408,Male,28.0,Bachelors,Bangalore,2015,2,93654.0,4.0
Employee_409,Male,24.0,Bachelors,Pune,2016,2,152640.0,5.0
Employee_410,Female,26.0,Bachelors,Bangalore,2016,4,104205.0,3.0
Employee_411,Female,28.0,Bachelors,Pune,2015,3,82592.0,3.0
Employee_412,Male,25.0,Masters,New Delhi,2013,3,114622.0,1.0
Employee_413,Male,25.0,Bachelors,Pune,2017,3,103665.0,3.0
Employee_414,Female,26.0,Bachelors,Pune,2015,4,78292.0,2.0
Employee_415,Female,26.0,Masters,Bangalore,2015,4,76100.0,1.0
Employee_416,Female,27.0,Bachelors,Pune,2012,5,128271.0,2.0
Employee_417,Male,28.0,Masters,New Delhi,2017,2,119860.5,5.0
Employee_418,Male,25.0,Bachelors,Pune,2016,3,142287.0,4.0
Employee_419,Male,24.0,Bachelors,Bangalore,2016,2,110679.0,5.0
Employee_420,Male,28.0,Bachelors,Pune,2016,1,144231.0,4.0
Employee_421,Female,27.0,Bachelors,New Delhi,2013,5,133119.0,5.0
Employee_422,Male,26.0,Bachelors,New Delhi,2015,4,133695.0,3.0
Employee_423,Male,27.0,Bachelors,Bangalore,2016,5,100308.0,2.0
Employee_424,Male,28.0,Bachelors,Pune,2017,5,77508.0,4.0
Employee_425,Male,27.0,Bachelors,Bangalore,2012,5,122031.0,1.0
Employee_426,Male,25.0,PHD,New Delhi,2018,3,107685.0,2.0
Employee_427,Male,27.0,Bachelors,Pune,2014,5,149214.0,1.0
Employee_428,Female,26.0,Bachelors,Bangalore,2013,4,139827.0,2.0
Employee_429,Female,24.0,Masters,Pune,2017,2,91272.0,2.9959276018099548
Employee_430,Male,28.0,PHD,New Delhi,2016,3,102554.0,5.0
Employee_431,Male,26.0,Masters,New Delhi,2014,4,111066.0,4.0
Employee_432,Male,27.0,Masters,New Delhi,2017,5,78302.0,4.0
Employee_433,Male,27.0,PHD,New Delhi,2013,5,119860.5,2.0
Employee_434,Female,28.0,Masters,New Delhi,2014,1,177372.0,3.0
Employee_435,Male,27.0,Bachelors,Pune,2017,5,172929.0,3.0
Employee_436,Female,26.0,Bachelors,Pune,2015,4,113988.0,1.0
Employee_437,Male,28.0,Masters,Bangalore,2014,4,117021.0,2.9959276018099548
Employee_438,Male,27.0,Masters,Pune,2012,5,128838.0,5.0
Employee_439,Male,26.0,Bachelors,Bangalore,2017,4,162201.0,2.0
Employee_440,Male,27.0,Masters,Pune,2017,5,69284.0,1.0
Employee_441,Male,27.0,Bachelors,Bangalore,2017,5,179661.0,1.0
Employee_442,Male,25.0,Bachelors,Bangalore,2016,3,123936.0,2.0
Employee_443,Male,27.0,Bachelors,Pune,2016,5,113037.0,5.0
Employee_444,Male,25.0,Bachelors,Pune,2014,3,114624.0,1.0
Employee_445,Male,28.0,Bachelors,Bangalore,2017,1,161169.0,5.0
Employee_446,Male,24.0,Masters,Pune,2012,2,167457.0,4.0
Employee_447,Male,25.0,Bachelors,Bangalore,2014,3,145767.0,5.0
Employee_448,Male,25.0,Bachelors,Pune,2013,3,81432.0,3.0
Employee_449,Male,27.0,Bachelors,Pune,2012,5,142359.0,3.0
Employee_450,Male,26.0,Bachelors,Bangalore,2017,4,100332.0,5.0
Employee_451,Male,28.0,Bachelors,Pune,2013,4,122271.0,3.0
Employee_452,Male,24.0,Bachelors,Bangalore,2016,2,133302.0,4.0
Employee_453,Female,25.0,Bachelors,Bangalore,2014,3,93180.0,2.0
Employee_454,Male,25.0,Bachelors,New Delhi,2015,3,146133.0,3.0
Employee_455,Male,24.0,PHD,Pune,2012,2,100260.0,3.0
Employee_456,Male,27.0,Bachelors,Bangalore,2013,5,90903.0,5.0
Employee_457,Male,25.0,Bachelors,Bangalore,2015,3,127404.0,4.0
Employee_458,Male,26.0,Bachelors,Bangalore,2016,4,140970.0,2.0
Employee_459,Female,24.0,Masters,New Delhi,2015,2,148662.0,2.9959276018099548
Employee_460,Male,26.0,Bachelors,Bangalore,2012,4,92097.0,5.0
Employee_461,Male,24.0,Bachelors,Pune,2013,2,119860.5,4.0
Employee_462,Male,24.0,Masters,New Delhi,2017,2,167145.0,2.0
Employee_463,Male,25.0,Bachelors,Bangalore,2014,3,30190.0,4.0
Employee_464,Male,28.0,Bachelors,Bangalore,2018,1,121476.0,2.0
Employee_465,Male,28.0,Bachelors,Bangalore,2017,3,142092.0,4.0
Employee_466,Female,28.0,Masters,Bangalore,2013,2,98925.0,5.0
Employee_467,Male,26.0,Bachelors,Bangalore,2013,4,108306.0,5.0
Employee_468,Male,24.0,Masters,New Delhi,2018,2,47568.0,1.0
Employee_469,Male,25.0,Bachelors,Bangalore,2012,3,149133.0,3.0
Employee_470,Female,27.0,PHD,New Delhi,2013,5,99556.0,4.0
Employee_471,Male,28.0,Masters,New Delhi,2018,2,164109.0,1.0
Employee_472,Male,28.0,Bachelors,Bangalore,2014,3,119860.5,3.0
Employee_473,Male,27.0,Bachelors,Pune,2014,5,95448.0,4.0
Employee_474,Female,24.0,Bachelors,New Delhi,2013,2,156714.0,2.0
Employee_475,Female,28.0,Bachelors,Pune,2015,1,106186.0,2.9959276018099548
Employee_476,Female,26.0,Bachelors,Pune,2015,4,61138.0,5.0
Employee_477,Female,28.0,Bachelors,New Delhi,2017,3,119860.5,1.0
Employee_478,Female,27.0,Masters,Pune,2012,5,95685.0,3.0
Employee_479,Female,25.0,Masters,Pune,2017,3,147351.0,3.0
Employee_480,Male,25.0,Masters,New Delhi,2013,3,67726.0,5.0
Employee_481,Male,27.0,Masters,New Delhi,2017,5,85826.0,4.0
Employee_482,Male,24.0,Bachelors,Bangalore,2017,2,112365.0,2.0
Employee_483,Female,24.0,Bachelors,Pune,2016,2,68028.0,5.0
Employee_484,Female,26.0,Bachelors,Bangalore,2012,4,123279.0,2.0
Employee_485,Male,24.0,Bachelors,Bangalore,2012,2,119860.5,4.0
Employee_486,Male,24.0,Masters,Pune,2017,2,66018.0,3.0
Employee_487,Female,25.0,Bachelors,Pune,2015,3,108380.0,2.0
Employee_488,Female,26.0,Bachelors,New Delhi,2015,4,139614.0,1.0
Employee_489,Male,24.0,Bachelors,Pune,2013,2,119860.5,1.0
Employee_490,Male,25.0,Bachelors,Pune,2013,3,94227.0,5.0
Employee_491,Female,28.0,PHD,New Delhi,2015,1,84498.0,4.0
Employee_492,Male,24.0,Bachelors,Pune,2016,2,92352.0,5.0
Employee_493,Female,24.0,Bachelors,Bangalore,2017,2,173253.0,5.0
Employee_494,Male,27.0,Bachelors,Bangalore,2016,5,114288.0,5.0
Employee_495,Female,25.0,Bachelors,Bangalore,2017,3,112680.0,1.0
Employee_496,Male,27.0,Masters,New Delhi,2014,5,127599.0,1.0
Employee_497,Male,27.0,Bachelors,Bangalore,2016,5,112029.0,5.0
Employee_498,Female,28.0,Bachelors,Bangalore,2016,3,111618.0,1.0
Employee_499,Male,25.0,Bachelors,Pune,2018,3,155940.0,4.0
Employee_500,Male,26.0,Bachelors,Bangalore,2013,4,107403.0,5.0
Employee_501,Male,25.0,Bachelors,New Delhi,2015,3,147570.0,1.0
Employee_502,Female,25.0,Bachelors,New Delhi,2017,3,93842.0,2.0
Employee_503,Male,25.0,Bachelors,Bangalore,2012,3,107958.0,5.0
Employee_504,Female,28.0,Bachelors,New Delhi,2014,2,144675.0,5.0
Employee_505,Female,27.0,Bachelors,New Delhi,2017,5,119184.0,4.0
Employee_506,Male,26.0,Bachelors,Pune,2018,4,121941.0,3.0
Employee_507,Male,28.0,Masters,New Delhi,2014,2,116148.0,3.0
Employee_508,Male,27.0,Bachelors,Bangalore,2013,5,160065.0,4.0
Employee_509,Male,25.0,Masters,Pune,2017,3,156027.0,4.0
Employee_510,Male,28.0,Bachelors,Bangalore,2018,2,148002.0,4.0
Employee_511,Male,24.0,Bachelors,Bangalore,2016,2,163128.0,3.0
Employee_512,Male,24.0,Bachelors,Bangalore,2012,2,126969.0,4.0
Employee_513,Female,28.0,Bachelors,Bangalore,2015,1,104340.0,1.0
Employee_514,Male,24.0,Bachelors,Bangalore,2014,2,176073.0,5.0
Employee_515,Male,27.0,Bachelors,Pune,2013,5,97104.0,5.0
Employee_516,Female,24.0,Bachelors,New Delhi,2016,2,126117.0,2.0
Employee_517,Female,25.0,Bachelors,Bangalore,2012,3,109965.0,2.0
Employee_518,Male,28.0,Bachelors,Pune,2012,3,114519.0,5.0
Employee_519,Male,28.0,Bachelors,Pune,2018,3,103485.0,1.0
Employee_520,Male,27.0,Bachelors,Bangalore,2014,5,122679.0,3.0
Employee_521,Female,27.0,Bachelors,Bangalore,2016,5,166641.0,3.0
Employee_522,Female,24.0,Masters,Pune,2015,2,104772.0,1.0
Employee_523,Female,24.0,Masters,Bangalore,2014,2,158994.0,3.0
Employee_524,Male,25.0,Bachelors,Bangalore,2013,3,167226.0,4.0
Employee_525,Male,24.0,Masters,New Delhi,2017,2,130209.0,5.0
Employee_526,Male,25.0,Bachelors,Bangalore,2015,3,129363.0,5.0
Employee_527,Male,24.0,Bachelors,Bangalore,2017,2,156909.0,1.0
Employee_528,Male,28.0,Bachelors,New Delhi,2017,3,81932.0,3.0
Employee_529,Male,28.0,Bachelors,Bangalore,2016,2,169674.0,2.0
Employee_530,Male,24.0,PHD,New Delhi,2014,2,92559.0,2.0
Employee_531,Female,26.0,Masters,New Delhi,2017,4,101060.0,3.0
Employee_532,Male,25.0,Masters,New Delhi,2018,3,174936.0,2.0
Employee_533,Male,28.0,Bachelors,Bangalore,2014,3,150459.0,2.9959276018099548
Employee_534,Male,25.0,Bachelors,Bangalore,2014,3,140874.0,1.0
Employee_535,Female,28.0,Bachelors,New Delhi,2018,3,173511.0,3.0
Employee_536,Male,25.0,Masters,New Delhi,2017,3,95064.0,2.0
Employee_537,Male,28.0,Masters,New Delhi,2013,2,158031.0,1.0
Employee_538,Male,26.0,Bachelors,Bangalore,2014,4,158523.0,1.0
Employee_539,Female,25.0,Masters,New Delhi,2017,3,107786.0,4.0
Employee_540,Female,25.0,Masters,New Delhi,2013,3,119721.0,4.0
Employee_541,Male,25.0,Bachelors,Bangalore,2016,3,104331.0,1.0
Employee_542,Male,24.0,Bachelors,Bangalore,2018,2,178527.0,3.0
Employee_543,Male,28.0,Masters,New Delhi,2017,4,100476.0,5.0
Employee_544,Male,24.0,Bachelors,Bangalore,2013,2,179247.0,5.0
Employee_545,Male,28.0,Bachelors,Bangalore,2013,2,136014.0,1.0
Employee_546,Female,28.0,Masters,Pune,2015,2,97473.0,1.0
Employee_547,Female,27.0,Bachelors,Pune,2015,5,114472.0,1.0
Employee_548,Female,27.0,Masters,Pune,2014,5,90656.0,2.9959276018099548
Employee_549,Male,27.0,Bachelors,New Delhi,2017,5,89198.0,4.0
Employee_550,Male,26.0,Bachelors,Bangalore,2012,4,148524.0,1.0
Employee_551,Female,27.0,Masters,Pune,2015,5,119860.5,1.0
Employee_552,Male,28.0,Bachelors,Bangalore,2013,3,33051.0,2.0
Employee_553,Female,26.0,Bachelors,Pune,2012,4,91958.0,3.0
Employee_554,Male,27.0,Bachelors,Bangalore,2013,5,139164.0,1.0
Employee_555,Male,25.0,Masters,New Delhi,2017,3,103212.0,2.0
Employee_556,Male,27.0,Bachelors,Bangalore,2017,5,155097.0,5.0
Employee_557,Male,24.0,Bachelors,Bangalore,2012,2,153759.0,1.0
Employee_558,Male,26.0,Bachelors,New Delhi,2017,4,92628.0,1.0
Employee_559,Female,28.0,Bachelors,Bangalore,2014,1,166701.0,2.0
Employee_560,Male,25.0,Bachelors,Bangalore,2015,3,160233.0,3.0
Employee_561,Female,28.0,Bachelors,Pune,2015,3,68284.0,1.0
Employee_562,Female,24.0,Bachelors,Bangalore,2017,2,135606.0,5.0
Employee_563,Female,27.0,Bachelors,Bangalore,2016,5,110898.0,1.0
Employee_564,Male,25.0,Bachelors,Bangalore,2012,3,111237.0,5.0
Employee_565,Male,25.0,Masters,Pune,2018,3,113961.0,4.0
Employee_566,Male,26.0,Bachelors,Pune,2015,4,110397.0,4.0
Employee_567,Male,26.0,Bachelors,Pune,2014,4,176820.0,5.0
Employee_568,Male,27.0,PHD,New Delhi,2017,5,103395.0,3.0
Employee_569,Male,26.0,Bachelors,Bangalore,2012,4,141057.0,1.0
Employee_570,Male,26.0,Bachelors,Bangalore,2016,4,130251.0,1.0
Employee_571,Female,28.0,Bachelors,New Delhi,2017,2,144231.0,4.0
Employee_572,Female,25.0,Bachelors,Pune,2014,3,168774.0,5.0
Employee_573,Male,28.0,Bachelors,Bangalore,2013,3,153408.0,1.0
Employee_574,Male,25.0,Bachelors,Bangalore,2017,3,114933.0,1.0
Employee_575,Male,27.0,Bachelors,Bangalore,2018,5,141642.0,3.0
Employee_576,Male,26.0,Bachelors,Bangalore,2017,4,132294.0,2.0
Employee_577,Female,25.0,Bachelors,Pune,2017,3,116502.0,4.0
Employee_578,Female,26.0,Bachelors,Pune,2017,4,70354.0,4.0
Employee_579,Male,28.0,Bachelors,Pune,2015,3,132786.0,2.0
Employee_580,Male,26.0,Masters,Pune,2017,4,111890.0,1.0
Employee_581,Female,28.0,Masters,New Delhi,2015,2,165948.0,3.0
Employee_582,Male,25.0,Bachelors,New Delhi,2012,3,76616.0,3.0
Employee_583,Female,25.0,Bachelors,Bangalore,2016,3,107847.0,4.0
Employee_584,Female,26.0,Masters,New Delhi,2017,4,98444.0,3.0
Employee_585,Male,25.0,Bachelors,Bangalore,2014,3,119860.5,2.0
Employee_586,Male,25.0,Bachelors,Bangalore,2014,3,161832.0,1.0
Employee_587,Male,28.0,PHD,Bangalore,2018,4,95793.0,2.0
Employee_588,Male,26.0,Bachelors,Pune,2016,4,117612.0,5.0
Employee_589,Male,27.0,Bachelors,Bangalore,2014,5,144144.0,4.0
Employee_590,Male,25.0,Bachelors,Bangalore,2012,3,93243.0,3.0
Employee_591,Female,26.0,Masters,Pune,2012,4,118610.0,5.0
Employee_592,Male,27.0,Masters,New Delhi,2016,5,140688.0,3.0
Employee_593,Male,28.0,PHD,Bangalore,2017,1,172275.0,1.0
Employee_594,Male,27.0,Bachelors,Bangalore,2014,5,130221.0,1.0
Employee_595,Male,26.0,Bachelors,Pune,2018,4,113415.0,1.0
Employee_596,Male,27.0,Bachelors,Bangalore,2018,5,35237.0,3.0
Employee_597,Male,24.0,Bachelors,Pune,2016,2,140829.0,5.0
Employee_598,Male,25.0,Bachelors,Bangalore,2012,3,150168.0,1.0
Employee_599,Male,27.0,Bachelors,Bangalore,2017,5,128325.0,5.0
Employee_600,Male,28.0,Bachelors,Bangalore,2016,2,119860.5,3.0
Employee_601,Male,27.0,Bachelors,New Delhi,2017,5,92488.0,5.0
Employee_602,Male,25.0,Bachelors,Bangalore,2013,3,129552.0,3.0
Employee_603,Male,28.0,Bachelors,Bangalore,2013,1,100029.0,2.9959276018099548
Employee_604,Female,28.0,Bachelors,Bangalore,2018,3,130500.0,4.0
Employee_605,Male,27.0,Bachelors,Bangalore,2016,5,151362.0,3.0
Employee_606,Female,28.0,Masters,Pune,2015,3,118750.0,3.0
Employee_607,Female,24.0,Masters,New Delhi,2015,2,118986.0,2.0
Employee_608,Male,24.0,Bachelors,New Delhi,2017,2,140892.0,1.0
Employee_609,Female,24.0,Bachelors,Pune,2015,2,90250.0,4.0
Employee_610,Male,28.0,Masters,Pune,2013,2,160164.0,4.0
Employee_611,Female,27.0,Bachelors,Pune,2017,5,170610.0,4.0
Employee_612,Male,26.0,Bachelors,Pune,2014,4,114390.0,2.0
Employee_613,Male,26.0,Bachelors,Bangalore,2016,4,148593.0,3.0
Employee_614,Female,26.0,Bachelors,Pune,2014,4,50633.0,1.0
Employee_615,Male,28.0,Bachelors,Pune,2015,3,95037.0,5.0
Employee_616,Male,26.0,Bachelors,Bangalore,2012,4,100518.0,3.0
Employee_617,Male,26.0,Bachelors,New Delhi,2017,4,86568.0,2.0
Employee_618,Female,26.0,Masters,New Delhi,2017,4,74506.0,3.0
Employee_619,Male,26.0,Bachelors,Bangalore,2016,4,147384.0,3.0
Employee_620,Male,26.0,Bachelors,Bangalore,2013,4,173796.0,2.0
Employee_621,Male,28.0,Bachelors,Bangalore,2014,3,119860.5,2.9959276018099548
Employee_622,Female,28.0,Bachelors,New Delhi,2014,3,118305.0,4.0
Employee_623,Female,25.0,Bachelors,Pune,2014,3,154716.0,1.0
Employee_624,Male,28.0,Bachelors,Pune,2016,3,123930.0,1.0
Employee_625,Male,27.0,Masters,Bangalore,2017,5,129888.0,4.0
Employee_626,Male,25.0,Bachelors,Bangalore,2015,3,145575.0,5.0
Employee_627,Male,27.0,Bachelors,Pune,2014,5,129735.0,3.0
Employee_628,Male,28.0,Bachelors,Pune,2012,3,172905.0,5.0
Employee_629,Male,26.0,Masters,Pune,2017,4,177372.0,3.0
Employee_630,Male,25.0,Bachelors,Bangalore,2013,3,179697.0,4.0
Employee_631,Female,28.0,Bachelors,Pune,2015,2,82302.0,1.0
Employee_632,Male,26.0,PHD,Bangalore,2013,4,119860.5,1.0
Employee_633,Male,27.0,Masters,Pune,2012,5,159003.0,5.0
Employee_634,Male,28.0,Bachelors,Bangalore,2016,2,32479.0,1.0
Employee_635,Male,27.0,Bachelors,Bangalore,2017,5,158604.0,4.0
Employee_636,Male,25.0,Bachelors,Bangalore,2017,3,177666.0,5.0
Employee_637,Female,24.0,Masters,New Delhi,2017,2,112422.0,3.0
Employee_638,Female,25.0,Bachelors,Bangalore,2015,3,59984.0,1.0
Employee_639,Male,27.0,Bachelors,Bangalore,2018,5,161415.0,2.0
Employee_640,Male,26.0,Bachelors,Bangalore,2014,4,168999.0,1.0
Employee_641,Male,26.0,Bachelors,Bangalore,2018,4,103356.0,3.0
Employee_642,Female,24.0,Bachelors,Pune,2015,2,113292.0,5.0
Employee_643,Male,27.0,Bachelors,Bangalore,2018,5,119860.5,2.9959276018099548
Employee_644,Female,27.0,Bachelors,Bangalore,2016,5,159147.0,2.0
Employee_645,Female,25.0,Masters,New Delhi,2016,3,132207.0,4.0
Employee_646,Male,26.0,Masters,New Delhi,2018,4,98547.0,1.0
Employee_647,Female,24.0,Bachelors,Bangalore,2018,2,173481.0,5.0
Employee_648,Male,28.0,Bachelors,New Delhi,2017,3,74780.0,4.0
Employee_649,Male,27.0,Bachelors,Bangalore,2015,5,159867.0,2.9959276018099548
Employee_650,Male,26.0,Bachelors,Bangalore,2017,4,125766.0,5.0
Employee_651,Male,25.0,Bachelors,Bangalore,2016,3,97467.0,4.0
Employee_652,Male,25.0,Bachelors,Pune,2013,3,119860.5,5.0
Employee_653,Female,25.0,Bachelors,Pune,2015,3,172176.0,2.0
Employee_654,Female,28.0,Bachelors,Bangalore,2014,3,117621.0,2.0
Employee_655,Male,24.0,Bachelors,Pune,2015,2,118620.0,1.0
Employee_656,Female,26.0,Bachelors,Bangalore,2016,4,139092.0,1.0
Employee_657,Male,25.0,Bachelors,Bangalore,2018,3,34611.0,2.0
Employee_658,Female,28.0,Masters,Pune,2017,1,119860.5,5.0
Employee_659,Female,25.0,Bachelors,Pune,2014,3,98446.0,2.0
Employee_660,Male,25.0,Bachelors,Bangalore,2017,3,164733.0,1.0
Employee_661,Female,28.0,Bachelors,Bangalore,2016,3,107634.0,2.0
Employee_662,Female,28.0,Bachelors,Bangalore,2014,2,177504.0,2.0
Employee_663,Male,28.0,Masters,New Delhi,2017,2,92694.0,5.0
Employee_664,Female,24.0,Bachelors,New Delhi,2017,2,110942.0,4.0
Employee_665,Male,25.0,PHD,New Delhi,2013,3,105374.0,1.0
Employee_666,Male,24.0,Bachelors,Bangalore,2017,2,174366.0,5.0
Employee_667,Female,26.0,Bachelors,Bangalore,2017,4,92553.0,2.0
Employee_668,Male,25.0,Bachelors,Bangalore,2015,3,48071.0,2.0
Employee_669,Female,26.0,Bachelors,Bangalore,2016,4,169521.0,4.0
Employee_670,Male,28.0,PHD,New Delhi,2014,2,110499.0,1.0
Employee_671,Female,28.0,Masters,New Delhi,2018,5,125814.0,1.0
Employee_672,Female,27.0,Bachelors,New Delhi,2016,5,97281.0,3.0
Employee_673,Male,25.0,Masters,New Delhi,2017,3,112288.0,1.0
Employee_674,Male,26.0,Bachelors,Bangalore,2017,4,102000.0,4.0
Employee_675,Female,27.0,Bachelors,New Delhi,2016,5,105156.0,3.0
Employee_676,Female,25.0,Bachelors,Pune,2017,3,65476.0,2.9959276018099548
Employee_677,Female,28.0,Bachelors,Pune,2018,1,174222.0,2.0
Employee_678,Female,25.0,Bachelors,Bangalore,2014,3,156348.0,2.0
Employee_679,Male,28.0,Bachelors,Pune,2018,1,106161.0,1.0
Employee_680,Female,26.0,Bachelors,Bangalore,2017,4,38002.0,3.0
Employee_681,Male,24.0,Bachelors,Bangalore,2013,2,106608.0,2.0
Employee_682,Female,26.0,Bachelors,New Delhi,2012,4,130437.0,2.9959276018099548
Employee_683,Male,25.0,Bachelors,Pune,2012,3,101739.0,2.0
Employee_684,Male,24.0,Masters,New Delhi,2013,2,94900.0,2.0
Employee_685,Male,26.0,Bachelors,Pune,2018,4,162321.0,3.0
Employee_686,Female,28.0,Bachelors,New Delhi,2016,2,152292.0,3.0
Employee_687,Male,26.0,Bachelors,Pune,2016,4,121908.0,5.0
Employee_688,Male,24.0,Masters,New Delhi,2014,2,151473.0,4.0
Employee_689,Male,26.0,Bachelors,Bangalore,2013,4,107178.0,3.0
Employee_690,Female,26.0,Bachelors,Pune,2014,4,66746.0,1.0
Employee_691,Male,25.0,Bachelors,Pune,2014,3,126483.0,4.0
Employee_692,Male,27.0,Bachelors,Pune,2013,5,171366.0,4.0
Employee_693,Male,27.0,Bachelors,Bangalore,2018,5,119860.5,3.0
Employee_694,Female,25.0,Bachelors,Bangalore,2015,3,96246.0,4.0
Employee_695,Male,26.0,Bachelors,Pune,2016,4,172050.0,3.0
Employee_696,Female,27.0,Bachelors,Pune,2015,5,114944.0,2.0
Employee_697,Male,26.0,Bachelors,Bangalore,2017,4,176283.0,5.0
Employee_698,Female,26.0,Masters,Pune,2017,4,110702.0,2.0
Employee_699,Female,27.0,Bachelors,New Delhi,2017,5,159396.0,3.0
Employee_700,Male,24.0,Masters,Pune,2017,2,46281.0,3.0
Employee_701,Female,26.0,Masters,New Delhi,2017,4,90610.0,2.0
Employee_702,Male,27.0,Bachelors,Bangalore,2015,5,119451.0,1.0
Employee_703,Male,26.0,Bachelors,Bangalore,2015,4,123783.0,1.0
Employee_704,Male,24.0,Masters,Pune,2017,2,60834.0,1.0
Employee_705,Female,28.0,Bachelors,Bangalore,2017,4,164070.0,3.0
Employee_706,Male,26.0,Bachelors,Bangalore,2014,4,116424.0,4.0
Employee_707,Male,28.0,Bachelors,Bangalore,2015,1,151074.0,3.0
Employee_708,Male,24.0,Masters,New Delhi,2017,2,66534.0,4.0
Employee_709,Female,25.0,Bachelors,Pune,2013,3,119860.5,2.0
Employee_710,Male,27.0,Masters,Bangalore,2013,5,162156.0,5.0
Employee_711,Male,27.0,Bachelors,Bangalore,2017,5,107235.0,4.0
Employee_712,Female,28.0,Bachelors,New Delhi,2015,2,112184.0,1.0
Employee_713,Female,24.0,Bachelors,Pune,2014,2,82676.0,3.0
Employee_714,Female,27.0,Bachelors,Pune,2016,5,60824.0,2.0
Employee_715,Female,27.0,Bachelors,Bangalore,2017,5,112629.0,1.0
Employee_716,Male,26.0,Bachelors,Bangalore,2016,4,112761.0,2.0
Employee_717,Male,27.0,Bachelors,Pune,2015,5,61456.0,5.0
Employee_718,Male,26.0,Bachelors,Bangalore,2015,4,173772.0,3.0
Employee_719,Male,27.0,Bachelors,Bangalore,2018,5,160644.0,2.9959276018099548
Employee_720,Male,24.0,Bachelors,Bangalore,2016,2,119860.5,5.0
Employee_721,Male,24.0,Bachelors,Bangalore,2014,2,165753.0,3.0
Employee_722,Female,24.0,Bachelors,New Delhi,2013,2,83314.0,4.0
Employee_723,Female,26.0,Bachelors,Bangalore,2012,4,107964.0,2.0
Employee_724,Female,28.0,Bachelors,Pune,2015,2,97776.0,1.0
Employee_725,Male,26.0,Bachelors,Bangalore,2018,4,98901.0,5.0
Employee_726,Female,24.0,Bachelors,Bangalore,2016,2,133581.0,4.0
Employee_727,Male,24.0,Masters,Pune,2017,2,147510.0,1.0
Employee_728,Male,24.0,Masters,Pune,2016,2,138144.0,1.0
Employee_729,Male,28.0,Bachelors,Bangalore,2013,1,142518.0,5.0
Employee_730,Female,28.0,Bachelors,Bangalore,2015,1,50463.0,4.0
Employee_731,Female,24.0,PHD,Bangalore,2018,2,143865.0,1.0
Employee_732,Male,26.0,Bachelors,Bangalore,2016,4,105219.0,1.0
Employee_733,Male,27.0,Bachelors,Bangalore,2013,5,105312.0,4.0
Employee_734,Male,25.0,Bachelors,Bangalore,2013,3,96429.0,3.0
Employee_735,Male,24.0,Masters,New Delhi,2016,2,168789.0,1.0
Employee_736,Female,25.0,Bachelors,New Delhi,2017,3,53190.0,2.0
Employee_737,Male,28.0,Bachelors,Bangalore,2013,3,112071.0,4.0
Employee_738,Male,28.0,Bachelors,Bangalore,2018,1,176124.0,2.9959276018099548
Employee_739,Male,24.0,Bachelors,Bangalore,2017,2,126129.0,5.0
Employee_740,Male,24.0,Masters,New Delhi,2014,2,100320.0,2.0
Employee_741,Male,24.0,PHD,New Delhi,2012,2,150450.0,1.0
Employee_742,Female,25.0,Bachelors,Bangalore,2017,3,119860.5,2.0
Employee_743,Male,27.0,Masters,New Delhi,2014,5,121554.0,2.9959276018099548
Employee_744,Female,27.0,Bachelors,Bangalore,2015,5,133656.0,3.0
Employee_745,Male,25.0,Bachelors,Pune,2014,3,98742.0,2.0
Employee_746,Male,28.0,Bachelors,Bangalore,2012,3,154056.0,3.0
Employee_747,Female,25.0,Bachelors,Bangalore,2012,3,156903.0,4.0
Employee_748,Female,28.0,Bachelors,Bangalore,2015,2,130752.0,3.0
Employee_749,Male,27.0,Bachelors,Pune,2013,5,126432.0,5.0
Employee_750,Female,26.0,Bachelors,Bangalore,2013,4,133191.0,1.0
Employee_751,Male,26.0,Bachelors,Pune,2012,4,77574.0,4.0
Employee_752,Female,28.0,Masters,Bangalore,2017,3,132573.0,4.0
Employee_753,Male,25.0,Bachelors,Bangalore,2015,3,92184.0,5.0
Employee_754,Female,28.0,Bachelors,Bangalore,2012,2,143247.0,3.0
Employee_755,Female,26.0,Bachelors,Pune,2017,4,101752.0,1.0
Employee_756,Female,27.0,Bachelors,Bangalore,2012,5,92094.0,3.0
Employee_757,Male,28.0,Masters,New Delhi,2016,1,111558.0,2.0
Employee_758,Female,28.0,Bachelors,Pune,2015,1,89024.0,3.0
Employee_759,Male,24.0,Masters,Pune,2017,2,131769.0,4.0
Employee_760,Female,28.0,Bachelors,Pune,2015,3,93558.0,1.0
Employee_761,Male,24.0,Bachelors,Bangalore,2014,2,112200.0,3.0
Employee_762,Male,28.0,Bachelors,Bangalore,2016,3,163398.0,1.0
Employee_763,Female,25.0,Bachelors,New Delhi,2016,3,102513.0,1.0
Employee_764,Male,26.0,Masters,New Delhi,2015,4,103080.0,2.0
Employee_765,Female,28.0,Masters,New Delhi,2015,3,97506.0,2.0
Employee_766,Female,24.0,Bachelors,New Delhi,2013,2,56395.0,4.0
Employee_767,Male,28.0,Bachelors,Bangalore,2014,2,119860.5,5.0
Employee_768,Male,26.0,Bachelors,Bangalore,2018,4,147498.0,1.0
Employee_769,Male,26.0,Bachelors,Bangalore,2013,4,119860.5,5.0
Employee_770,Female,25.0,Bachelors,New Delhi,2015,3,174459.0,4.0
Employee_771,Male,28.0,Bachelors,New Delhi,2017,2,106458.0,1.0
Employee_772,Female,25.0,Bachelors,Pune,2016,3,38335.0,1.0
Employee_773,Male,25.0,Masters,New Delhi,2013,3,154092.0,5.0
Employee_774,Female,24.0,Bachelors,Bangalore,2017,2,173148.0,3.0
Employee_775,Female,25.0,Masters,New Delhi,2013,3,160950.0,2.0
Employee_776,Female,28.0,Bachelors,Bangalore,2013,2,34491.0,3.0
Employee_777,Female,27.0,Masters,Bangalore,2014,5,160728.0,5.0
Employee_778,Male,26.0,Bachelors,Bangalore,2013,4,123390.0,2.0
Employee_779,Male,25.0,Bachelors,Bangalore,2016,3,155916.0,3.0
Employee_780,Female,26.0,Bachelors,Pune,2015,4,75302.0,2.9959276018099548
Employee_781,Male,25.0,Bachelors,New Delhi,2017,3,150060.0,1.0
Employee_782,Male,26.0,Bachelors,Bangalore,2013,4,173394.0,3.0
Employee_783,Male,27.0,Bachelors,Pune,2013,5,62334.0,2.0
Employee_784,Female,25.0,Bachelors,Pune,2015,3,114384.0,2.0
Employee_785,Male,25.0,Bachelors,Bangalore,2016,3,93186.0,2.0
Employee_786,Male,25.0,Bachelors,Bangalore,2017,3,145620.0,3.0
Employee_787,Male,28.0,Bachelors,Pune,2016,1,162732.0,4.0
Employee_788,Male,24.0,Bachelors,Bangalore,2018,2,154635.0,3.0
Employee_789,Female,28.0,Masters,Pune,2015,3,155067.0,5.0
Employee_790,Male,26.0,Bachelors,Bangalore,2017,4,123522.0,3.0
Employee_791,Male,26.0,Masters,Pune,2017,4,105850.0,2.0
Employee_792,Female,27.0,Bachelors,New Delhi,2017,5,115740.0,1.0
Employee_793,Female,26.0,Bachelors,Pune,2013,4,69458.0,3.0
Employee_794,Male,24.0,Bachelors,Bangalore,2012,2,118044.0,3.0
Employee_795,Female,28.0,Bachelors,New Delhi,2013,3,161142.0,2.0
Employee_796,Female,24.0,Masters,Pune,2015,2,70668.0,1.0
Employee_797,Male,25.0,Bachelors,Bangalore,2016,3,116772.0,1.0
Employee_798,Male,25.0,Masters,New Delhi,2017,3,68660.0,5.0
Employee_799,Male,26.0,Bachelors,Bangalore,2016,4,163182.0,2.9959276018099548
Employee_800,Male,24.0,Bachelors,Bangalore,2013,2,110403.0,1.0
Employee_801,Male,25.0,Bachelors,Pune,2012,3,69692.0,1.0
Employee_802,Male,24.0,Bachelors,Bangalore,2014,2,110193.0,4.0
Employee_803,Female,27.0,Bachelors,Bangalore,2017,5,119860.5,4.0
Employee_804,Female,27.0,Bachelors,New Delhi,2017,5,160875.0,1.0
Employee_805,Male,27.0,Bachelors,Pune,2013,5,142011.0,5.0
Employee_806,Female,24.0,Bachelors,Pune,2015,2,65078.0,1.0
Employee_807,Female,24.0,Bachelors,Bangalore,2017,2,111168.0,2.0
Employee_808,Female,28.0,PHD,New Delhi,2015,1,124548.0,3.0
Employee_809,Male,27.0,Bachelors,Bangalore,2017,5,124479.0,5.0
Employee_810,Female,28.0,Masters,New Delhi,2017,2,63084.0,2.0
Employee_811,Female,25.0,Bachelors,New Delhi,2017,3,103354.0,5.0
Employee_812,Female,25.0,Bachelors,Pune,2014,3,87928.0,2.0
Employee_813,Female,28.0,Bachelors,New Delhi,2016,3,142725.0,3.0
Employee_814,Female,27.0,Bachelors,Pune,2015,5,72626.0,3.0
Employee_815,Male,25.0,Masters,Pune,2017,3,115138.0,4.0
Employee_816,Female,25.0,Masters,Bangalore,2017,3,106644.0,2.0
Employee_817,Female,24.0,Bachelors,Bangalore,2017,2,147195.0,4.0
Employee_818,Female,26.0,Bachelors,Bangalore,2013,4,167379.0,2.0
Employee_819,Male,24.0,Bachelors,Bangalore,2018,2,143772.0,4.0
Employee_820,Male,28.0,Bachelors,New Delhi,2016,1,157668.0,3.0
Employee_821,Male,24.0,Masters,New Delhi,2017,2,115624.0,5.0
Employee_822,Male,25.0,Bachelors,Bangalore,2017,3,155775.0,4.0
Employee_823,Male,25.0,Bachelors,Bangalore,2017,3,170886.0,2.0
Employee_824,Male,24.0,Bachelors,Bangalore,2017,2,174885.0,2.0
Employee_825,Female,25.0,Masters,New Delhi,2014,3,131421.0,3.0
Employee_826,Female,27.0,Bachelors,Bangalore,2012,5,118740.0,2.0
Employee_827,Female,27.0,Bachelors,New Delhi,2012,5,169296.0,1.0
Employee_828,Male,28.0,Bachelors,Bangalore,2017,2,143247.0,5.0
Employee_829,Male,28.0,Bachelors,Bangalore,2012,3,116073.0,4.0
Employee_830,Female,28.0,Bachelors,Pune,2012,2,168768.0,5.0
Employee_831,Female,24.0,Bachelors,Bangalore,2018,2,165258.0,3.0
Employee_832,Female,24.0,PHD,New Delhi,2016,2,112482.0,4.0
Employee_833,Female,27.0,Masters,New Delhi,2017,5,68624.0,4.0
Employee_834,Female,27.0,Masters,New Delhi,2013,5,62648.0,1.0
Employee_835,Female,26.0,Bachelors,Bangalore,2015,4,167193.0,3.0
Employee_836,Female,28.0,Masters,New Delhi,2015,1,169209.0,2.0
Employee_837,Male,27.0,Bachelors,Bangalore,2014,5,99423.0,1.0
Employee_838,Female,25.0,Bachelors,New Delhi,2013,3,161409.0,1.0
Employee_839,Female,26.0,Bachelors,Bangalore,2015,4,149610.0,5.0
Employee_840,Male,24.0,Bachelors,Pune,2012,2,95430.0,2.9959276018099548
Employee_841,Female,26.0,Bachelors,Bangalore,2012,4,109764.0,5.0
Employee_842,Female,25.0,Masters,Pune,2015,3,98614.0,1.0
Employee_843,Male,24.0,Bachelors,New Delhi,2013,2,105903.0,2.0
Employee_844,Female,27.0,Masters,New Delhi,2017,5,113580.0,4.0
Employee_845,Male,26.0,Masters,Pune,2017,4,119860.5,5.0
Employee_846,Male,27.0,Bachelors,Pune,2014,5,165867.0,2.0
Employee_847,Male,25.0,Bachelors,Bangalore,2018,3,157083.0,3.0
Employee_848,Female,25.0,Bachelors,Bangalore,2014,3,174534.0,5.0
Employee_849,Female,27.0,Bachelors,Pune,2013,5,117420.0,4.0
Employee_850,Male,26.0,Bachelors,Pune,2015,4,136455.0,3.0
Employee_851,Male,24.0,Bachelors,Pune,2017,2,83428.0,3.0
Employee_852,Male,26.0,Masters,New Delhi,2017,4,101304.0,4.0
Employee_853,Male,25.0,Bachelors,Pune,2013,3,69496.0,5.0
Employee_854,Female,25.0,Masters,New Delhi,2017,3,102466.0,1.0
Employee_855,Female,26.0,Bachelors,Pune,2013,4,118305.0,4.0
Employee_856,Male,28.0,Bachelors,Pune,2014,2,101127.0,4.0
Employee_857,Female,27.0,Bachelors,New Delhi,2016,5,166971.0,4.0
Employee_858,Male,28.0,Bachelors,New Delhi,2017,1,106006.0,3.0
Employee_859,Male,27.0,Masters,New Delhi,2014,5,165093.0,2.0
Employee_860,Female,28.0,Bachelors,New Delhi,2014,1,129348.0,1.0
Employee_861,Male,27.0,Bachelors,Bangalore,2015,5,166410.0,5.0
Employee_862,Male,28.0,Bachelors,Bangalore,2015,2,118728.0,5.0
Employee_863,Male,24.0,Bachelors,Bangalore,2018,2,120450.0,2.0
Employee_864,Male,26.0,Bachelors,Pune,2013,4,148368.0,4.0
Employee_865,Female,28.0,Bachelors,Bangalore,2012,2,109590.0,1.0
Employee_866,Male,26.0,Masters,Pune,2017,4,80376.0,5.0
Employee_867,Male,25.0,Masters,New Delhi,2017,3,89366.0,2.9959276018099548
Employee_868,Female,27.0,Bachelors,New Delhi,2016,5,176583.0,4.0
Employee_869,Male,26.0,Bachelors,Bangalore,2012,4,91512.0,2.0
Employee_870,Male,25.0,Bachelors,Pune,2015,3,93642.0,1.0
Employee_871,Female,26.0,Bachelors,New Delhi,2012,4,94593.0,2.0
Employee_872,Male,27.0,Masters,Bangalore,2014,5,174048.0,2.9959276018099548
Employee_873,Male,26.0,Masters,New Delhi,2017,4,107920.0,1.0
Employee_874,Male,26.0,Masters,New Delhi,2012,4,92469.0,1.0
Employee_875,Female,26.0,Bachelors,Pune,2015,4,94624.0,5.0
Employee_876,Male,25.0,Masters,New Delhi,2014,3,105087.0,5.0
Employee_877,Male,28.0,Bachelors,Bangalore,2015,2,130284.0,1.0
Employee_878,Male,27.0,Masters,Pune,2012,5,119860.5,3.0
Employee_879,Male,27.0,Bachelors,Bangalore,2017,5,64210.0,5.0
Employee_880,Male,24.0,Bachelors,Bangalore,2016,2,100881.0,3.0
Employee_881,Male,27.0,Bachelors,Bangalore,2017,5,128916.0,1.0
Employee_882,Male,26.0,Bachelors,Bangalore,2014,4,158100.0,5.0
Employee_883,Female,24.0,Bachelors,Bangalore,2017,2,95556.0,2.0
Employee_884,Male,28.0,Bachelors,Bangalore,2017,1,104730.0,1.0
Employee_885,Male,26.0,Bachelors,Bangalore,2014,4,179532.0,4.0
Employee_886,Female,28.0,Bachelors,Bangalore,2018,3,151677.0,3.0
Employee_887,Female,24.0,Bachelors,New Delhi,2014,2,172527.0,2.9959276018099548
Employee_888,Male,27.0,Bachelors,Bangalore,2017,5,57860.0,1.0
Employee_889,Female,24.0,Bachelors,New Delhi,2015,2,176622.0,5.0
Employee_890,Male,27.0,Bachelors,Bangalore,2017,5,123009.0,5.0
Employee_891,Male,28.0,Bachelors,Pune,2017,3,155196.0,2.9959276018099548
Employee_892,Male,25.0,Bachelors,Bangalore,2014,3,167478.0,4.0
Employee_893,Female,25.0,Bachelors,Bangalore,2017,3,131529.0,5.0
Employee_894,Male,25.0,Bachelors,Bangalore,2018,3,125112.0,1.0
Employee_895,Female,28.0,Bachelors,Bangalore,2013,3,137283.0,5.0
Employee_896,Male,27.0,Bachelors,New Delhi,2017,5,108570.0,2.0
Employee_897,Male,27.0,Bachelors,Bangalore,2013,5,142920.0,5.0
Employee_898,Female,26.0,Masters,New Delhi,2017,4,99520.0,4.0
Employee_899,Male,24.0,Bachelors,Bangalore,2014,2,106935.0,2.0
Employee_900,Male,27.0,Bachelors,Pune,2017,5,179514.0,1.0
Employee_901,Male,27.0,Bachelors,Pune,2012,5,149610.0,1.0
Employee_902,Male,24.0,Bachelors,Pune,2017,2,149904.0,3.0
Employee_903,Male,28.0,Bachelors,Bangalore,2014,3,118764.0,2.0
Employee_904,Male,28.0,Bachelors,Bangalore,2014,3,125487.0,3.0
Employee_905,Male,26.0,Bachelors,Bangalore,2018,4,114159.0,2.0
Employee_906,Male,28.0,Masters,Bangalore,2017,1,99990.0,2.0
Employee_907,Male,27.0,Bachelors,Bangalore,2018,5,147261.0,4.0
Employee_908,Male,28.0,Bachelors,Bangalore,2017,1,115986.0,3.0
Employee_909,Male,25.0,Bachelors,Bangalore,2016,3,163512.0,4.0
Employee_910,Female,24.0,Bachelors,Pune,2013,2,111342.0,2.0
Employee_911,Female,25.0,Bachelors,New Delhi,2018,3,129969.0,1.0
Employee_912,Female,24.0,Bachelors,Bangalore,2014,2,94059.0,2.0
Employee_913,Male,26.0,Bachelors,Bangalore,2012,4,122925.0,4.0
Employee_914,Female,24.0,Masters,New Delhi,2013,2,119860.5,3.0
Employee_915,Male,24.0,Masters,New Delhi,2013,2,51447.0,2.9959276018099548
Employee_916,Male,26.0,Bachelors,Bangalore,2014,4,164799.0,4.0
Employee_917,Male,27.0,Bachelors,Bangalore,2017,5,172785.0,3.0
Employee_918,Male,25.0,Bachelors,New Delhi,2017,3,107918.0,5.0
Employee_919,Female,28.0,Bachelors,Bangalore,2015,1,92001.0,1.0
Employee_920,Male,24.0,Bachelors,Bangalore,2014,2,152556.0,1.0
Employee_921,Female,24.0,PHD,New Delhi,2018,2,179109.0,1.0
Employee_922,Male,28.0,Bachelors,Pune,2015,1,118011.0,3.0
Employee_923,Male,26.0,Bachelors,Bangalore,2015,4,130977.0,3.0
Employee_924,Female,28.0,PHD,Pune,2015,1,106406.0,2.0
Employee_925,Male,25.0,Bachelors,Bangalore,2018,3,176283.0,2.0
Employee_926,Male,26.0,Bachelors,Bangalore,2016,4,101157.0,1.0
Employee_927,Female,28.0,Bachelors,Bangalore,2015,5,147387.0,5.0
Employee_928,Male,24.0,Bachelors,Pune,2017,2,112449.0,2.0
Employee_929,Male,27.0,Bachelors,Bangalore,2014,5,91617.0,2.0
Employee_930,Male,28.0,Masters,New Delhi,2012,2,172065.0,3.0
Employee_931,Male,28.0,Bachelors,Bangalore,2012,3,104892.0,5.0
Employee_932,Female,27.0,Bachelors,Pune,2012,5,117424.0,1.0
Employee_933,Female,27.0,Bachelors,New Delhi,2012,5,69670.0,2.0
Employee_934,Male,27.0,Masters,Bangalore,2012,5,150477.0,5.0
Employee_935,Female,28.0,Bachelors,Bangalore,2018,3,108126.0,5.0
Employee_936,Male,27.0,Masters,Pune,2018,5,134511.0,1.0
Employee_937,Male,28.0,Masters,New Delhi,2017,2,106972.0,2.9959276018099548
Employee_938,Male,27.0,Bachelors,Bangalore,2013,5,111936.0,5.0
Employee_939,Male,28.0,Masters,Bangalore,2017,2,70640.0,5.0
Employee_940,Male,27.0,Bachelors,Pune,2017,5,129648.0,2.0
Employee_941,Female,28.0,Bachelors,Pune,2017,1,157548.0,1.0
Employee_942,Male,28.0,Bachelors,Bangalore,2016,3,162825.0,5.0
Employee_943,Female,26.0,Bachelors,New Delhi,2014,4,171252.0,5.0
Employee_944,Male,25.0,Bachelors,Bangalore,2018,3,98337.0,2.0
Employee_945,Female,26.0,Bachelors,New Delhi,2017,4,141924.0,1.0
Employee_946,Female,26.0,Bachelors,Pune,2015,4,115064.0,3.0
Employee_947,Male,26.0,Bachelors,New Delhi,2017,4,94743.0,2.0
Employee_948,Female,25.0,Bachelors,Bangalore,2012,3,162294.0,1.0
Employee_949,Male,25.0,Bachelors,Bangalore,2017,3,149124.0,5.0
Employee_950,Female,28.0,Bachelors,Bangalore,2013,1,128031.0,1.0
Employee_951,Female,24.0,Bachelors,Pune,2013,2,107139.0,2.9959276018099548
Employee_952,Male,25.0,Bachelors,Bangalore,2014,3,160230.0,1.0
Employee_953,Male,25.0,Masters,New Delhi,2017,3,139917.0,3.0
Employee_954,Female,28.0,Bachelors,Pune,2015,5,69608.0,1.0
Employee_955,Male,28.0,Masters,Pune,2017,3,96444.0,2.9959276018099548
Employee_956,Male,26.0,Masters,New Delhi,2017,4,120408.0,5.0
Employee_957,Female,24.0,Masters,Pune,2017,2,60018.0,3.0
Employee_958,Female,26.0,Masters,Pune,2015,4,119860.5,5.0
Employee_959,Male,26.0,Masters,Pune,2013,4,166119.0,5.0
Employee_960,Male,26.0,Bachelors,Bangalore,2015,4,161379.0,3.0
Employee_961,Male,24.0,Bachelors,Pune,2017,2,161406.0,2.0
Employee_962,Male,28.0,PHD,Bangalore,2016,5,178644.0,4.0
Employee_963,Male,24.0,Bachelors,Bangalore,2018,2,105372.0,1.0
Employee_964,Male,25.0,Bachelors,Pune,2014,3,93045.0,4.0
Employee_965,Male,26.0,Bachelors,Bangalore,2012,4,169200.0,1.0
Employee_966,Male,28.0,Bachelors,Bangalore,2017,3,177135.0,1.0
Employee_967,Male,25.0,Bachelors,Pune,2014,3,173136.0,5.0
Employee_968,Female,25.0,Masters,New Delhi,2018,3,96579.0,1.0
Employee_969,Female,25.0,Bachelors,Pune,2013,3,76830.0,1.0
Employee_970,Male,26.0,PHD,New Delhi,2013,4,130650.0,3.0
Employee_971,Female,28.0,Bachelors,New Delhi,2015,3,133536.0,4.0
Employee_972,Male,24.0,Bachelors,Bangalore,2017,2,178572.0,3.0
Employee_973,Female,26.0,Masters,New Delhi,2018,4,53833.0,1.0
Employee_974,Female,24.0,Bachelors,Pune,2013,2,68316.0,5.0
Employee_975,Male,24.0,Bachelors,Bangalore,2018,2,179736.0,3.0
Employee_976,Female,25.0,PHD,Pune,2016,3,50309.0,3.0
Employee_977,Male,26.0,Bachelors,Pune,2014,4,110910.0,2.0
Employee_978,Female,27.0,Masters,Pune,2015,5,36938.0,1.0
Employee_979,Female,28.0,Bachelors,Pune,2013,2,153504.0,5.0
Employee_980,Female,27.0,Bachelors,Bangalore,2016,5,119860.5,3.0
Employee_981,Male,28.0,Bachelors,New Delhi,2014,2,119860.5,3.0
Employee_982,Male,26.0,Bachelors,Bangalore,2016,4,144051.0,5.0
Employee_983,Female,25.0,Bachelors,Pune,2015,3,121032.0,1.0
Employee_984,Male,24.0,Bachelors,Bangalore,2013,2,111798.0,2.0
Employee_985,Female,25.0,Bachelors,Bangalore,2015,3,116106.0,3.0
Employee_986,Male,26.0,Bachelors,Bangalore,2015,4,91152.0,2.0
Employee_987,Male,26.0,Bachelors,Bangalore,2016,4,91212.0,4.0
Employee_988,Male,26.0,Bachelors,Pune,2013,4,114525.0,1.0
Employee_989,Female,26.0,Masters,Bangalore,2016,4,135474.0,4.0
Employee_990,Female,27.0,Bachelors,Bangalore,2018,5,177567.0,4.0
Employee_991,Female,24.0,Bachelors,Bangalore,2017,2,128289.0,4.0
Employee_992,Female,24.0,Bachelors,New Delhi,2014,2,145152.0,1.0
Employee_993,Male,26.0,Bachelors,Pune,2013,4,171996.0,1.0
Employee_994,Male,26.0,Bachelors,Bangalore,2014,4,119580.0,5.0
Employee_995,Male,24.0,Bachelors,Bangalore,2014,2,107967.0,2.0
Employee_996,Male,26.0,Bachelors,Bangalore,2012,4,135318.0,2.0
Employee_997,Female,28.0,Bachelors,Pune,2014,4,95688.0,5.0
Employee_998,Female,28.0,Bachelors,New Delhi,2016,5,160722.0,5.0
Employee_999,Male,28.0,Bachelors,Bangalore,2015,5,160572.0,4.0
Employee_1000,Female,26.0,Bachelors,Pune,2012,4,67272.0,5.0
Employee_1001,Female,26.0,Bachelors,New Delhi,2013,4,122748.0,3.0
Employee_1002,Male,24.0,Bachelors,Pune,2013,2,119860.5,2.0
Employee_1003,Female,28.0,Masters,New Delhi,2017,3,151686.0,5.0
Employee_1004,Female,27.0,Bachelors,New Delhi,2012,5,130368.0,3.0
Employee_1005,Male,25.0,Bachelors,Bangalore,2017,3,136332.0,3.0
Employee_1006,Female,24.0,Bachelors,New Delhi,2012,2,160887.0,3.0
Employee_1007,Male,24.0,Masters,Pune,2015,2,52984.0,3.0
Employee_1008,Male,27.0,Masters,New Delhi,2013,5,107991.0,2.9959276018099548
Employee_1009,Female,28.0,Bachelors,New Delhi,2017,2,96144.0,3.0
Employee_1010,Male,28.0,Bachelors,Bangalore,2014,1,127014.0,4.0
Employee_1011,Female,28.0,Bachelors,Bangalore,2015,1,153492.0,4.0
Employee_1012,Male,27.0,Masters,New Delhi,2013,5,141300.0,3.0
Employee_1013,Male,26.0,Bachelors,Bangalore,2014,4,162969.0,2.0
Employee_1014,Male,25.0,Bachelors,Bangalore,2017,3,155847.0,3.0
Employee_1015,Male,24.0,Masters,New Delhi,2015,2,103632.0,3.0
Employee_1016,Male,25.0,Bachelors,Bangalore,2014,3,104928.0,3.0
Employee_1017,Female,25.0,Bachelors,Bangalore,2014,3,128325.0,2.0
Employee_1018,Male,24.0,Bachelors,Bangalore,2017,2,40015.0,1.0
Employee_1019,Female,27.0,Bachelors,New Delhi,2014,5,169971.0,1.0
Employee_1020,Female,27.0,Bachelors,Bangalore,2013,5,100257.0,4.0
Employee_1021,Female,28.0,Bachelors,Bangalore,2012,2,133290.0,4.0
Employee_1022,Male,27.0,Bachelors,Bangalore,2015,5,111717.0,2.0
Employee_1023,Male,26.0,Bachelors,Bangalore,2012,4,168450.0,2.9959276018099548
Employee_1024,Female,27.0,Bachelors,Pune,2013,5,44489.0,1.0
Employee_1025,Female,27.0,Bachelors,New Delhi,2014,5,139899.0,4.0
Employee_1026,Male,28.0,Bachelors,Bangalore,2014,4,165747.0,1.0
Employee_1027,Male,27.0,Bachelors,Bangalore,2014,5,177327.0,2.0
Employee_1028,Female,28.0,Bachelors,Bangalore,2014,1,121071.0,2.9959276018099548
Employee_1029,Female,25.0,Masters,New Delhi,2018,3,141462.0,5.0
Employee_1030,Male,27.0,Bachelors,Bangalore,2017,5,175614.0,5.0
Employee_1031,Male,24.0,Bachelors,Bangalore,2015,2,119860.5,2.0
Employee_1032,Female,25.0,Masters,Pune,2017,3,80352.0,4.0
Employee_1033,Female,27.0,Bachelors,New Delhi,2017,5,94922.0,1.0
Employee_1034,Male,28.0,Bachelors,Bangalore,2016,3,115281.0,3.0
Employee_1035,Female,25.0,Bachelors,Pune,2015,3,77160.0,2.9959276018099548
Employee_1036,Male,24.0,Masters,New Delhi,2017,2,172839.0,2.9959276018099548
Employee_1037,Male,28.0,Bachelors,Bangalore,2015,4,162855.0,4.0
Employee_1038,Male,26.0,Masters,Pune,2014,4,104574.0,5.0
Employee_1039,Male,26.0,Bachelors,Pune,2013,4,120120.0,3.0
Employee_1040,Male,26.0,Bachelors,Bangalore,2016,4,158784.0,4.0
Employee_1041,Male,26.0,Bachelors,Bangalore,2013,4,153309.0,1.0
Employee_1042,Female,24.0,Masters,New Delhi,2013,2,49198.0,4.0
Employee_1043,Male,25.0,Bachelors,Bangalore,2014,3,149274.0,2.9959276018099548
Employee_1044,Male,27.0,Bachelors,Bangalore,2018,5,135762.0,2.0
Employee_1045,Male,28.0,Bachelors,Bangalore,2013,1,124410.0,1.0
Employee_1046,Female,28.0,Bachelors,Pune,2016,4,62504.0,3.0
Employee_1047,Male,28.0,Bachelors,Bangalore,2012,1,110988.0,5.0
Employee_1048,Female,25.0,Bachelors,New Delhi,2017,3,126519.0,2.0
Employee_1049,Male,25.0,Bachelors,Bangalore,2018,3,104019.0,4.0
Employee_1050,Female,27.0,Bachelors,Pune,2012,5,56698.0,2.0
Employee_1051,Male,24.0,Masters,New Delhi,2017,2,152742.0,5.0
Employee_1052,Male,24.0,Bachelors,Bangalore,2014,2,170178.0,5.0
Employee_1053,Male,26.0,Bachelors,Pune,2014,4,137343.0,2.9959276018099548
Employee_1054,Female,25.0,Bachelors,Bangalore,2013,3,129153.0,4.0
Employee_1055,Male,28.0,Bachelors,Bangalore,2017,2,119860.5,2.0
Employee_1056,Female,25.0,Bachelors,Pune,2015,3,110847.0,5.0
Employee_1057,Male,24.0,Bachelors,Bangalore,2017,2,118563.0,5.0
Employee_1058,Male,24.0,Bachelors,Bangalore,2018,2,157875.0,3.0
Employee_1059,Male,28.0,Bachelors,Bangalore,2016,4,114051.0,3.0
Employee_1060,Female,26.0,Bachelors,Bangalore,2014,4,110823.0,1.0
Employee_1061,Male,28.0,Bachelors,Bangalore,2017,1,167802.0,5.0
Employee_1062,Male,27.0,Bachelors,Bangalore,2012,5,160158.0,3.0
Employee_1063,Male,26.0,Bachelors,New Delhi,2016,4,171174.0,2.0
Employee_1064,Female,27.0,Bachelors,Bangalore,2014,5,177354.0,2.9959276018099548
Employee_1065,Female,27.0,Bachelors,Bangalore,2014,5,120627.0,2.0
Employee_1066,Male,28.0,Bachelors,Bangalore,2013,4,143145.0,4.0
Employee_1067,Female,24.0,PHD,New Delhi,2015,2,117840.0,3.0
Employee_1068,Male,26.0,Bachelors,Bangalore,2018,4,151935.0,1.0
Employee_1069,Female,24.0,Bachelors,New Delhi,2017,2,108064.0,2.0
Employee_1070,Female,25.0,PHD,Pune,2015,3,119860.5,2.0
Employee_1071,Male,24.0,Bachelors,New Delhi,2017,2,154497.0,2.0
Employee_1072,Female,25.0,Bachelors,Bangalore,2013,3,103911.0,4.0
Employee_1073,Male,28.0,Bachelors,Bangalore,2014,2,104562.0,3.0
Employee_1074,Male,28.0,Masters,New Delhi,2018,4,148683.0,2.0
Employee_1075,Female,25.0,Bachelors,Bangalore,2015,3,108228.0,2.0
Employee_1076,Male,25.0,Bachelors,Bangalore,2012,3,120960.0,1.0
Employee_1077,Male,28.0,Masters,New Delhi,2012,2,145692.0,1.0
Employee_1078,Female,24.0,Bachelors,Bangalore,2015,2,104676.0,3.0
Employee_1079,Male,24.0,Bachelors,Bangalore,2012,2,111129.0,3.0
Employee_1080,Female,27.0,PHD,New Delhi,2018,5,119860.5,5.0
Employee_1081,Male,25.0,Bachelors,Bangalore,2014,3,158133.0,1.0
Employee_1082,Male,25.0,Bachelors,Bangalore,2012,3,149568.0,5.0
Employee_1083,Male,28.0,Bachelors,Bangalore,2012,5,155499.0,2.9959276018099548
Employee_1084,Female,28.0,Bachelors,New Delhi,2017,4,98432.0,5.0
Employee_1085,Male,25.0,Bachelors,Bangalore,2013,3,149889.0,2.0
Employee_1086,Male,28.0,Masters,Pune,2018,2,157065.0,5.0
Employee_1087,Male,26.0,Bachelors,Bangalore,2016,4,119860.5,3.0
Employee_1088,Male,26.0,Bachelors,Bangalore,2013,4,119860.5,4.0
Employee_1089,Female,28.0,Bachelors,New Delhi,2016,2,171507.0,2.0
Employee_1090,Male,27.0,Masters,New Delhi,2017,5,75882.0,5.0
Employee_1091,Female,27.0,Bachelors,Pune,2018,5,88776.0,4.0
Employee_1092,Female,28.0,Masters,New Delhi,2014,4,106707.0,4.0
Employee_1093,Female,25.0,Masters,New Delhi,2017,3,102900.0,2.9959276018099548
Employee_1094,Female,26.0,Masters,Bangalore,2017,4,108807.0,5.0
Employee_1095,Female,27.0,Bachelors,Pune,2015,5,67636.0,4.0
Employee_1096,Female,27.0,Bachelors,New Delhi,2013,5,176142.0,4.0
Employee_1097,Female,26.0,Masters,New Delhi,2017,4,42015.0,1.0
Employee_1098,Female,27.0,Bachelors,New Delhi,2013,5,126702.0,4.0
Employee_1099,Male,28.0,Bachelors,New Delhi,2012,3,144870.0,1.0
Employee_1100,Male,27.0,Masters,Pune,2017,5,72508.0,5.0
Employee_1101,Female,26.0,Bachelors,New Delhi,2017,4,141432.0,5.0
Employee_1102,Female,28.0,Bachelors,Bangalore,2013,4,162642.0,5.0
Employee_1103,Male,27.0,Masters,New Delhi,2012,5,112050.0,3.0
Employee_1104,Male,24.0,Bachelors,Pune,2017,2,90366.0,5.0
Employee_1105,Female,25.0,Masters,New Delhi,2017,3,108714.0,4.0
Employee_1106,Female,25.0,Bachelors,Bangalore,2018,3,108270.0,2.0
Employee_1107,Male,28.0,Bachelors,Bangalore,2016,4,124911.0,1.0
Employee_1108,Male,28.0,Masters,New Delhi,2017,2,157245.0,3.0
Employee_1109,Male,24.0,Bachelors,Bangalore,2014,2,162213.0,5.0
Employee_1110,Male,26.0,Bachelors,Bangalore,2016,4,166425.0,5.0
Employee_1111,Female,24.0,Bachelors,Pune,2014,2,127941.0,2.0
Employee_1112,Male,26.0,Bachelors,Pune,2013,4,119860.5,2.0
Employee_1113,Male,27.0,Bachelors,Bangalore,2012,5,119733.0,3.0
Employee_1114,Male,24.0,Bachelors,Bangalore,2018,2,115416.0,1.0
Employee_1115,Female,26.0,Bachelors,Bangalore,2017,4,57842.0,5.0
Employee_1116,Female,28.0,Bachelors,Bangalore,2015,3,119860.5,3.0
Employee_1117,Male,28.0,Bachelors,Bangalore,2013,3,99798.0,4.0
Employee_1118,Male,27.0,Bachelors,Bangalore,2012,5,119860.5,4.0
Employee_1119,Female,26.0,Bachelors,Bangalore,2013,4,102564.0,3.0
Employee_1120,Female,27.0,Masters,New Delhi,2013,5,119860.5,5.0
Employee_1121,Female,24.0,Bachelors,New Delhi,2016,2,120483.0,3.0
Employee_1122,Female,28.0,Bachelors,Pune,2015,2,117464.0,5.0
Employee_1123,Female,25.0,Bachelors,New Delhi,2015,3,106322.0,2.0
Employee_1124,Male,24.0,Bachelors,Pune,2014,2,123942.0,3.0
Employee_1125,Female,27.0,Bachelors,New Delhi,2017,5,161862.0,2.9959276018099548
Employee_1126,Male,26.0,Bachelors,New Delhi,2012,4,163020.0,3.0
Employee_1127,Male,28.0,Bachelors,Bangalore,2013,0,154524.0,3.0
Employee_1128,Male,28.0,Bachelors,Pune,2012,5,155907.0,5.0
Employee_1129,Female,26.0,Bachelors,Pune,2015,4,85782.0,5.0
Employee_1130,Male,26.0,Bachelors,Bangalore,2016,4,34777.0,1.0
Employee_1131,Female,28.0,Masters,New Delhi,2017,2,67800.0,3.0
Employee_1132,Male,25.0,Masters,New Delhi,2017,3,106122.0,4.0
Employee_1133,Male,24.0,Bachelors,Bangalore,2017,2,131148.0,3.0
Employee_1134,Male,28.0,Bachelors,Bangalore,2013,0,110943.0,3.0
Employee_1135,Male,27.0,Bachelors,Pune,2014,5,109128.0,5.0
Employee_1136,Female,26.0,Bachelors,Pune,2016,4,93814.0,3.0
Employee_1137,Female,27.0,Bachelors,Bangalore,2018,5,146331.0,3.0
Employee_1138,Male,28.0,Bachelors,Pune,2012,4,173079.0,4.0
Employee_1139,Female,26.0,Bachelors,Pune,2013,4,97954.0,5.0
Employee_1140,Female,28.0,Bachelors,Bangalore,2014,3,120480.0,3.0
Employee_1141,Female,28.0,Masters,New Delhi,2017,2,119546.0,2.0
Employee_1142,Female,28.0,Bachelors,New Delhi,2012,5,119860.5,1.0
Employee_1143,Male,27.0,Bachelors,New Delhi,2017,5,88248.0,4.0
Employee_1144,Male,24.0,Bachelors,Bangalore,2014,2,138846.0,3.0
Employee_1145,Male,27.0,Bachelors,Pune,2013,5,160872.0,2.0
Employee_1146,Female,27.0,Bachelors,Bangalore,2015,5,159963.0,3.0
Employee_1147,Male,27.0,Bachelors,Bangalore,2017,5,121464.0,3.0
Employee_1148,Male,24.0,Masters,New Delhi,2012,2,157722.0,5.0
Employee_1149,Female,25.0,Bachelors,New Delhi,2013,3,70480.0,5.0
Employee_1150,Male,25.0,Bachelors,Bangalore,2017,3,121359.0,5.0
Employee_1151,Male,25.0,Bachelors,Bangalore,2018,3,121434.0,2.0
Employee_1152,Male,25.0,Masters,Pune,2013,3,179253.0,3.0
Employee_1153,Female,24.0,Bachelors,Pune,2013,2,158631.0,1.0
Employee_1154,Female,24.0,Bachelors,Pune,2015,2,127182.0,4.0
Employee_1155,Male,24.0,Bachelors,Bangalore,2014,2,147786.0,5.0
Employee_1156,Female,26.0,Masters,New Delhi,2012,4,151581.0,5.0
Employee_1157,Male,25.0,Bachelors,Pune,2015,3,150084.0,3.0
Employee_1158,Female,26.0,Bachelors,New Delhi,2017,4,68864.0,3.0
Employee_1159,Male,28.0,Bachelors,Bangalore,2013,3,119860.5,2.0
Employee_1160,Female,28.0,Bachelors,Pune,2016,0,87136.0,2.0
Employee_1161,Male,24.0,Bachelors,New Delhi,2012,2,169893.0,5.0
Employee_1162,Male,28.0,Bachelors,New Delhi,2015,1,177888.0,3.0
Employee_1163,Male,24.0,Bachelors,Bangalore,2017,2,44178.0,1.0
Employee_1164,Female,28.0,Masters,Pune,2017,4,95320.0,4.0
Employee_1165,Male,24.0,Bachelors,Pune,2017,2,156585.0,3.0
Employee_1166,Female,27.0,Bachelors,Bangalore,2016,5,172026.0,3.0
Employee_1167,Male,28.0,Bachelors,Pune,2015,2,90906.0,2.0
Employee_1168,Female,28.0,Bachelors,Bangalore,2016,5,141066.0,4.0
Employee_1169,Male,25.0,Bachelors,Bangalore,2018,3,90165.0,5.0
Employee_1170,Female,28.0,Bachelors,Bangalore,2015,5,129039.0,3.0
Employee_1171,Male,27.0,Bachelors,Bangalore,2014,5,116151.0,5.0
Employee_1172,Male,26.0,Bachelors,Bangalore,2013,4,177435.0,3.0
Employee_1173,Male,24.0,Bachelors,Bangalore,2015,2,58699.0,5.0
Employee_1174,Female,27.0,Bachelors,Bangalore,2012,5,114450.0,4.0
Employee_1175,Male,25.0,Bachelors,Bangalore,2012,3,96375.0,2.0
Employee_1176,Female,28.0,Bachelors,Pune,2015,4,124437.0,4.0
Employee_1177,Female,24.0,Masters,Bangalore,2017,2,91490.0,1.0
Employee_1178,Male,28.0,Bachelors,Bangalore,2014,2,140244.0,2.0
Employee_1179,Female,24.0,Masters,Pune,2017,2,73618.0,2.9959276018099548
Employee_1180,Female,26.0,Bachelors,New Delhi,2014,4,103863.0,1.0
Employee_1181,Female,28.0,Bachelors,Pune,2015,3,90068.0,3.0
Employee_1182,Male,28.0,Masters,Pune,2013,5,87246.0,3.0
Employee_1183,Female,28.0,Bachelors,New Delhi,2013,5,59554.0,5.0
Employee_1184,Female,26.0,Bachelors,Pune,2015,4,70252.0,2.0
Employee_1185,Male,70.0,Masters,New Delhi,2015,2,105366.0,3.0
Employee_1186,Male,27.0,Bachelors,Bangalore,2013,5,144090.0,2.0
Employee_1187,Male,28.0,Bachelors,Bangalore,2018,2,141906.0,3.0
Employee_1188,Male,28.0,Bachelors,Pune,2012,2,147543.0,5.0
Employee_1189,Female,27.0,Bachelors,Pune,2014,5,158670.0,4.0
Employee_1190,Male,24.0,Masters,New Delhi,2018,2,107610.0,5.0
Employee_1191,Male,25.0,Bachelors,Bangalore,2018,3,94593.0,1.0
Employee_1192,Male,28.0,Bachelors,New Delhi,2017,3,76344.0,3.0
Employee_1193,Female,24.0,Bachelors,Pune,2014,2,149187.0,1.0
Employee_1194,Female,26.0,Bachelors,New Delhi,2012,4,113019.0,1.0
Employee_1195,Male,26.0,Bachelors,Pune,2014,4,159999.0,2.0
Employee_1196,Male,28.0,Bachelors,Bangalore,2014,4,110646.0,3.0
Employee_1197,Male,26.0,Bachelors,Bangalore,2018,4,95718.0,1.0
Employee_1198,Male,26.0,Bachelors,Pune,2013,4,66172.0,4.0
Employee_1199,Female,25.0,Bachelors,Pune,2013,3,87006.0,1.0
Employee_1200,Male,25.0,Bachelors,Pune,2018,3,114456.0,4.0
Employee_1201,Female,25.0,Bachelors,Bangalore,2013,3,119860.5,2.0
Employee_1202,Male,28.0,Bachelors,Bangalore,2014,4,128316.0,1.0
Employee_1203,Female,24.0,Masters,New Delhi,2017,2,119860.5,5.0
Employee_1204,Female,27.0,Masters,Pune,2017,5,110578.0,2.0
Employee_1205,Male,24.0,Bachelors,Bangalore,2012,2,93186.0,4.0
Employee_1206,Female,27.0,Bachelors,Pune,2017,5,145080.0,2.0
Employee_1207,Male,28.0,Masters,New Delhi,2017,4,95360.0,1.0
Employee_1208,Male,25.0,Bachelors,New Delhi,2017,3,119852.0,3.0
Employee_1209,Male,25.0,Bachelors,Pune,2017,3,108687.0,3.0
Employee_1210,Female,24.0,Masters,Pune,2017,2,108050.0,4.0
Employee_1211,Male,27.0,Bachelors,Pune,2013,5,139527.0,4.0
Employee_1212,Female,26.0,Bachelors,Bangalore,2016,4,135441.0,3.0
Employee_1213,Female,27.0,Bachelors,Pune,2015,5,69264.0,4.0
Employee_1214,Male,28.0,Bachelors,Bangalore,2014,5,108864.0,2.0
Employee_1215,Male,26.0,Bachelors,Bangalore,2012,4,100788.0,5.0
Employee_1216,Female,27.0,Bachelors,Pune,2016,5,82950.0,5.0
Employee_1217,Male,28.0,Masters,Bangalore,2017,2,72336.0,2.0
Employee_1218,Female,28.0,Masters,New Delhi,2017,2,119385.0,5.0
Employee_1219,Male,24.0,Bachelors,Pune,2017,2,112683.0,1.0
Employee_1220,Male,24.0,Bachelors,Bangalore,2018,2,114774.0,2.0
Employee_1221,Male,28.0,Masters,New Delhi,2017,3,93232.0,4.0
Employee_1222,Female,28.0,Bachelors,Bangalore,2015,4,170196.0,2.0
Employee_1223,Female,26.0,Bachelors,Pune,2018,4,119860.5,3.0
Employee_1224,Male,25.0,Bachelors,Bangalore,2013,3,170202.0,4.0
Employee_1225,Male,26.0,Bachelors,Bangalore,2016,4,109113.0,2.9959276018099548
Employee_1226,Male,28.0,Masters,Pune,2018,2,151770.0,4.0
Employee_1227,Male,26.0,Bachelors,Bangalore,2016,4,168207.0,5.0
Employee_1228,Male,27.0,Bachelors,Bangalore,2017,5,119860.5,2.0
Employee_1229,Female,27.0,Bachelors,Bangalore,2012,5,128730.0,1.0
Employee_1230,Male,27.0,PHD,New Delhi,2016,5,113829.0,4.0
Employee_1231,Male,25.0,Bachelors,New Delhi,2017,3,84398.0,4.0
Employee_1232,Female,28.0,Bachelors,New Delhi,2015,2,137184.0,3.0
Employee_1233,Female,26.0,Bachelors,Pune,2013,4,106550.0,5.0
Employee_1234,Female,27.0,Bachelors,Bangalore,2017,5,119860.5,3.0
Employee_1235,Female,24.0,Bachelors,Pune,2015,2,91826.0,3.0
Employee_1236,Female,27.0,Bachelors,Bangalore,2017,5,97416.0,5.0
Employee_1237,Male,25.0,Bachelors,Bangalore,2016,3,171708.0,1.0
Employee_1238,Male,26.0,Bachelors,Bangalore,2018,4,147369.0,3.0
Employee_1239,Male,28.0,Bachelors,Bangalore,2015,5,155355.0,3.0
Employee_1240,Male,24.0,Bachelors,Pune,2014,2,137037.0,4.0
Employee_1241,Male,27.0,Bachelors,Bangalore,2012,5,95283.0,5.0
Employee_1242,Male,27.0,Bachelors,Pune,2013,5,174270.0,2.0
Employee_1243,Male,25.0,Bachelors,Bangalore,2015,3,40167.0,1.0
Employee_1244,Female,25.0,Masters,New Delhi,2017,3,81108.0,1.0
Employee_1245,Male,28.0,PHD,Pune,2015,0,141780.0,5.0
Employee_1246,Male,28.0,Bachelors,Bangalore,2015,3,132831.0,4.0
Employee_1247,Male,28.0,Bachelors,Bangalore,2016,5,101436.0,4.0
Employee_1248,Male,24.0,PHD,New Delhi,2013,2,174072.0,5.0
Employee_1249,Male,26.0,Bachelors,Bangalore,2014,4,167664.0,4.0
Employee_1250,Female,26.0,Bachelors,Pune,2015,4,95688.0,1.0
Employee_1251,Male,27.0,Bachelors,Bangalore,2017,5,171855.0,1.0
Employee_1252,Male,26.0,Bachelors,New Delhi,2014,4,170700.0,2.0
Employee_1253,Male,27.0,Masters,Bangalore,2013,5,144351.0,5.0
Employee_1254,Male,24.0,Bachelors,Pune,2016,2,94815.0,3.0
Employee_1255,Male,26.0,Bachelors,Bangalore,2016,4,106866.0,3.0
Employee_1256,Female,28.0,Bachelors,Pune,2013,2,73534.0,2.0
Employee_1257,Male,24.0,Masters,Bangalore,2017,2,114278.0,2.0
Employee_1258,Male,24.0,Masters,New Delhi,2017,2,83226.0,4.0
Employee_1259,Female,24.0,Masters,Pune,2015,2,106740.0,2.0
Employee_1260,Male,26.0,Bachelors,Pune,2014,4,149703.0,2.0
Employee_1261,Female,27.0,Bachelors,Pune,2016,5,81178.0,3.0
Employee_1262,Male,25.0,Bachelors,Bangalore,2017,3,131754.0,2.9959276018099548
Employee_1263,Female,26.0,Masters,New Delhi,2017,4,100238.0,2.0
Employee_1264,Female,25.0,Bachelors,Bangalore,2016,3,57446.0,2.0
Employee_1265,Female,25.0,PHD,Bangalore,2014,3,55736.0,4.0
Employee_1266,Female,25.0,Bachelors,Bangalore,2013,3,129138.0,5.0
Employee_1267,Male,24.0,Bachelors,New Delhi,2014,2,164454.0,4.0
Employee_1268,Female,28.0,Bachelors,Pune,2015,2,65180.0,3.0
Employee_1269,Male,28.0,Bachelors,New Delhi,2014,5,142341.0,5.0
Employee_1270,Male,26.0,Bachelors,Bangalore,2015,4,102972.0,1.0
Employee_1271,Male,28.0,Bachelors,Bangalore,2014,3,122361.0,4.0
Employee_1272,Male,26.0,Bachelors,Pune,2018,4,117333.0,3.0
Employee_1273,Female,28.0,Masters,Pune,2015,2,70684.0,5.0
Employee_1274,Male,28.0,Masters,New Delhi,2013,2,139167.0,4.0
Employee_1275,Male,25.0,Bachelors,Bangalore,2014,3,161619.0,2.0
Employee_1276,Female,26.0,Masters,New Delhi,2015,4,77318.0,4.0
Employee_1277,Male,27.0,Bachelors,New Delhi,2016,5,132129.0,1.0
Employee_1278,Female,24.0,Bachelors,Bangalore,2014,2,176238.0,4.0
Employee_1279,Female,24.0,Masters,Pune,2017,2,163737.0,5.0
Employee_1280,Female,25.0,Bachelors,Pune,2014,3,157050.0,5.0
Employee_1281,Female,27.0,Bachelors,Pune,2015,5,116511.0,4.0
Employee_1282,Male,28.0,Bachelors,New Delhi,2017,0,60234.0,5.0
Employee_1283,Female,25.0,Bachelors,New Delhi,2017,3,172512.0,2.0
Employee_1284,Male,24.0,Bachelors,Pune,2012,2,131751.0,4.0
Employee_1285,Male,25.0,Masters,New Delhi,2016,3,146805.0,2.0
Employee_1286,Female,26.0,Bachelors,Pune,2015,4,88618.0,2.0
Employee_1287,Male,27.0,Masters,New Delhi,2014,5,129702.0,3.0
Employee_1288,Female,24.0,Bachelors,Bangalore,2015,2,106680.0,4.0
Employee_1289,Male,25.0,Bachelors,New Delhi,2014,3,152019.0,5.0
Employee_1290,Male,24.0,Bachelors,Bangalore,2017,2,92538.0,2.0
Employee_1291,Female,28.0,Bachelors,New Delhi,2017,2,122862.0,3.0
Employee_1292,Male,28.0,Bachelors,Bangalore,2012,1,131109.0,4.0
Employee_1293,Male,26.0,Bachelors,Bangalore,2014,4,45385.0,4.0
Employee_1294,Male,28.0,Bachelors,Bangalore,2017,3,131238.0,1.0
Employee_1295,Female,25.0,Bachelors,Pune,2015,3,52700.0,1.0
Employee_1296,Female,24.0,Bachelors,Pune,2015,2,72938.0,2.0
Employee_1297,Male,26.0,Bachelors,Pune,2017,4,78666.0,1.0
Employee_1298,Male,28.0,Bachelors,Bangalore,2015,0,169158.0,2.0
Employee_1299,Male,28.0,Bachelors,Bangalore,2016,2,165897.0,5.0
Employee_1300,Female,28.0,Bachelors,Pune,2013,3,139824.0,2.0
Employee_1301,Male,27.0,Bachelors,Bangalore,2017,5,128457.0,1.0
Employee_1302,Male,25.0,Masters,New Delhi,2015,3,102624.0,2.9959276018099548
Employee_1303,Female,28.0,Bachelors,New Delhi,2012,4,108849.0,1.0
Employee_1304,Male,26.0,Bachelors,Bangalore,2012,4,119860.5,2.0
Employee_1305,Male,25.0,Bachelors,Bangalore,2012,3,96144.0,3.0
Employee_1306,Male,25.0,Masters,New Delhi,2017,3,108699.0,4.0
Employee_1307,Male,25.0,Bachelors,Bangalore,2017,3,119860.5,1.0
Employee_1308,Female,26.0,Bachelors,Bangalore,2012,4,127821.0,2.0
Employee_1309,Female,26.0,Bachelors,Bangalore,2017,4,119295.0,5.0
Employee_1310,Male,25.0,Masters,New Delhi,2017,3,63656.0,1.0
Employee_1311,Male,25.0,Bachelors,Bangalore,2015,3,95751.0,1.0
Employee_1312,Female,26.0,Bachelors,Bangalore,2013,4,151854.0,4.0
Employee_1313,Female,25.0,Bachelors,Pune,2017,3,110964.0,2.0
Employee_1314,Female,28.0,Bachelors,New Delhi,2014,2,145230.0,3.0
Employee_1315,Female,27.0,Bachelors,Bangalore,2016,5,133782.0,5.0
Employee_1316,Male,25.0,Bachelors,Bangalore,2018,3,150384.0,2.0
Employee_1317,Female,27.0,Bachelors,Bangalore,2012,5,166431.0,5.0
Employee_1318,Female,27.0,Bachelors,New Delhi,2017,5,128931.0,1.0
Employee_1319,Male,25.0,Bachelors,Bangalore,2016,3,113230.0,4.0
Employee_1320,Female,28.0,Bachelors,Bangalore,2016,4,90027.0,4.0
Employee_1321,Male,27.0,Bachelors,New Delhi,2017,5,93288.0,3.0
Employee_1322,Female,24.0,Bachelors,Bangalore,2016,2,157266.0,4.0
Employee_1323,Male,25.0,Bachelors,Bangalore,2013,3,119595.0,1.0
Employee_1324,Female,25.0,Bachelors,New Delhi,2017,3,64438.0,3.0
Employee_1325,Male,24.0,Bachelors,Pune,2015,2,111123.0,2.0
Employee_1326,Female,25.0,Bachelors,New Delhi,2012,3,145332.0,4.0
Employee_1327,Female,27.0,PHD,New Delhi,2017,5,105861.0,3.0
Employee_1328,Female,25.0,Bachelors,Bangalore,2014,3,174867.0,1.0
Employee_1329,Male,28.0,Masters,Bangalore,2017,2,94857.0,5.0
Employee_1330,Male,25.0,Bachelors,Pune,2016,3,115536.0,5.0
Employee_1331,Male,25.0,Bachelors,Bangalore,2014,3,94026.0,1.0
Employee_1332,Male,27.0,Bachelors,New Delhi,2012,5,121704.0,1.0
Employee_1333,Female,25.0,Bachelors,Pune,2012,3,147648.0,5.0
Employee_1334,Female,27.0,Masters,New Delhi,2015,5,147624.0,3.0
Employee_1335,Male,24.0,Bachelors,Bangalore,2014,2,145134.0,5.0
Employee_1336,Female,27.0,Bachelors,Pune,2015,5,115068.0,1.0
Employee_1337,Male,25.0,Bachelors,Bangalore,2014,3,132693.0,4.0
Employee_1338,Male,25.0,Bachelors,Bangalore,2015,3,169842.0,2.0
Employee_1339,Female,28.0,Bachelors,New Delhi,2018,4,100470.0,4.0
Employee_1340,Female,26.0,Bachelors,Pune,2017,4,116506.0,4.0
Employee_1341,Female,24.0,Bachelors,Pune,2014,2,78620.0,1.0
Employee_1342,Male,27.0,Bachelors,Bangalore,2013,5,113952.0,5.0
Employee_1343,Male,27.0,Bachelors,New Delhi,2017,5,119860.5,3.0
Employee_1344,Female,28.0,PHD,New Delhi,2012,1,126657.0,4.0
Employee_1345,Female,26.0,Masters,New Delhi,2012,4,90705.0,5.0
Employee_1346,Male,27.0,Bachelors,Bangalore,2014,5,120483.0,3.0
Employee_1347,Female,28.0,Bachelors,Bangalore,2013,0,177015.0,4.0
Employee_1348,Male,26.0,Bachelors,Pune,2014,4,95724.0,3.0
Employee_1349,Female,24.0,Bachelors,Pune,2016,2,77134.0,5.0
Employee_1350,Female,24.0,Bachelors,Bangalore,2015,2,33530.0,2.0
Employee_1351,Female,26.0,Bachelors,Bangalore,2012,4,119860.5,5.0
Employee_1352,Male,27.0,Masters,Pune,2014,5,147057.0,1.0
Employee_1353,Male,27.0,Masters,New Delhi,2017,5,76324.0,3.0
Employee_1354,Female,25.0,Masters,New Delhi,2017,3,56146.0,2.9959276018099548
Employee_1355,Male,28.0,Masters,Pune,2012,0,146832.0,3.0
Employee_1356,Male,28.0,Masters,New Delhi,2012,2,106245.0,3.0
Employee_1357,Male,24.0,Masters,New Delhi,2013,2,66782.0,4.0
Employee_1358,Female,25.0,Bachelors,Pune,2015,3,1219010.963800905,1.0
Employee_1359,Male,28.0,Masters,New Delhi,2017,5,174657.0,3.0
Employee_1360,Male,24.0,Bachelors,Bangalore,2013,2,107853.0,5.0
Employee_1361,Male,28.0,Masters,Bangalore,2015,1,155556.0,5.0
Employee_1362,Female,27.0,Bachelors,Bangalore,2018,5,114021.0,4.0
Employee_1363,Male,24.0,Bachelors,Bangalore,2015,2,175278.0,1.0
Employee_1364,Male,26.0,Bachelors,Pune,2014,4,117192.0,1.0
Employee_1365,Female,28.0,Bachelors,New Delhi,2013,3,167484.0,5.0
Employee_1366,Male,28.0,Bachelors,Bangalore,2013,4,158391.0,2.0
Employee_1367,Female,28.0,Bachelors,New Delhi,2018,0,119860.5,4.0
Employee_1368,Female,25.0,Bachelors,Bangalore,2013,3,167670.0,2.9959276018099548
Employee_1369,Male,27.0,PHD,Pune,2012,5,153612.0,5.0
Employee_1370,Male,24.0,Bachelors,Bangalore,2013,2,136572.0,5.0
Employee_1371,Female,28.0,Bachelors,Bangalore,2013,3,147846.0,2.0
Employee_1372,Male,24.0,Bachelors,Pune,2015,2,161790.0,2.0
Employee_1373,Male,27.0,Bachelors,Pune,2013,5,90231.0,1.0
Employee_1374,Male,27.0,Bachelors,New Delhi,2012,5,112731.0,4.0
Employee_1375,Female,26.0,Bachelors,Bangalore,2018,4,171591.0,4.0
Employee_1376,Male,26.0,Bachelors,Bangalore,2013,4,151833.0,5.0
Employee_1377,Female,24.0,Bachelors,Pune,2015,2,93968.0,1.0
Employee_1378,Male,24.0,Bachelors,Bangalore,2016,2,132180.0,4.0
Employee_1379,Female,27.0,PHD,Bangalore,2018,5,142347.0,1.0
Employee_1380,Male,26.0,Bachelors,Bangalore,2015,4,145560.0,1.0
Employee_1381,Female,26.0,Bachelors,New Delhi,2015,4,57025.0,5.0
Employee_1382,Female,24.0,Bachelors,Pune,2015,2,81070.0,1.0
Employee_1383,Male,27.0,Bachelors,Pune,2013,5,169317.0,2.0
Employee_1384,Female,24.0,PHD,New Delhi,2016,2,118530.0,2.0
Employee_1385,Male,26.0,Bachelors,Bangalore,2013,4,177861.0,3.0
Employee_1386,Male,28.0,Bachelors,Bangalore,2015,5,174519.0,5.0
Employee_1387,Female,26.0,Bachelors,Bangalore,2015,4,110829.0,3.0
Employee_1388,Female,27.0,Bachelors,Bangalore,2016,5,125862.0,2.0
Employee_1389,Female,25.0,Bachelors,Pune,2017,3,113412.0,2.9959276018099548
Employee_1390,Male,26.0,Masters,New Delhi,2017,4,73130.0,5.0
Employee_1391,Male,27.0,Bachelors,Bangalore,2012,5,107952.0,5.0
Employee_1392,Female,26.0,Bachelors,Bangalore,2014,4,119860.5,1.0
Employee_1393,Female,25.0,Bachelors,Pune,2015,3,69340.0,4.0
Employee_1394,Male,28.0,Bachelors,Bangalore,2013,4,145722.0,1.0
Employee_1395,Male,28.0,Bachelors,Pune,2017,1,78368.0,5.0
Employee_1396,Male,25.0,Bachelors,Bangalore,2014,3,147288.0,2.0
Employee_1397,Male,27.0,Bachelors,Bangalore,2013,5,96576.0,2.0
Employee_1398,Male,26.0,PHD,Bangalore,2013,4,93744.0,1.0
Employee_1399,Female,25.0,Bachelors,New Delhi,2013,3,123738.0,2.9959276018099548
Employee_1400,Female,28.0,Bachelors,Bangalore,2017,3,42790.0,2.0
Employee_1401,Male,26.0,Bachelors,Bangalore,2014,4,151251.0,5.0
Employee_1402,Male,27.0,Bachelors,New Delhi,2015,5,145143.0,2.0
Employee_1403,Male,28.0,Masters,Pune,2013,2,118984.0,5.0
Employee_1404,Female,25.0,Bachelors,New Delhi,2013,3,101061.0,3.0
Employee_1405,Male,26.0,Masters,New Delhi,2017,4,113454.0,5.0
Employee_1406,Male,25.0,Masters,New Delhi,2016,3,102054.0,5.0
Employee_1407,Female,28.0,Bachelors,Bangalore,2017,5,123906.0,1.0
Employee_1408,Female,28.0,Masters,New Delhi,2017,2,63940.0,3.0
Employee_1409,Male,27.0,Bachelors,Bangalore,2012,5,38389.0,4.0
Employee_1410,Male,27.0,Bachelors,Bangalore,2018,5,119860.5,1.0
Employee_1411,Female,24.0,Bachelors,Bangalore,2016,2,171606.0,4.0
Employee_1412,Male,26.0,Bachelors,Pune,2017,4,142758.0,2.0
Employee_1413,Female,25.0,Bachelors,New Delhi,2017,3,163557.0,4.0
Employee_1414,Female,28.0,Bachelors,Pune,2015,5,155853.0,5.0
Employee_1415,Male,26.0,Bachelors,Bangalore,2015,4,162153.0,4.0
Employee_1416,Female,26.0,Masters,Pune,2015,4,90748.0,1.0
Employee_1417,Male,25.0,Masters,Pune,2015,3,156378.0,1.0
Employee_1418,Female,27.0,Bachelors,Pune,2016,5,107364.0,2.9959276018099548
Employee_1419,Male,28.0,Bachelors,Bangalore,2013,3,106224.0,1.0
Employee_1420,Male,26.0,Bachelors,Pune,2018,4,169833.0,1.0
Employee_1421,Female,27.0,Bachelors,Bangalore,2014,5,165159.0,4.0
Employee_1422,Male,25.0,Bachelors,Bangalore,2017,3,39446.0,3.0
Employee_1423,Male,26.0,Bachelors,New Delhi,2015,4,92766.0,3.0
Employee_1424,Female,24.0,Bachelors,Pune,2015,2,91257.0,2.0
Employee_1425,Male,28.0,Bachelors,Bangalore,2015,2,145764.0,1.0
Employee_1426,Female,26.0,Bachelors,Pune,2014,4,81578.0,4.0
Employee_1427,Male,27.0,Bachelors,Bangalore,2017,5,93360.0,1.0
Employee_1428,Male,26.0,Bachelors,Bangalore,2014,4,123780.0,5.0
Employee_1429,Female,28.0,Bachelors,New Delhi,2018,5,142002.0,1.0
Employee_1430,Male,28.0,Bachelors,Bangalore,2015,0,119860.5,1.0
Employee_1431,Female,28.0,Bachelors,New Delhi,2016,3,106119.0,3.0
Employee_1432,Male,25.0,Bachelors,Bangalore,2017,3,96729.0,4.0
Employee_1433,Female,24.0,Bachelors,Pune,2015,2,147087.0,1.0
Employee_1434,Male,28.0,Masters,New Delhi,2018,2,169299.0,3.0
Employee_1435,Female,27.0,Bachelors,Bangalore,2015,5,103836.0,2.0
Employee_1436,Male,24.0,Bachelors,Bangalore,2017,2,131838.0,2.9959276018099548
Employee_1437,Female,28.0,Bachelors,New Delhi,2017,0,96498.0,3.0
Employee_1438,Male,25.0,Bachelors,Bangalore,2015,3,123312.0,3.0
Employee_1439,Male,28.0,Bachelors,Bangalore,2012,2,130287.0,1.0
Employee_1440,Male,26.0,Bachelors,Bangalore,2013,4,172287.0,1.0
Employee_1441,Male,24.0,Bachelors,Bangalore,2016,2,52412.0,2.0
Employee_1442,Male,27.0,Bachelors,Pune,2016,5,161130.0,5.0
Employee_1443,Male,24.0,Bachelors,Pune,2013,2,178458.0,5.0
Employee_1444,Female,26.0,Masters,Pune,2017,4,72742.0,5.0
Employee_1445,Male,26.0,Bachelors,New Delhi,2017,4,109077.0,2.0
Employee_1446,Female,28.0,Bachelors,Pune,2018,3,113589.0,5.0
Employee_1447,Male,24.0,Bachelors,Bangalore,2018,2,99684.0,5.0
Employee_1448,Male,24.0,Bachelors,Pune,2015,2,150309.0,3.0
Employee_1449,Female,28.0,Bachelors,Bangalore,2013,2,173412.0,1.0
Employee_1450,Male,28.0,Bachelors,Pune,2013,0,88764.0,1.0
Employee_1451,Male,24.0,Bachelors,Bangalore,2018,2,146265.0,3.0
Employee_1452,Male,24.0,Bachelors,Bangalore,2014,2,98673.0,3.0
Employee_1453,Female,28.0,Bachelors,Bangalore,2016,5,101268.0,3.0
Employee_1454,Male,25.0,Bachelors,Bangalore,2014,3,119860.5,1.0
Employee_1455,Female,26.0,Bachelors,Bangalore,2014,4,137310.0,5.0
Employee_1456,Male,28.0,Masters,Bangalore,2017,2,92956.0,3.0
Employee_1457,Male,27.0,Bachelors,Bangalore,2012,5,98022.0,2.0
Employee_1458,Female,27.0,Bachelors,Bangalore,2016,5,119860.5,3.0
Employee_1459,Male,28.0,Masters,Bangalore,2018,2,120441.0,4.0
Employee_1460,Male,24.0,Bachelors,Bangalore,2017,2,92379.0,3.0
Employee_1461,Male,24.0,Bachelors,Pune,2012,2,169230.0,1.0
Employee_1462,Male,28.0,Bachelors,New Delhi,2016,0,96348.0,3.0
Employee_1463,Male,27.0,Bachelors,Bangalore,2012,5,107337.0,4.0
Employee_1464,Male,27.0,Bachelors,Bangalore,2014,5,126894.0,2.0
Employee_1465,Male,24.0,Bachelors,Bangalore,2017,2,173703.0,5.0
Employee_1466,Male,27.0,Bachelors,Bangalore,2012,5,44153.0,3.0
Employee_1467,Female,28.0,Bachelors,Bangalore,2017,5,123333.0,4.0
Employee_1468,Male,25.0,Bachelors,Pune,2014,3,122367.0,4.0
Employee_1469,Male,25.0,Bachelors,Pune,2015,3,124191.0,2.0
Employee_1470,Male,28.0,Bachelors,Pune,2017,0,85998.0,1.0
Employee_1471,Female,26.0,Bachelors,Pune,2015,4,105100.0,3.0
Employee_1472,Female,27.0,Bachelors,Pune,2015,5,61628.0,4.0
Employee_1473,Female,26.0,Bachelors,Pune,2015,4,140187.0,2.0
Employee_1474,Female,28.0,Bachelors,Bangalore,2015,3,81082.0,5.0
Employee_1475,Male,28.0,Bachelors,Pune,2012,3,164814.0,4.0
Employee_1476,Male,25.0,Bachelors,Bangalore,2013,3,97329.0,2.0
Employee_1477,Male,26.0,Bachelors,New Delhi,2016,4,121371.0,1.0
Employee_1478,Female,24.0,PHD,New Delhi,2018,2,121140.0,1.0
Employee_1479,Female,27.0,Bachelors,Bangalore,2014,5,113349.0,4.0
Employee_1480,Male,26.0,Masters,New Delhi,2017,4,115162.0,4.0
Employee_1481,Female,27.0,Bachelors,Pune,2015,5,82946.0,3.0
Employee_1482,Male,24.0,Bachelors,Bangalore,2014,2,142104.0,2.0
Employee_1483,Female,25.0,Masters,Pune,2017,3,90656.0,4.0
Employee_1484,Female,28.0,Bachelors,New Delhi,2017,2,162522.0,3.0
Employee_1485,Male,27.0,Bachelors,Bangalore,2014,5,168645.0,3.0
Employee_1486,Male,24.0,Bachelors,Bangalore,2012,2,92481.0,4.0
Employee_1487,Male,24.0,Bachelors,Pune,2018,2,171918.0,1.0
Employee_1488,Female,27.0,Bachelors,Bangalore,2015,5,149745.0,2.0
Employee_1489,Female,28.0,Bachelors,New Delhi,2015,3,111441.0,2.0
Employee_1490,Female,27.0,Bachelors,Pune,2015,5,103353.0,1.0
Employee_1491,Male,28.0,Bachelors,Bangalore,2015,5,136029.0,4.0
Employee_1492,Female,27.0,Bachelors,New Delhi,2015,5,87270.0,2.0
Employee_1493,Male,27.0,Bachelors,Bangalore,2016,5,172533.0,4.0
Employee_1494,Female,27.0,Masters,New Delhi,2017,5,150780.0,4.0
Employee_1495,Female,26.0,Bachelors,Pune,2017,4,71918.0,3.0
Employee_1496,Female,27.0,Bachelors,Pune,2015,5,90378.0,1.0
Employee_1497,Female,27.0,Bachelors,Pune,2018,5,148683.0,4.0
Employee_1498,Male,25.0,Bachelors,Bangalore,2012,3,172896.0,5.0
Employee_1499,Male,25.0,Bachelors,Bangalore,2017,3,116385.0,1.0
Employee_1500,Female,27.0,PHD,New Delhi,2013,5,124923.0,2.0
Employee_1501,Male,28.0,Bachelors,Bangalore,2016,2,157224.0,2.9959276018099548
Employee_1502,Female,25.0,Bachelors,Bangalore,2012,3,119860.5,2.0
Employee_1503,Male,27.0,Bachelors,Bangalore,2015,5,151590.0,2.0
Employee_1504,Female,24.0,Bachelors,Pune,2016,2,74392.0,1.0
Employee_1505,Male,26.0,Bachelors,Bangalore,2016,4,174327.0,2.0
Employee_1506,Male,27.0,Bachelors,Pune,2014,5,124677.0,4.0
Employee_1507,Male,24.0,Bachelors,Bangalore,2013,2,100104.0,2.0
Employee_1508,Male,25.0,Bachelors,Bangalore,2017,3,101391.0,3.0
Employee_1509,Female,24.0,Bachelors,Pune,2017,2,90228.0,3.0
Employee_1510,Male,27.0,Bachelors,Bangalore,2013,5,131154.0,5.0
Employee_1511,Female,26.0,Masters,Bangalore,2013,4,95376.0,3.0
Employee_1512,Female,25.0,Bachelors,Pune,2012,3,123159.0,2.0
Employee_1513,Female,28.0,Bachelors,New Delhi,2015,2,156348.0,3.0
Employee_1514,Female,24.0,Masters,New Delhi,2017,2,66952.0,1.0
Employee_1515,Male,26.0,Masters,New Delhi,2013,4,100251.0,3.0
Employee_1516,Male,26.0,Bachelors,Bangalore,2014,4,94935.0,4.0
Employee_1517,Female,24.0,PHD,New Delhi,2016,2,134265.0,1.0
Employee_1518,Male,26.0,Bachelors,New Delhi,2017,4,167343.0,5.0
Employee_1519,Male,26.0,Bachelors,Bangalore,2016,4,148242.0,4.0
Employee_1520,Male,27.0,Bachelors,Bangalore,2014,5,147768.0,2.9959276018099548
Employee_1521,Female,28.0,Bachelors,New Delhi,2017,0,99216.0,2.0
Employee_1522,Female,27.0,PHD,New Delhi,2016,5,95562.0,2.0
Employee_1523,Female,28.0,Masters,Bangalore,2014,4,151215.0,4.0
Employee_1524,Female,28.0,Bachelors,Bangalore,2014,2,103986.0,4.0
Employee_1525,Female,24.0,Bachelors,Bangalore,2017,2,109542.0,4.0
Employee_1526,Male,28.0,Masters,New Delhi,2015,0,154245.0,1.0
Employee_1527,Female,25.0,Bachelors,Pune,2015,3,65416.0,1.0
Employee_1528,Male,27.0,Masters,Pune,2017,5,119860.5,2.0
Employee_1529,Female,25.0,Bachelors,Pune,2014,3,106992.0,3.0
Employee_1530,Female,28.0,Bachelors,Pune,2015,2,79048.0,2.0
Employee_1531,Male,25.0,Bachelors,Pune,2013,3,164331.0,5.0
Employee_1532,Female,26.0,Bachelors,Pune,2013,4,49891.0,1.0
Employee_1533,Female,27.0,Bachelors,Pune,2012,5,72912.0,4.0
Employee_1534,Male,28.0,Masters,New Delhi,2017,0,102636.0,1.0
Employee_1535,Female,28.0,Bachelors,Bangalore,2012,1,129672.0,4.0
Employee_1536,Female,25.0,Bachelors,Pune,2015,3,75940.0,5.0
Employee_1537,Male,26.0,Bachelors,Bangalore,2015,4,165450.0,5.0
Employee_1538,Female,24.0,Bachelors,Bangalore,2015,2,140760.0,1.0
Employee_1539,Female,24.0,Bachelors,New Delhi,2018,2,94875.0,4.0
Employee_1540,Female,27.0,Bachelors,New Delhi,2017,5,119860.5,5.0
Employee_1541,Male,27.0,PHD,Pune,2012,5,113919.0,2.9959276018099548
Employee_1542,Male,26.0,Bachelors,Bangalore,2012,4,115731.0,2.0
Employee_1543,Male,25.0,Bachelors,Bangalore,2013,3,114210.0,4.0
Employee_1544,Female,24.0,Bachelors,New Delhi,2015,2,173571.0,1.0
Employee_1545,Female,24.0,Bachelors,Pune,2013,2,115998.0,5.0
Employee_1546,Male,24.0,Bachelors,Pune,2016,2,164979.0,1.0
Employee_1547,Male,24.0,Bachelors,Pune,2018,2,158622.0,2.0
Employee_1548,Female,27.0,Bachelors,Bangalore,2015,5,100800.0,5.0
Employee_1549,Male,26.0,Bachelors,Bangalore,2018,4,110349.0,1.0
Employee_1550,Female,24.0,Bachelors,Pune,2012,2,129678.0,3.0
Employee_1551,Male,27.0,Masters,New Delhi,2017,5,117438.0,4.0
Employee_1552,Male,26.0,Bachelors,Bangalore,2012,4,119860.5,4.0
Employee_1553,Male,27.0,Bachelors,Bangalore,2013,5,178302.0,3.0
Employee_1554,Female,28.0,Bachelors,New Delhi,2015,3,130470.0,2.0
Employee_1555,Female,24.0,Bachelors,Bangalore,2018,2,119860.5,5.0
Employee_1556,Male,28.0,Bachelors,Bangalore,2014,4,128853.0,4.0
Employee_1557,Female,26.0,Bachelors,Pune,2013,4,42312.0,3.0
Employee_1558,Male,28.0,Bachelors,Bangalore,2015,5,95970.0,3.0
Employee_1559,Male,24.0,Bachelors,Bangalore,2013,2,105897.0,2.0
Employee_1560,Male,26.0,Bachelors,Bangalore,2016,4,128991.0,2.0
Employee_1561,Female,25.0,Bachelors,Bangalore,2013,3,149868.0,1.0
Employee_1562,Male,27.0,Bachelors,Bangalore,2016,5,157077.0,4.0
Employee_1563,Male,26.0,Bachelors,Pune,2017,4,130416.0,1.0
Employee_1564,Female,28.0,Bachelors,Pune,2018,5,105408.0,3.0
Employee_1565,Male,27.0,Masters,Pune,2017,5,68760.0,5.0
Employee_1566,Female,28.0,Bachelors,Bangalore,2013,3,176202.0,5.0
Employee_1567,Male,24.0,Bachelors,Bangalore,2017,2,179022.0,2.0
Employee_1568,Female,25.0,Bachelors,New Delhi,2017,3,69514.0,5.0
Employee_1569,Female,27.0,Bachelors,Pune,2018,5,147291.0,5.0
Employee_1570,Male,27.0,Bachelors,Pune,2016,5,121185.0,5.0
Employee_1571,Male,24.0,Bachelors,Bangalore,2013,2,46241.0,3.0
Employee_1572,Male,28.0,Bachelors,Bangalore,2012,3,35588.0,5.0
Employee_1573,Female,28.0,Bachelors,Pune,2016,3,115392.0,5.0
Employee_1574,Male,24.0,Bachelors,Pune,2016,2,142050.0,2.9959276018099548
Employee_1575,Male,28.0,Bachelors,Bangalore,2017,3,104832.0,1.0
Employee_1576,Male,28.0,Bachelors,Pune,2017,3,86790.0,3.0
Employee_1577,Female,25.0,Bachelors,Bangalore,2017,3,149448.0,2.0
Employee_1578,Male,25.0,Bachelors,Bangalore,2015,3,119860.5,1.0
Employee_1579,Male,25.0,Masters,New Delhi,2013,3,102729.0,4.0
Employee_1580,Male,24.0,Bachelors,Bangalore,2017,2,150255.0,3.0
Employee_1581,Male,27.0,Bachelors,Pune,2013,5,164751.0,3.0
Employee_1582,Female,24.0,Bachelors,Pune,2013,2,103132.0,4.0
Employee_1583,Male,28.0,Bachelors,Bangalore,2017,1,119748.0,4.0
Employee_1584,Male,25.0,Bachelors,Bangalore,2012,3,159264.0,4.0
Employee_1585,Male,26.0,Bachelors,Pune,2014,4,152418.0,2.0
Employee_1586,Female,24.0,Bachelors,Pune,2015,2,39984.0,5.0
Employee_1587,Female,28.0,Masters,New Delhi,2013,2,95277.0,3.0
Employee_1588,Male,25.0,Bachelors,Bangalore,2014,3,173364.0,5.0
Employee_1589,Male,26.0,Bachelors,New Delhi,2017,4,78362.0,5.0
Employee_1590,Male,25.0,Bachelors,Bangalore,2014,3,170514.0,4.0
Employee_1591,Male,25.0,Masters,New Delhi,2013,3,97446.0,2.0
Employee_1592,Male,24.0,Bachelors,Bangalore,2014,2,163326.0,1.0
Employee_1593,Female,28.0,Bachelors,Pune,2014,3,61902.0,2.0
Employee_1594,Male,28.0,Masters,New Delhi,2015,2,165894.0,5.0
Employee_1595,Male,28.0,Bachelors,Bangalore,2015,5,173895.0,2.0
Employee_1596,Male,24.0,Bachelors,Bangalore,2017,2,96237.0,2.9959276018099548
Employee_1597,Male,27.0,Bachelors,Pune,2014,5,98151.0,1.0
Employee_1598,Female,28.0,Bachelors,Pune,2015,5,113816.0,4.0
Employee_1599,Female,26.0,Masters,New Delhi,2017,4,115904.0,1.0
Employee_1600,Female,26.0,Bachelors,New Delhi,2016,4,152724.0,5.0
Employee_1601,Female,26.0,Bachelors,Bangalore,2016,4,119076.0,1.0
Employee_1602,Female,27.0,Bachelors,New Delhi,2013,5,164583.0,1.0
Employee_1603,Male,28.0,Bachelors,Bangalore,2014,3,111933.0,1.0
Employee_1604,Male,25.0,Bachelors,New Delhi,2017,3,174213.0,2.0
Employee_1605,Male,27.0,Bachelors,Bangalore,2015,5,53570.0,2.0
Employee_1606,Male,28.0,Bachelors,Bangalore,2013,4,145347.0,5.0
Employee_1607,Female,24.0,Bachelors,Bangalore,2014,2,92304.0,1.0
Employee_1608,Male,26.0,Bachelors,Pune,2014,4,70980.0,3.0
Employee_1609,Male,24.0,Bachelors,Bangalore,2013,2,136602.0,5.0
Employee_1610,Male,25.0,Bachelors,Bangalore,2012,3,119860.5,1.0
Employee_1611,Male,27.0,Bachelors,Bangalore,2012,5,176595.0,1.0
Employee_1612,Male,28.0,Bachelors,Bangalore,2012,1,109935.0,2.0
Employee_1613,Female,25.0,Masters,New Delhi,2017,3,102934.0,5.0
Employee_1614,Male,25.0,Bachelors,Bangalore,2014,3,105696.0,1.0
Employee_1615,Female,27.0,Bachelors,Pune,2016,5,113474.0,1.0
Employee_1616,Male,28.0,Bachelors,Pune,2017,3,124455.0,2.9959276018099548
Employee_1617,Male,28.0,Masters,New Delhi,2017,2,107391.0,3.0
Employee_1618,Male,26.0,PHD,Pune,2018,4,166566.0,5.0
Employee_1619,Male,24.0,Masters,New Delhi,2017,2,102620.0,5.0
Employee_1620,Male,28.0,Bachelors,Bangalore,2014,0,157200.0,3.0
Employee_1621,Female,26.0,Masters,Pune,2015,4,149157.0,5.0
Employee_1622,Male,27.0,Bachelors,Bangalore,2016,5,127026.0,1.0
Employee_1623,Female,28.0,Bachelors,New Delhi,2016,4,114114.0,5.0
Employee_1624,Male,26.0,Bachelors,Pune,2012,4,138006.0,3.0
Employee_1625,Female,27.0,Masters,Bangalore,2015,5,86174.0,4.0
Employee_1626,Male,28.0,Masters,Pune,2017,0,34873.0,5.0
Employee_1627,Female,28.0,Masters,New Delhi,2015,2,94443.0,2.0
Employee_1628,Male,26.0,Bachelors,Bangalore,2017,4,120279.0,1.0
Employee_1629,Female,28.0,Bachelors,Pune,2017,4,158067.0,1.0
Employee_1630,Male,25.0,Bachelors,Pune,2015,3,149505.0,2.0
Employee_1631,Female,27.0,Masters,New Delhi,2017,5,117280.0,2.0
Employee_1632,Female,27.0,Masters,Pune,2015,5,119860.5,2.9959276018099548
Employee_1633,Male,25.0,Bachelors,Bangalore,2015,3,139314.0,2.0
Employee_1634,Female,28.0,Bachelors,Bangalore,2013,1,119860.5,4.0
Employee_1635,Female,25.0,Bachelors,Pune,2015,3,169197.0,3.0
Employee_1636,Female,28.0,Bachelors,Bangalore,2012,2,179619.0,2.0
Employee_1637,Female,27.0,Bachelors,Pune,2016,5,149538.0,2.0
Employee_1638,Male,26.0,Bachelors,Bangalore,2016,4,137124.0,4.0
Employee_1639,Male,26.0,PHD,New Delhi,2018,4,123813.0,1.0
Employee_1640,Male,27.0,Bachelors,Bangalore,2017,5,141648.0,1.0
Employee_1641,Male,28.0,Bachelors,Pune,2018,2,127800.0,5.0
Employee_1642,Male,24.0,Bachelors,Bangalore,2013,2,122994.0,4.0
Employee_1643,Male,26.0,Bachelors,New Delhi,2013,4,157014.0,3.0
Employee_1644,Male,28.0,Bachelors,Bangalore,2013,1,132885.0,3.0
Employee_1645,Female,28.0,Masters,New Delhi,2017,2,119860.5,4.0
Employee_1646,Male,24.0,Bachelors,Bangalore,2016,2,46380.0,3.0
Employee_1647,Male,27.0,Bachelors,Bangalore,2017,5,119860.5,1.0
Employee_1648,Female,27.0,Bachelors,Pune,2014,5,107210.0,3.0
Employee_1649,Male,27.0,Bachelors,Bangalore,2017,5,149082.0,3.0
Employee_1650,Male,27.0,Bachelors,New Delhi,2017,5,99900.0,4.0
Employee_1651,Male,24.0,Masters,New Delhi,2018,2,110166.0,4.0
Employee_1652,Male,26.0,Bachelors,Bangalore,2016,4,111654.0,3.0
Employee_1653,Male,28.0,Bachelors,Bangalore,2017,3,162480.0,2.0
Employee_1654,Female,26.0,Bachelors,New Delhi,2017,4,150177.0,2.9959276018099548
Employee_1655,Male,28.0,Bachelors,Pune,2016,3,99162.0,5.0
Employee_1656,Male,26.0,Bachelors,New Delhi,2015,4,130725.0,5.0
Employee_1657,Male,26.0,Bachelors,Bangalore,2014,4,113910.0,1.0
Employee_1658,Female,24.0,Bachelors,Pune,2017,2,64286.0,3.0
Employee_1659,Male,26.0,Bachelors,Bangalore,2016,4,119860.5,2.0
Employee_1660,Male,28.0,PHD,New Delhi,2016,4,39503.0,1.0
Employee_1661,Female,24.0,Bachelors,Bangalore,2018,2,173301.0,3.0
Employee_1662,Female,28.0,Bachelors,Bangalore,2017,1,90298.0,4.0
Employee_1663,Female,28.0,Bachelors,Bangalore,2013,2,146766.0,5.0
Employee_1664,Female,25.0,Masters,New Delhi,2014,3,126525.0,2.0
Employee_1665,Male,26.0,Bachelors,Pune,2012,4,50931.0,5.0
Employee_1666,Male,28.0,Bachelors,Bangalore,2014,5,156009.0,4.0
Employee_1667,Male,28.0,Bachelors,Bangalore,2013,2,115068.0,3.0
Employee_1668,Male,27.0,Masters,Pune,2017,5,117706.0,4.0
Employee_1669,Male,28.0,Bachelors,Bangalore,2016,0,158988.0,4.0
Employee_1670,Male,25.0,Bachelors,New Delhi,2014,3,154167.0,5.0
Employee_1671,Female,25.0,Bachelors,Bangalore,2013,3,119860.5,2.0
Employee_1672,Female,24.0,Bachelors,Bangalore,2017,2,92466.0,4.0
Employee_1673,Female,26.0,Bachelors,Bangalore,2015,4,141981.0,5.0
Employee_1674,Male,28.0,Bachelors,Bangalore,2014,4,132867.0,2.9959276018099548
Employee_1675,Male,28.0,Bachelors,New Delhi,2017,0,72300.0,3.0
Employee_1676,Female,24.0,Masters,New Delhi,2017,2,103275.0,3.0
Employee_1677,Male,27.0,PHD,Pune,2017,5,166050.0,1.0
Employee_1678,Female,28.0,Bachelors,Bangalore,2015,5,138096.0,5.0
Employee_1679,Female,25.0,Bachelors,New Delhi,2017,3,96594.0,2.0
Employee_1680,Male,25.0,Masters,Bangalore,2017,3,173196.0,4.0
Employee_1681,Male,26.0,Masters,Bangalore,2017,4,50626.0,3.0
Employee_1682,Male,25.0,Bachelors,Bangalore,2014,3,150237.0,2.0
Employee_1683,Male,27.0,Bachelors,Bangalore,2016,5,100356.0,5.0
Employee_1684,Male,24.0,Bachelors,Bangalore,2013,2,117318.0,1.0
Employee_1685,Male,25.0,Bachelors,Bangalore,2012,3,131577.0,3.0
Employee_1686,Male,25.0,Bachelors,Pune,2014,3,143076.0,2.0
Employee_1687,Female,25.0,Bachelors,Bangalore,2018,3,151683.0,2.0
Employee_1688,Male,26.0,Masters,Pune,2012,4,116115.0,2.0
Employee_1689,Male,25.0,PHD,Bangalore,2016,3,120336.0,5.0
Employee_1690,Male,25.0,Bachelors,Bangalore,2015,3,159708.0,5.0
Employee_1691,Male,25.0,Bachelors,New Delhi,2017,3,104838.0,5.0
Employee_1692,Female,27.0,Bachelors,New Delhi,2015,5,149934.0,4.0
Employee_1693,Male,26.0,Bachelors,Pune,2017,4,104523.0,2.0
Employee_1694,Male,26.0,Bachelors,Pune,2016,4,136074.0,3.0
Employee_1695,Male,26.0,Bachelors,Bangalore,2018,4,94227.0,5.0
Employee_1696,Female,25.0,Masters,New Delhi,2018,3,178134.0,5.0
Employee_1697,Male,28.0,Masters,Pune,2017,3,69132.0,2.0
Employee_1698,Female,24.0,Masters,Bangalore,2014,2,124146.0,5.0
Employee_1699,Female,28.0,Bachelors,Pune,2014,2,152625.0,4.0
Employee_1700,Male,26.0,Bachelors,Bangalore,2012,4,143817.0,4.0
Employee_1701,Male,26.0,Bachelors,Pune,2017,4,133788.0,5.0
Employee_1702,Female,28.0,Bachelors,Pune,2014,0,61608.0,2.0
Employee_1703,Female,25.0,Bachelors,New Delhi,2017,3,129663.0,2.0
Employee_1704,Male,25.0,Bachelors,Bangalore,2014,3,93837.0,2.0
Employee_1705,Male,26.0,Bachelors,Bangalore,2012,4,129576.0,1.0
Employee_1706,Male,26.0,Bachelors,Bangalore,2014,4,179244.0,5.0
Employee_1707,Female,26.0,Bachelors,Bangalore,2017,4,111249.0,2.0
Employee_1708,Male,26.0,Masters,Bangalore,2017,4,104740.0,4.0
Employee_1709,Female,25.0,Bachelors,New Delhi,2017,3,156009.0,3.0
Employee_1710,Male,25.0,Bachelors,Bangalore,2018,3,174459.0,3.0
Employee_1711,Female,27.0,Bachelors,New Delhi,2014,5,123279.0,2.0
Employee_1712,Male,28.0,Bachelors,Bangalore,2017,5,143313.0,3.0
Employee_1713,Female,24.0,Bachelors,Bangalore,2015,2,119860.5,3.0
Employee_1714,Male,27.0,Bachelors,Bangalore,2013,5,119860.5,2.9959276018099548
Employee_1715,Female,26.0,Bachelors,Bangalore,2018,4,172011.0,4.0
Employee_1716,Female,28.0,Masters,New Delhi,2017,2,91034.0,4.0
Employee_1717,Female,28.0,Bachelors,Pune,2016,4,147189.0,1.0
Employee_1718,Male,25.0,Bachelors,Bangalore,2016,3,96318.0,1.0
Employee_1719,Female,27.0,Bachelors,Pune,2015,5,163671.0,3.0
Employee_1720,Male,26.0,Bachelors,Bangalore,2015,4,138258.0,5.0
Employee_1721,Female,28.0,Bachelors,Pune,2015,5,151821.0,3.0
Employee_1722,Male,27.0,Bachelors,Pune,2013,5,104493.0,1.0
Employee_1723,Male,28.0,Masters,Pune,2017,3,98304.0,4.0
Employee_1724,Female,25.0,Bachelors,Pune,2015,3,117058.0,2.9959276018099548
Employee_1725,Female,24.0,Bachelors,Pune,2015,2,66372.0,2.9959276018099548
Employee_1726,Female,28.0,Masters,New Delhi,2017,2,115712.0,3.0
Employee_1727,Female,24.0,Bachelors,New Delhi,2014,2,97719.0,2.0
Employee_1728,Male,27.0,Bachelors,Bangalore,2012,5,128424.0,3.0
Employee_1729,Female,28.0,Bachelors,Pune,2015,5,65198.0,1.0
Employee_1730,Female,27.0,Bachelors,New Delhi,2015,5,68066.0,4.0
Employee_1731,Female,24.0,Bachelors,Bangalore,2017,2,115284.0,4.0
Employee_1732,Female,25.0,Masters,New Delhi,2016,3,93912.0,1.0
Employee_1733,Male,24.0,Bachelors,Pune,2012,2,174018.0,2.0
Employee_1734,Female,24.0,Bachelors,New Delhi,2015,2,119860.5,1.0
Employee_1735,Female,26.0,Bachelors,Pune,2015,4,104522.0,3.0
Employee_1736,Female,27.0,Masters,Pune,2017,5,95370.0,1.0
Employee_1737,Female,24.0,Bachelors,Bangalore,2013,2,48925.0,1.0
Employee_1738,Male,28.0,PHD,Pune,2017,1,145305.0,2.0
Employee_1739,Female,24.0,Bachelors,Bangalore,2017,2,159579.0,3.0
Employee_1740,Female,24.0,Bachelors,Pune,2015,2,77266.0,5.0
Employee_1741,Male,27.0,Bachelors,Bangalore,2017,5,169956.0,5.0
Employee_1742,Male,28.0,Bachelors,New Delhi,2016,4,124116.0,4.0
Employee_1743,Female,28.0,Masters,New Delhi,2017,2,114466.0,1.0
Employee_1744,Male,24.0,PHD,New Delhi,2014,2,175122.0,4.0
Employee_1745,Female,26.0,Bachelors,Bangalore,2013,4,116988.0,2.0
Employee_1746,Male,24.0,Masters,New Delhi,2014,2,139374.0,5.0
Employee_1747,Female,24.0,Bachelors,New Delhi,2013,2,160095.0,1.0
Employee_1748,Male,26.0,Masters,New Delhi,2017,4,170253.0,2.9959276018099548
Employee_1749,Male,27.0,Bachelors,Pune,2014,5,117000.0,2.0
Employee_1750,Male,25.0,Masters,Bangalore,2013,3,169995.0,1.0
Employee_1751,Female,27.0,Masters,New Delhi,2012,5,106425.0,2.0
Employee_1752,Male,25.0,Masters,Bangalore,2017,3,109232.0,1.0
Employee_1753,Male,28.0,Bachelors,New Delhi,2012,5,169971.0,1.0
Employee_1754,Male,28.0,Bachelors,Bangalore,2014,0,111552.0,3.0
Employee_1755,Female,28.0,Bachelors,New Delhi,2017,4,156540.0,2.9959276018099548
Employee_1756,Male,27.0,Bachelors,Pune,2016,5,160575.0,2.0
Employee_1757,Female,27.0,Bachelors,New Delhi,2017,5,85750.0,2.0
Employee_1758,Female,28.0,PHD,Bangalore,2014,0,94866.0,3.0
Employee_1759,Male,25.0,Bachelors,Pune,2013,3,91976.0,3.0
Employee_1760,Male,28.0,Bachelors,Pune,2017,3,114123.0,3.0
Employee_1761,Male,27.0,Bachelors,Bangalore,2012,5,140175.0,5.0
Employee_1762,Female,24.0,Bachelors,Bangalore,2013,2,117256.0,5.0
Employee_1763,Male,25.0,Masters,New Delhi,2017,3,96916.0,5.0
Employee_1764,Male,24.0,Bachelors,Pune,2014,2,113976.0,1.0
Employee_1765,Female,25.0,Bachelors,New Delhi,2013,3,45646.0,2.0
Employee_1766,Male,28.0,Bachelors,Pune,2015,2,141087.0,4.0
Employee_1767,Male,28.0,Masters,New Delhi,2017,1,178206.0,1.0
Employee_1768,Female,27.0,Bachelors,New Delhi,2017,5,68526.0,2.0
Employee_1769,Male,24.0,Bachelors,Pune,2018,2,165555.0,2.0
Employee_1770,Male,26.0,Bachelors,Bangalore,2013,4,132180.0,3.0
Employee_1771,Female,27.0,Bachelors,Bangalore,2017,5,157560.0,3.0
Employee_1772,Female,26.0,Masters,New Delhi,2017,4,45156.0,1.0
Employee_1773,Female,26.0,Masters,Bangalore,2017,4,77292.0,3.0
Employee_1774,Male,26.0,Bachelors,Pune,2013,4,172587.0,2.0
Employee_1775,Female,25.0,Masters,New Delhi,2014,3,56284.0,3.0
Employee_1776,Male,27.0,Bachelors,Bangalore,2014,5,124992.0,5.0
Employee_1777,Male,25.0,Bachelors,Bangalore,2016,3,98907.0,3.0
Employee_1778,Male,27.0,Bachelors,Bangalore,2016,5,99084.0,2.0
Employee_1779,Female,28.0,Bachelors,Bangalore,2015,5,162081.0,1.0
Employee_1780,Male,25.0,Masters,New Delhi,2012,3,178119.0,4.0
Employee_1781,Male,28.0,Bachelors,Bangalore,2013,2,147195.0,3.0
Employee_1782,Male,25.0,Bachelors,Bangalore,2014,3,33629.0,2.0
Employee_1783,Male,26.0,Bachelors,Pune,2014,4,151827.0,4.0
Employee_1784,Male,28.0,Bachelors,Pune,2013,0,99201.0,4.0
Employee_1785,Male,27.0,Bachelors,Bangalore,2015,5,107823.0,5.0
Employee_1786,Female,28.0,Bachelors,Pune,2014,3,47770.0,4.0
Employee_1787,Female,25.0,Masters,Pune,2017,3,116704.0,2.0
Employee_1788,Female,28.0,Masters,New Delhi,2013,2,147750.0,2.0
Employee_1789,Female,27.0,Masters,Bangalore,2017,5,102344.0,3.0
Employee_1790,Male,27.0,Bachelors,Bangalore,2015,5,119860.5,3.0
Employee_1791,Male,27.0,Bachelors,Bangalore,2012,5,155622.0,3.0
Employee_1792,Male,26.0,Bachelors,Bangalore,2014,4,129243.0,4.0
Employee_1793,Female,26.0,Bachelors,New Delhi,2013,4,151524.0,4.0
Employee_1794,Male,27.0,Bachelors,Bangalore,2012,5,164172.0,5.0
Employee_1795,Female,26.0,Bachelors,Bangalore,2013,4,150702.0,3.0
Employee_1796,Female,28.0,Masters,New Delhi,2017,3,103598.0,1.0
Employee_1797,Male,26.0,Bachelors,New Delhi,2017,4,113268.0,5.0
Employee_1798,Female,27.0,Bachelors,Pune,2013,5,108126.0,1.0
Employee_1799,Female,27.0,Masters,Bangalore,2015,5,110457.0,4.0
Employee_1800,Female,27.0,Masters,Pune,2017,5,167136.0,5.0
Employee_1801,Male,27.0,Bachelors,Bangalore,2016,5,164286.0,5.0
Employee_1802,Male,27.0,Bachelors,Bangalore,2012,5,123138.0,2.0
Employee_1803,Female,25.0,Bachelors,Bangalore,2014,3,119860.5,4.0
Employee_1804,Female,26.0,Bachelors,Bangalore,2016,4,143151.0,4.0
Employee_1805,Female,26.0,Bachelors,Bangalore,2016,4,176307.0,5.0
Employee_1806,Male,26.0,Bachelors,New Delhi,2014,4,151602.0,4.0
Employee_1807,Male,28.0,Bachelors,Bangalore,2014,3,159450.0,5.0
Employee_1808,Male,25.0,Bachelors,Pune,2012,3,98133.0,2.0
Employee_1809,Female,28.0,Masters,Bangalore,2014,3,104559.0,5.0
Employee_1810,Male,26.0,Bachelors,New Delhi,2016,4,177231.0,4.0
Employee_1811,Female,24.0,Bachelors,New Delhi,2012,2,157788.0,4.0
Employee_1812,Female,28.0,Bachelors,Pune,2015,4,107726.0,5.0
Employee_1813,Male,24.0,Bachelors,New Delhi,2017,2,103584.0,5.0
Employee_1814,Male,25.0,Bachelors,New Delhi,2015,3,169083.0,5.0
Employee_1815,Male,27.0,Bachelors,Bangalore,2013,5,113145.0,3.0
Employee_1816,Male,27.0,Bachelors,Bangalore,2015,5,116826.0,4.0
Employee_1817,Female,28.0,Bachelors,Bangalore,2017,3,136521.0,4.0
Employee_1818,Female,24.0,Bachelors,Bangalore,2017,2,137478.0,3.0
Employee_1819,Female,26.0,Masters,New Delhi,2017,4,63524.0,5.0
Employee_1820,Male,25.0,Bachelors,Bangalore,2016,3,137550.0,2.0
Employee_1821,Male,26.0,Bachelors,Bangalore,2016,4,126336.0,5.0
Employee_1822,Female,24.0,Masters,Bangalore,2017,2,106970.0,5.0
Employee_1823,Male,27.0,Bachelors,Bangalore,2017,5,162174.0,3.0
Employee_1824,Female,27.0,Bachelors,Pune,2014,5,85304.0,4.0
Employee_1825,Female,24.0,Masters,New Delhi,2017,2,36122.0,5.0
Employee_1826,Male,28.0,Bachelors,Bangalore,2014,1,91443.0,4.0
Employee_1827,Male,26.0,Bachelors,Pune,2013,4,133608.0,1.0
Employee_1828,Male,28.0,Bachelors,Pune,2014,0,90459.0,4.0
Employee_1829,Male,28.0,Masters,New Delhi,2013,1,112851.0,2.0
Employee_1830,Female,27.0,Masters,Pune,2017,5,63048.0,2.0
Employee_1831,Male,28.0,Bachelors,Pune,2017,1,96360.0,5.0
Employee_1832,Female,26.0,Bachelors,New Delhi,2016,4,135144.0,4.0
Employee_1833,Male,27.0,PHD,Bangalore,2018,5,97029.0,5.0
Employee_1834,Male,26.0,Bachelors,Pune,2014,4,105408.0,3.0
Employee_1835,Male,25.0,Bachelors,Pune,2013,3,156432.0,2.0
Employee_1836,Male,25.0,Masters,Pune,2017,3,93720.0,5.0
Employee_1837,Female,24.0,Bachelors,Pune,2017,2,60120.0,3.0
Employee_1838,Female,24.0,Bachelors,New Delhi,2017,2,117390.0,5.0
Employee_1839,Male,24.0,PHD,Pune,2014,2,144069.0,4.0
Employee_1840,Female,24.0,PHD,Bangalore,2017,2,119860.5,4.0
Employee_1841,Male,26.0,Masters,New Delhi,2017,4,84624.0,4.0
Employee_1842,Male,24.0,Bachelors,Pune,2013,2,86700.0,4.0
Employee_1843,Female,27.0,PHD,New Delhi,2016,5,163062.0,1.0
Employee_1844,Female,25.0,Masters,New Delhi,2017,3,84836.0,3.0
Employee_1845,Male,26.0,Bachelors,Pune,2014,4,174435.0,2.9959276018099548
Employee_1846,Female,25.0,Bachelors,New Delhi,2017,3,93756.0,4.0
Employee_1847,Female,27.0,Bachelors,Bangalore,2012,5,151761.0,1.0
Employee_1848,Male,26.0,Bachelors,Bangalore,2016,4,115089.0,2.9959276018099548
Employee_1849,Male,26.0,Bachelors,Bangalore,2016,4,118950.0,1.0
Employee_1850,Female,27.0,Bachelors,Pune,2015,5,99866.0,4.0
Employee_1851,Female,28.0,Bachelors,Pune,2016,2,119860.5,2.0
Employee_1852,Female,27.0,Masters,New Delhi,2017,5,106786.0,2.0
Employee_1853,Female,25.0,Bachelors,Bangalore,2018,3,159153.0,5.0
Employee_1854,Male,28.0,Bachelors,Pune,2014,5,146118.0,4.0
Employee_1855,Male,27.0,Bachelors,Bangalore,2014,5,168636.0,3.0
Employee_1856,Female,25.0,Bachelors,New Delhi,2015,3,173073.0,5.0
Employee_1857,Female,26.0,Masters,Bangalore,2017,4,138942.0,2.0
Employee_1858,Male,25.0,Masters,New Delhi,2018,3,102270.0,4.0
Employee_1859,Male,25.0,Bachelors,Bangalore,2018,3,110880.0,5.0
Employee_1860,Male,28.0,Bachelors,Bangalore,2014,1,99012.0,4.0
Employee_1861,Male,24.0,Bachelors,Bangalore,2017,2,119860.5,2.0
Employee_1862,Female,28.0,Bachelors,Bangalore,2013,3,140139.0,5.0
Employee_1863,Male,24.0,Bachelors,Pune,2015,2,100920.0,2.0
Employee_1864,Male,26.0,Bachelors,Bangalore,2012,4,175410.0,1.0
Employee_1865,Female,25.0,Bachelors,New Delhi,2014,3,163098.0,2.0
Employee_1866,Male,26.0,Masters,New Delhi,2017,4,50491.0,4.0
Employee_1867,Female,25.0,Bachelors,Bangalore,2016,3,94023.0,3.0
Employee_1868,Male,26.0,Bachelors,Pune,2013,4,83710.0,2.0
Employee_1869,Male,26.0,Bachelors,Pune,2018,4,54791.0,2.9959276018099548
Employee_1870,Male,24.0,Bachelors,Bangalore,2017,2,119860.5,1.0
Employee_1871,Male,24.0,Bachelors,Bangalore,2016,2,107685.0,5.0
Employee_1872,Female,24.0,Bachelors,Bangalore,2014,2,126762.0,5.0
Employee_1873,Male,28.0,PHD,New Delhi,2017,3,147276.0,2.9959276018099548
Employee_1874,Female,24.0,Bachelors,New Delhi,2017,2,82688.0,5.0
Employee_1875,Female,25.0,Bachelors,Bangalore,2015,3,95250.0,2.0
Employee_1876,Male,26.0,Bachelors,Pune,2015,4,155964.0,3.0
Employee_1877,Male,27.0,Masters,Bangalore,2014,5,97263.0,4.0
Employee_1878,Female,24.0,Bachelors,Pune,2012,2,111357.0,2.0
Employee_1879,Female,26.0,Bachelors,Pune,2015,4,110570.0,2.0
Employee_1880,Female,24.0,Bachelors,Bangalore,2013,2,105957.0,2.0
Employee_1881,Female,26.0,Bachelors,Bangalore,2017,4,137688.0,2.9959276018099548
Employee_1882,Male,26.0,Masters,New Delhi,2017,4,158979.0,1.0
Employee_1883,Male,24.0,Bachelors,Bangalore,2016,2,179352.0,5.0
Employee_1884,Male,28.0,Bachelors,Pune,2015,2,119860.5,3.0
Employee_1885,Male,27.0,Bachelors,Bangalore,2013,5,125754.0,1.0
Employee_1886,Male,24.0,Bachelors,Bangalore,2012,2,174654.0,3.0
Employee_1887,Female,28.0,Masters,Pune,2015,0,100754.0,5.0
Employee_1888,Male,26.0,Bachelors,Pune,2017,4,165192.0,4.0
Employee_1889,Female,27.0,Bachelors,Bangalore,2018,5,163284.0,2.9959276018099548
Employee_1890,Male,27.0,Masters,Pune,2017,5,131547.0,2.0
Employee_1891,Female,27.0,Bachelors,Bangalore,2013,5,54622.0,4.0
Employee_1892,Female,27.0,Bachelors,Bangalore,2016,5,173805.0,1.0
Employee_1893,Male,28.0,Bachelors,Pune,2013,1,104619.0,1.0
Employee_1894,Male,28.0,Bachelors,Pune,2017,2,179133.0,3.0
Employee_1895,Male,26.0,Bachelors,Bangalore,2013,4,119860.5,4.0
Employee_1896,Female,25.0,Bachelors,Bangalore,2015,3,115776.0,1.0
Employee_1897,Female,24.0,Bachelors,Pune,2015,2,126546.0,4.0
Employee_1898,Male,28.0,Bachelors,New Delhi,2014,1,156891.0,5.0
Employee_1899,Female,28.0,Bachelors,New Delhi,2017,2,119860.5,2.0
Employee_1900,Male,26.0,Masters,New Delhi,2015,4,148623.0,2.0
Employee_1901,Male,25.0,PHD,New Delhi,2014,3,176763.0,2.0
Employee_1902,Male,25.0,Bachelors,Bangalore,2013,3,140322.0,4.0
Employee_1903,Male,25.0,Bachelors,Bangalore,2017,3,126135.0,4.0
Employee_1904,Female,24.0,Bachelors,New Delhi,2013,2,68860.0,3.0
Employee_1905,Male,25.0,Bachelors,Pune,2014,3,116460.0,2.0
Employee_1906,Female,25.0,Bachelors,New Delhi,2017,3,162210.0,3.0
Employee_1907,Male,24.0,Masters,New Delhi,2017,2,68464.0,2.0
Employee_1908,Female,28.0,Bachelors,New Delhi,2015,2,123366.0,3.0
Employee_1909,Male,27.0,Bachelors,Bangalore,2017,5,135069.0,3.0
Employee_1910,Male,26.0,Bachelors,Pune,2015,4,114021.0,5.0
Employee_1911,Female,27.0,Bachelors,Pune,2017,5,95810.0,3.0
Employee_1912,Male,24.0,Bachelors,Bangalore,2016,2,117054.0,4.0
Employee_1913,Female,26.0,Bachelors,Bangalore,2014,4,118796.0,3.0
Employee_1914,Female,25.0,Masters,New Delhi,2017,3,63000.0,2.0
Employee_1915,Female,25.0,Bachelors,New Delhi,2012,3,110211.0,3.0
Employee_1916,Male,27.0,Bachelors,Bangalore,2014,5,99882.0,1.0
Employee_1917,Male,28.0,Bachelors,New Delhi,2017,5,154407.0,2.0
Employee_1918,Female,25.0,Bachelors,Bangalore,2018,3,146409.0,1.0
Employee_1919,Female,27.0,Bachelors,Pune,2016,5,166530.0,2.0
Employee_1920,Male,24.0,Bachelors,Bangalore,2017,2,148278.0,2.9959276018099548
Employee_1921,Female,28.0,Bachelors,Pune,2014,1,68994.0,4.0
Employee_1922,Female,28.0,Bachelors,Bangalore,2017,2,95700.0,4.0
Employee_1923,Female,26.0,Bachelors,New Delhi,2017,4,99890.0,1.0
Employee_1924,Female,28.0,Bachelors,Pune,2013,5,61228.0,5.0
Employee_1925,Female,28.0,Bachelors,Bangalore,2012,2,119860.5,2.0
Employee_1926,Female,27.0,Masters,Pune,2017,5,108154.0,4.0
Employee_1927,Male,24.0,Bachelors,New Delhi,2015,2,118122.0,2.0
Employee_1928,Female,28.0,Bachelors,New Delhi,2013,2,148821.0,1.0
Employee_1929,Male,28.0,Bachelors,New Delhi,2016,0,160566.0,5.0
Employee_1930,Male,26.0,Bachelors,Bangalore,2016,4,98001.0,1.0
Employee_1931,Male,27.0,Bachelors,Bangalore,2018,5,163092.0,2.0
Employee_1932,Male,25.0,Bachelors,Bangalore,2015,3,130227.0,2.9959276018099548
Employee_1933,Male,26.0,Bachelors,Bangalore,2014,4,139542.0,5.0
Employee_1934,Male,24.0,Bachelors,Pune,2018,2,179598.0,1.0
Employee_1935,Male,26.0,Bachelors,Bangalore,2017,4,98949.0,4.0
Employee_1936,Male,26.0,Bachelors,Bangalore,2016,4,151986.0,2.0
Employee_1937,Male,26.0,Bachelors,Bangalore,2012,4,160530.0,3.0
Employee_1938,Male,27.0,Masters,Bangalore,2017,5,85302.0,3.0
Employee_1939,Female,25.0,Bachelors,Bangalore,2016,3,114690.0,1.0
Employee_1940,Male,25.0,Masters,Pune,2013,3,162234.0,2.0
Employee_1941,Male,27.0,Masters,New Delhi,2016,5,175605.0,2.0
Employee_1942,Female,28.0,Bachelors,Bangalore,2014,1,109920.0,1.0
Employee_1943,Male,25.0,Bachelors,Bangalore,2014,3,125337.0,2.0
Employee_1944,Male,25.0,PHD,Bangalore,2013,3,103704.0,4.0
Employee_1945,Male,25.0,Bachelors,New Delhi,2017,3,135951.0,1.0
Employee_1946,Male,24.0,Bachelors,Bangalore,2015,2,141912.0,4.0
Employee_1947,Female,26.0,Masters,Bangalore,2015,4,112692.0,2.9959276018099548
Employee_1948,Female,25.0,Bachelors,Bangalore,2013,3,172035.0,1.0
Employee_1949,Female,24.0,Bachelors,New Delhi,2015,2,91040.0,2.0
Employee_1950,Female,27.0,Masters,New Delhi,2015,5,117374.0,1.0
Employee_1951,Male,26.0,Bachelors,New Delhi,2017,4,110136.0,2.0
Employee_1952,Male,25.0,Bachelors,Bangalore,2013,3,131211.0,4.0
Employee_1953,Male,24.0,PHD,New Delhi,2017,2,117969.0,4.0
Employee_1954,Male,27.0,Masters,Bangalore,2015,5,135687.0,2.0
Employee_1955,Female,28.0,Bachelors,New Delhi,2015,1,83426.0,1.0
Employee_1956,Male,28.0,Bachelors,Bangalore,2014,2,115506.0,3.0
Employee_1957,Male,25.0,Bachelors,Bangalore,2014,3,165942.0,4.0
Employee_1958,Male,26.0,Bachelors,Bangalore,2013,4,148875.0,4.0
Employee_1959,Male,27.0,Masters,New Delhi,2017,5,30545.0,3.0
Employee_1960,Male,27.0,Bachelors,Bangalore,2018,5,171111.0,2.0
Employee_1961,Male,24.0,Bachelors,Bangalore,2014,2,103038.0,1.0
Employee_1962,Male,28.0,Bachelors,Bangalore,2013,0,178290.0,2.0
Employee_1963,Male,24.0,Bachelors,Bangalore,2013,2,119988.0,5.0
Employee_1964,Female,28.0,Bachelors,Bangalore,2012,1,173364.0,4.0
Employee_1965,Male,26.0,Bachelors,Bangalore,2014,4,179907.0,5.0
Employee_1966,Male,28.0,Masters,New Delhi,2017,3,91550.0,4.0
Employee_1967,Female,24.0,Bachelors,Pune,2013,2,131757.0,4.0
Employee_1968,Male,24.0,Masters,New Delhi,2017,2,67620.0,5.0
Employee_1969,Female,28.0,Bachelors,Bangalore,2014,1,111618.0,2.9959276018099548
Employee_1970,Male,25.0,Bachelors,Bangalore,2018,3,117015.0,2.0
Employee_1971,Female,27.0,Masters,New Delhi,2012,5,139113.0,5.0
Employee_1972,Male,26.0,Masters,New Delhi,2014,4,126948.0,2.0
Employee_1973,Male,28.0,Bachelors,Bangalore,2017,5,178887.0,2.0
Employee_1974,Female,28.0,Bachelors,Pune,2017,1,145248.0,2.0
Employee_1975,Male,24.0,Bachelors,Bangalore,2016,2,177444.0,4.0
Employee_1976,Male,24.0,Bachelors,New Delhi,2016,2,176967.0,4.0
Employee_1977,Male,28.0,Masters,New Delhi,2018,2,115308.0,2.9959276018099548
Employee_1978,Male,25.0,Bachelors,Bangalore,2014,3,178257.0,4.0
Employee_1979,Male,25.0,Masters,New Delhi,2013,3,128952.0,5.0
Employee_1980,Female,28.0,Masters,Bangalore,2017,0,90813.0,4.0
Employee_1981,Male,26.0,PHD,Bangalore,2018,4,149685.0,1.0
Employee_1982,Male,24.0,Bachelors,Bangalore,2017,2,48155.0,1.0
Employee_1983,Male,25.0,Bachelors,New Delhi,2017,3,111676.0,5.0
Employee_1984,Female,28.0,Masters,Pune,2015,0,81232.0,4.0
Employee_1985,Female,27.0,Bachelors,Pune,2014,5,68722.0,4.0
Employee_1986,Male,25.0,Bachelors,Bangalore,2014,3,111207.0,2.0
Employee_1987,Male,27.0,Bachelors,Pune,2017,5,141912.0,3.0
Employee_1988,Male,28.0,Bachelors,Bangalore,2017,2,163722.0,5.0
Employee_1989,Male,28.0,Bachelors,Bangalore,2014,1,100290.0,3.0
Employee_1990,Female,28.0,Bachelors,New Delhi,2014,3,152457.0,3.0
Employee_1991,Female,28.0,Bachelors,New Delhi,2015,1,85352.0,5.0
Employee_1992,Male,29.0,Bachelors,Bangalore,2012,1,122448.0,4.0
Employee_1993,Male,26.0,Bachelors,Pune,2017,4,100288.0,5.0
Employee_1994,Female,28.0,Bachelors,Pune,2015,2,96150.0,3.0
Employee_1995,Male,26.0,Bachelors,Pune,2016,4,125076.0,4.0
Employee_1996,Female,26.0,Masters,New Delhi,2017,4,93495.0,1.0
Employee_1997,Male,26.0,Bachelors,Pune,2013,4,164853.0,5.0
Employee_1998,Male,28.0,Bachelors,Bangalore,2017,1,96099.0,5.0
Employee_1999,Male,26.0,Bachelors,Bangalore,2013,4,158553.0,4.0
Employee_2000,Female,28.0,Bachelors,Pune,2015,2,90435.0,1.0
Employee_2001,Female,28.0,Bachelors,New Delhi,2017,1,132807.0,1.0
Employee_2002,Female,27.0,Bachelors,New Delhi,2016,5,152316.0,4.0
Employee_2003,Male,28.0,Bachelors,Pune,2018,5,113496.0,2.0
Employee_2004,Male,29.0,Bachelors,Bangalore,2014,2,165021.0,5.0
Employee_2005,Female,28.0,Bachelors,Pune,2015,2,110560.0,5.0
Employee_2006,Female,26.0,Bachelors,Pune,2017,4,163671.0,3.0
Employee_2007,Male,28.0,Masters,New Delhi,2017,2,132858.0,2.9959276018099548
Employee_2008,Male,26.0,Bachelors,Pune,2017,4,97896.0,3.0
Employee_2009,Female,26.0,Bachelors,Pune,2017,4,103482.0,3.0
Employee_2010,Female,26.0,Bachelors,Bangalore,2018,4,119860.5,1.0
Employee_2011,Male,30.0,Bachelors,Pune,2014,2,163320.0,5.0
Employee_2012,Male,29.0,Masters,New Delhi,2017,2,161685.0,3.0
Employee_2013,Female,26.0,Masters,Pune,2017,4,78310.0,1.0
Employee_2014,Female,28.0,Masters,New Delhi,2015,2,121278.0,4.0
Employee_2015,Female,30.0,Bachelors,Bangalore,2016,2,120699.0,3.0
Employee_2016,Female,26.0,Bachelors,Bangalore,2012,4,95484.0,5.0
Employee_2017,Male,29.0,Bachelors,Bangalore,2014,1,119860.5,3.0
Employee_2018,Male,26.0,Bachelors,Bangalore,2012,4,126780.0,4.0
Employee_2019,Male,26.0,Bachelors,Bangalore,2018,4,117390.0,3.0
Employee_2020,Female,29.0,PHD,New Delhi,2018,1,69610.0,5.0
Employee_2021,Male,26.0,Masters,New Delhi,2013,4,92418.0,1.0
Employee_2022,Female,28.0,Masters,Pune,2015,2,168117.0,5.0
Employee_2023,Male,26.0,Bachelors,Pune,2018,4,161610.0,1.0
Employee_2024,Female,29.0,Masters,New Delhi,2013,2,119994.0,2.9959276018099548
Employee_2025,Male,29.0,Bachelors,Bangalore,2016,2,173973.0,5.0
Employee_2026,Male,28.0,Bachelors,Bangalore,2013,1,114606.0,5.0
Employee_2027,Female,26.0,Bachelors,Pune,2017,4,119514.0,4.0
Employee_2028,Female,30.0,Masters,Pune,2017,2,63736.0,3.0
Employee_2029,Female,30.0,Bachelors,Pune,2015,1,119860.5,1.0
Employee_2030,Female,29.0,Masters,New Delhi,2017,2,91024.0,1.0
Employee_2031,Male,30.0,Bachelors,Bangalore,2015,2,162786.0,4.0
Employee_2032,Female,27.0,Bachelors,Bangalore,2015,5,134697.0,4.0
Employee_2033,Female,27.0,Bachelors,Pune,2017,5,178329.0,3.0
Employee_2034,Male,30.0,Bachelors,Bangalore,2014,2,156222.0,3.0
Employee_2035,Female,26.0,Bachelors,Bangalore,2014,4,162633.0,5.0
Employee_2036,Male,26.0,Masters,New Delhi,2013,4,138660.0,2.0
Employee_2037,Female,29.0,Bachelors,New Delhi,2013,1,137802.0,3.0
Employee_2038,Female,27.0,Bachelors,New Delhi,2018,5,106287.0,4.0
Employee_2039,Male,29.0,Bachelors,Bangalore,2014,1,117228.0,3.0
Employee_2040,Female,26.0,Bachelors,Pune,2017,4,119860.5,1.0
Employee_2041,Female,27.0,Masters,Bangalore,2015,5,62778.0,2.0
Employee_2042,Female,29.0,Masters,New Delhi,2017,2,83186.0,5.0
Employee_2043,Female,26.0,Masters,Bangalore,2017,4,111822.0,1.0
Employee_2044,Male,28.0,Bachelors,Bangalore,2015,2,176691.0,1.0
Employee_2045,Male,27.0,Bachelors,Bangalore,2013,5,141624.0,2.0
Employee_2046,Female,28.0,Bachelors,New Delhi,2014,2,145947.0,5.0
Employee_2047,Male,29.0,Bachelors,Bangalore,2012,1,141960.0,4.0
Employee_2048,Female,28.0,Bachelors,New Delhi,2016,2,172128.0,5.0
Employee_2049,Female,26.0,Masters,New Delhi,2012,4,122235.0,3.0
Employee_2050,Male,26.0,Bachelors,Bangalore,2014,4,158358.0,1.0
Employee_2051,Male,28.0,Bachelors,Pune,2017,2,132597.0,3.0
Employee_2052,Female,27.0,Bachelors,Bangalore,2012,5,100458.0,4.0
Employee_2053,Male,28.0,Bachelors,Bangalore,2018,1,137628.0,3.0
Employee_2054,Female,26.0,Bachelors,Pune,2015,4,96360.0,5.0
Employee_2055,Female,28.0,PHD,Bangalore,2016,1,114735.0,3.0
Employee_2056,Female,30.0,Masters,Bangalore,2018,2,111642.0,4.0
Employee_2057,Female,28.0,Bachelors,Bangalore,2014,2,92178.0,4.0
Employee_2058,Male,30.0,Masters,New Delhi,2017,2,98240.0,4.0
Employee_2059,Male,30.0,Bachelors,Bangalore,2012,1,131496.0,5.0
Employee_2060,Male,30.0,Masters,New Delhi,2017,2,82724.0,4.0
Employee_2061,Male,26.0,Bachelors,New Delhi,2017,4,179145.0,1.0
Employee_2062,Female,28.0,Bachelors,Bangalore,2017,2,144891.0,2.9959276018099548
Employee_2063,Female,26.0,Masters,New Delhi,2013,4,168516.0,3.0
Employee_2064,Male,29.0,PHD,New Delhi,2015,2,40106.0,3.0
Employee_2065,Female,27.0,Masters,New Delhi,2017,5,75314.0,3.0
Employee_2066,Male,30.0,Bachelors,Pune,2016,1,146550.0,5.0
Employee_2067,Male,26.0,Bachelors,Bangalore,2012,4,119860.5,3.0
Employee_2068,Female,29.0,Bachelors,Pune,2014,2,110850.0,5.0
Employee_2069,Male,30.0,Bachelors,Bangalore,2016,2,170055.0,5.0
Employee_2070,Female,27.0,Bachelors,Bangalore,2013,5,161088.0,2.9959276018099548
Employee_2071,Female,29.0,PHD,New Delhi,2015,1,89102.0,1.0
Employee_2072,Male,27.0,Bachelors,Bangalore,2012,5,163734.0,4.0
Employee_2073,Male,30.0,Bachelors,Bangalore,2018,2,176493.0,4.0
Employee_2074,Female,29.0,Masters,Pune,2017,2,75812.0,5.0
Employee_2075,Female,29.0,Masters,Bangalore,2016,2,175935.0,5.0
Employee_2076,Female,27.0,Bachelors,Bangalore,2017,5,153780.0,3.0
Employee_2077,Male,28.0,Bachelors,Bangalore,2017,2,111861.0,3.0
Employee_2078,Female,27.0,Bachelors,Bangalore,2017,5,92676.0,4.0
Employee_2079,Male,28.0,Bachelors,New Delhi,2012,1,120666.0,2.0
Employee_2080,Male,26.0,Bachelors,Bangalore,2017,4,173208.0,2.0
Employee_2081,Female,28.0,Bachelors,Bangalore,2013,1,170856.0,3.0
Employee_2082,Female,29.0,Bachelors,Pune,2013,1,69350.0,2.0
Employee_2083,Male,27.0,Bachelors,Bangalore,2015,5,31933.0,3.0
Employee_2084,Male,30.0,Bachelors,Bangalore,2016,1,143292.0,5.0
Employee_2085,Female,30.0,Bachelors,New Delhi,2013,1,125619.0,4.0
Employee_2086,Male,27.0,Masters,Pune,2017,5,95348.0,1.0
Employee_2087,Male,29.0,Masters,Pune,2017,2,96048.0,4.0
Employee_2088,Female,29.0,Bachelors,New Delhi,2016,1,119860.5,3.0
Employee_2089,Male,26.0,Bachelors,Bangalore,2014,4,161622.0,3.0
Employee_2090,Male,26.0,Bachelors,Bangalore,2014,4,122622.0,2.9959276018099548
Employee_2091,Female,28.0,Bachelors,New Delhi,2015,1,166689.0,3.0
Employee_2092,Female,28.0,Bachelors,Pune,2013,1,95204.0,2.0
Employee_2093,Female,27.0,Bachelors,Bangalore,2016,5,105048.0,2.0
Employee_2094,Male,26.0,Bachelors,Bangalore,2017,4,159795.0,2.9959276018099548
Employee_2095,Male,30.0,Bachelors,New Delhi,2014,2,167793.0,3.0
Employee_2096,Male,30.0,Bachelors,Pune,2015,2,117682.0,2.0
Employee_2097,Male,27.0,Bachelors,Bangalore,2016,5,177576.0,3.0
Employee_2098,Female,26.0,Bachelors,Pune,2015,4,131322.0,3.0
Employee_2099,Male,30.0,Bachelors,New Delhi,2014,1,176133.0,4.0
Employee_2100,Male,26.0,Masters,Pune,2017,4,79504.0,1.0
Employee_2101,Male,27.0,Bachelors,Bangalore,2016,5,167982.0,2.0
Employee_2102,Male,28.0,PHD,Pune,2017,1,142014.0,4.0
Employee_2103,Female,30.0,Bachelors,New Delhi,2015,2,136755.0,1.0
Employee_2104,Male,29.0,Bachelors,Bangalore,2016,2,166677.0,3.0
Employee_2105,Male,28.0,Bachelors,Bangalore,2012,2,111873.0,3.0
Employee_2106,Male,30.0,Bachelors,Bangalore,2014,2,30974.0,4.0
Employee_2107,Male,27.0,Bachelors,Bangalore,2013,5,102399.0,3.0
Employee_2108,Male,30.0,Masters,Pune,2017,2,89326.0,5.0
Employee_2109,Male,30.0,Bachelors,Bangalore,2012,2,155262.0,4.0
Employee_2110,Male,26.0,Masters,New Delhi,2017,4,67944.0,1.0
Employee_2111,Male,26.0,Bachelors,Pune,2014,4,70590.0,4.0
Employee_2112,Female,29.0,Bachelors,Bangalore,2013,1,131739.0,2.0
Employee_2113,Female,29.0,Bachelors,Pune,2015,2,117315.0,4.0
Employee_2114,Female,28.0,Bachelors,Bangalore,2013,1,177375.0,3.0
Employee_2115,Male,29.0,Masters,Bangalore,2016,1,114684.0,3.0
Employee_2116,Female,26.0,Masters,New Delhi,2016,4,173889.0,5.0
Employee_2117,Male,26.0,Bachelors,Bangalore,2015,4,119709.0,5.0
Employee_2118,Male,26.0,Bachelors,Pune,2016,4,99060.0,5.0
Employee_2119,Male,27.0,Masters,New Delhi,2015,5,38987.0,1.0
Employee_2120,Male,28.0,Bachelors,Bangalore,2012,1,151260.0,5.0
Employee_2121,Male,27.0,Masters,Pune,2017,5,102904.0,1.0
Employee_2122,Female,29.0,Masters,Pune,2015,2,85760.0,5.0
Employee_2123,Male,28.0,Bachelors,Bangalore,2012,2,105699.0,1.0
Employee_2124,Male,28.0,Bachelors,Pune,2012,2,115374.0,4.0
Employee_2125,Female,27.0,Bachelors,Pune,2015,5,79032.0,4.0
Employee_2126,Female,29.0,Masters,Pune,2017,1,89118.0,3.0
Employee_2127,Female,28.0,Bachelors,Pune,2014,1,93402.0,1.0
Employee_2128,Female,29.0,Masters,New Delhi,2012,1,32396.0,2.9959276018099548
Employee_2129,Female,30.0,Bachelors,Bangalore,2015,2,145638.0,3.0
Employee_2130,Male,26.0,Masters,Bangalore,2017,4,98258.0,4.0
Employee_2131,Male,26.0,Bachelors,Bangalore,2012,4,94773.0,1.0
Employee_2132,Male,30.0,Bachelors,Bangalore,2013,1,41303.0,5.0
Employee_2133,Male,30.0,Masters,New Delhi,2017,2,108549.0,2.0
Employee_2134,Female,27.0,Bachelors,Pune,2015,5,100628.0,4.0
Employee_2135,Male,28.0,Bachelors,Bangalore,2016,2,169716.0,3.0
Employee_2136,Female,26.0,Bachelors,Pune,2017,4,62624.0,1.0
Employee_2137,Female,26.0,Masters,New Delhi,2015,4,111722.0,2.0
Employee_2138,Female,26.0,Bachelors,Pune,2015,4,101390.0,1.0
Employee_2139,Female,27.0,PHD,New Delhi,2013,5,111942.0,5.0
Employee_2140,Male,27.0,Bachelors,Bangalore,2014,5,146301.0,3.0
Employee_2141,Female,29.0,Bachelors,New Delhi,2013,1,148869.0,1.0
Employee_2142,Male,29.0,Masters,Pune,2017,2,96417.0,2.9959276018099548
Employee_2143,Male,28.0,Bachelors,Pune,2016,2,134064.0,3.0
Employee_2144,Male,28.0,Bachelors,Bangalore,2013,4,144264.0,4.0
Employee_2145,Male,28.0,Bachelors,Bangalore,2013,1,110772.0,1.0
Employee_2146,Male,29.0,Bachelors,Pune,2016,2,91086.0,3.0
Employee_2147,Male,26.0,Masters,New Delhi,2016,4,146964.0,4.0
Employee_2148,Female,30.0,Bachelors,Bangalore,2015,1,168876.0,5.0
Employee_2149,Male,26.0,Bachelors,Bangalore,2014,4,130443.0,5.0
Employee_2150,Female,28.0,Bachelors,Bangalore,2013,5,177081.0,2.9959276018099548
Employee_2151,Male,29.0,Bachelors,Bangalore,2016,2,152010.0,3.0
Employee_2152,Male,29.0,Bachelors,Bangalore,2016,1,101214.0,2.0
Employee_2153,Male,29.0,Masters,New Delhi,2014,1,97407.0,3.0
Employee_2154,Male,27.0,Bachelors,Bangalore,2014,5,153537.0,5.0
Employee_2155,Female,27.0,Bachelors,Bangalore,2012,5,52534.0,4.0
Employee_2156,Female,26.0,Bachelors,New Delhi,2015,4,138318.0,2.0
Employee_2157,Female,28.0,Bachelors,Pune,2015,2,46940.0,1.0
Employee_2158,Female,28.0,Bachelors,Pune,2015,1,78034.0,2.0
Employee_2159,Female,28.0,Bachelors,Pune,2018,2,65616.0,1.0
Employee_2160,Female,28.0,Bachelors,Pune,2015,1,139110.0,2.0
Employee_2161,Male,29.0,Bachelors,Pune,2015,2,154602.0,1.0
Employee_2162,Male,27.0,Bachelors,Bangalore,2013,5,134610.0,1.0
Employee_2163,Female,27.0,Bachelors,Pune,2014,5,85426.0,2.0
Employee_2164,Male,27.0,Bachelors,Bangalore,2014,5,112683.0,2.0
Employee_2165,Male,30.0,Bachelors,Bangalore,2016,1,98157.0,1.0
Employee_2166,Male,28.0,PHD,New Delhi,2015,2,158670.0,5.0
Employee_2167,Male,29.0,Bachelors,Pune,2014,2,125100.0,2.0
Employee_2168,Male,29.0,Bachelors,Bangalore,2015,1,101223.0,3.0
Employee_2169,Male,30.0,Bachelors,Pune,2013,2,119298.0,4.0
Employee_2170,Male,28.0,Bachelors,Bangalore,2013,1,101994.0,1.0
Employee_2171,Female,29.0,Bachelors,Pune,2015,2,113410.0,1.0
Employee_2172,Male,30.0,Bachelors,Bangalore,2017,1,146361.0,4.0
Employee_2173,Male,27.0,Bachelors,Bangalore,2012,5,173715.0,5.0
Employee_2174,Male,27.0,Masters,New Delhi,2017,5,92154.0,4.0
Employee_2175,Male,29.0,Bachelors,Bangalore,2018,1,165492.0,2.0
Employee_2176,Female,30.0,Masters,New Delhi,2012,2,56588.0,4.0
Employee_2177,Female,28.0,Masters,New Delhi,2016,2,168369.0,1.0
Employee_2178,Male,26.0,Bachelors,Bangalore,2016,4,90882.0,4.0
Employee_2179,Female,28.0,Bachelors,Bangalore,2012,1,120531.0,3.0
Employee_2180,Male,28.0,Bachelors,Pune,2018,5,155181.0,2.0
Employee_2181,Female,29.0,Bachelors,Bangalore,2014,2,173079.0,4.0
Employee_2182,Male,27.0,PHD,Bangalore,2017,5,119646.0,1.0
Employee_2183,Male,29.0,Bachelors,Bangalore,2017,2,93408.0,2.0
Employee_2184,Male,28.0,Bachelors,Bangalore,2014,2,179784.0,1.0
Employee_2185,Female,26.0,Bachelors,Bangalore,2014,4,96192.0,5.0
Employee_2186,Male,28.0,Bachelors,Bangalore,2012,2,177093.0,3.0
Employee_2187,Female,70.0,Masters,Bangalore,2018,2,111027.0,5.0
Employee_2188,Female,28.0,Bachelors,Bangalore,2017,1,128961.0,3.0
Employee_2189,Male,28.0,Bachelors,Bangalore,2015,1,103629.0,4.0
Employee_2190,Female,28.0,Bachelors,New Delhi,2014,1,119860.5,2.0
Employee_2191,Male,28.0,Masters,New Delhi,2017,2,93021.0,4.0
Employee_2192,Male,29.0,Masters,New Delhi,2017,1,106335.0,3.0
Employee_2193,Male,29.0,Bachelors,Pune,2014,2,81412.0,2.9959276018099548
Employee_2194,Male,26.0,Masters,New Delhi,2013,4,134247.0,3.0
Employee_2195,Male,30.0,Bachelors,Bangalore,2014,1,125154.0,1.0
Employee_2196,Female,26.0,Bachelors,New Delhi,2013,4,177771.0,2.0
Employee_2197,Male,29.0,Bachelors,Bangalore,2014,2,51736.0,4.0
Employee_2198,Male,29.0,Masters,Pune,2016,2,119860.5,4.0
Employee_2199,Male,28.0,PHD,Pune,2016,2,43281.0,5.0
Employee_2200,Male,29.0,PHD,Bangalore,2015,2,175434.0,3.0
Employee_2201,Male,28.0,Bachelors,Bangalore,2014,1,94305.0,3.0
Employee_2202,Female,28.0,Bachelors,Pune,2015,4,61142.0,3.0
Employee_2203,Female,28.0,Bachelors,Bangalore,2015,1,97146.0,4.0
Employee_2204,Male,28.0,Bachelors,Pune,2015,2,167463.0,5.0
Employee_2205,Female,26.0,Bachelors,New Delhi,2016,4,169980.0,1.0
Employee_2206,Male,29.0,Bachelors,Bangalore,2014,1,105252.0,2.0
Employee_2207,Female,30.0,Bachelors,Bangalore,2013,1,93322.0,1.0
Employee_2208,Male,29.0,Bachelors,Bangalore,2015,1,130521.0,4.0
Employee_2209,Male,26.0,Bachelors,Bangalore,2012,4,111177.0,3.0
Employee_2210,Male,29.0,PHD,New Delhi,2017,1,119860.5,2.0
Employee_2211,Male,29.0,Masters,New Delhi,2017,2,128313.0,4.0
Employee_2212,Female,30.0,Bachelors,Pune,2015,1,95298.0,4.0
Employee_2213,Female,26.0,Bachelors,New Delhi,2012,4,112473.0,4.0
Employee_2214,Male,30.0,Bachelors,Pune,2013,1,178206.0,2.0
Employee_2215,Female,30.0,Bachelors,Bangalore,2012,1,133581.0,2.0
Employee_2216,Female,26.0,Bachelors,New Delhi,2015,4,142272.0,5.0
Employee_2217,Female,28.0,Bachelors,Pune,2015,2,134577.0,5.0
Employee_2218,Male,29.0,Bachelors,Bangalore,2014,1,166479.0,2.9959276018099548
Employee_2219,Female,28.0,Bachelors,Pune,2013,1,76146.0,2.0
Employee_2220,Female,28.0,Bachelors,Bangalore,2016,1,117231.0,2.0
Employee_2221,Female,30.0,Masters,New Delhi,2018,2,147408.0,2.0
Employee_2222,Male,29.0,Bachelors,Pune,2018,1,163791.0,5.0
Employee_2223,Female,30.0,Bachelors,Bangalore,2016,2,152859.0,4.0
Employee_2224,Male,26.0,Bachelors,Bangalore,2015,4,124149.0,3.0
Employee_2225,Male,27.0,Masters,Pune,2017,5,92756.0,5.0
Employee_2226,Female,26.0,Masters,Pune,2017,4,105474.0,2.0
Employee_2227,Male,28.0,Masters,New Delhi,2017,4,97059.0,5.0
Employee_2228,Female,30.0,Bachelors,Pune,2017,2,107642.0,1.0
Employee_2229,Male,28.0,Bachelors,Bangalore,2012,1,104397.0,2.0
Employee_2230,Male,28.0,Bachelors,Bangalore,2014,2,141210.0,1.0
Employee_2231,Female,29.0,PHD,Bangalore,2015,1,164580.0,2.0
Employee_2232,Male,26.0,Masters,New Delhi,2015,4,153585.0,5.0
Employee_2233,Male,30.0,Bachelors,Pune,2017,2,125817.0,4.0
Employee_2234,Female,28.0,Bachelors,New Delhi,2014,1,166014.0,3.0
Employee_2235,Male,30.0,Bachelors,Bangalore,2013,1,51730.0,2.9959276018099548
Employee_2236,Female,27.0,Bachelors,Bangalore,2016,5,154281.0,5.0
Employee_2237,Male,28.0,Bachelors,Pune,2014,1,32428.0,4.0
Employee_2238,Male,30.0,Bachelors,Bangalore,2015,1,171249.0,5.0
Employee_2239,Male,27.0,Bachelors,New Delhi,2013,5,1219010.963800905,1.0
Employee_2240,Male,27.0,Bachelors,Pune,2017,5,109208.0,3.0
Employee_2241,Male,28.0,Masters,New Delhi,2017,1,110964.0,5.0
Employee_2242,Male,28.0,Masters,New Delhi,2017,5,82592.0,2.0
Employee_2243,Male,27.0,Masters,New Delhi,2014,5,119860.5,4.0
Employee_2244,Female,27.0,PHD,New Delhi,2014,5,88828.0,5.0
Employee_2245,Male,28.0,Bachelors,Bangalore,2015,2,175725.0,4.0
Employee_2246,Male,27.0,Bachelors,Pune,2012,5,172710.0,2.0
Employee_2247,Male,30.0,Bachelors,Bangalore,2017,2,171246.0,3.0
Employee_2248,Female,27.0,Bachelors,Bangalore,2014,5,59241.0,3.0
Employee_2249,Male,26.0,Bachelors,Pune,2014,4,41801.0,2.0
Employee_2250,Male,29.0,Bachelors,Bangalore,2012,2,119860.5,4.0
Employee_2251,Male,30.0,Bachelors,New Delhi,2012,1,168087.0,5.0
Employee_2252,Female,27.0,Bachelors,Bangalore,2015,5,129075.0,2.0
Employee_2253,Female,30.0,Masters,New Delhi,2017,2,66712.0,1.0
Employee_2254,Male,28.0,Masters,New Delhi,2018,2,165273.0,4.0
Employee_2255,Male,28.0,Bachelors,Bangalore,2015,2,132864.0,3.0
Employee_2256,Female,26.0,Bachelors,Bangalore,2013,4,160950.0,2.9959276018099548
Employee_2257,Male,27.0,Masters,New Delhi,2016,5,109620.0,3.0
Employee_2258,Female,28.0,Bachelors,Pune,2014,4,46422.0,4.0
Employee_2259,Male,27.0,Bachelors,Pune,2017,5,100026.0,3.0
Employee_2260,Male,30.0,PHD,New Delhi,2013,1,117234.0,2.0
Employee_2261,Male,26.0,Masters,Bangalore,2018,4,98532.0,4.0
Employee_2262,Male,26.0,Bachelors,Bangalore,2012,4,121188.0,1.0
Employee_2263,Male,26.0,Bachelors,Bangalore,2013,4,142446.0,2.0
Employee_2264,Female,26.0,Bachelors,New Delhi,2015,4,160233.0,5.0
Employee_2265,Male,29.0,Bachelors,Pune,2016,2,144621.0,2.0
Employee_2266,Female,29.0,Bachelors,Bangalore,2018,2,173331.0,4.0
Employee_2267,Male,28.0,Bachelors,Bangalore,2016,1,131994.0,2.0
Employee_2268,Male,30.0,Masters,Pune,2012,1,129783.0,1.0
Employee_2269,Female,30.0,Bachelors,Bangalore,2014,2,148617.0,1.0
Employee_2270,Male,27.0,Bachelors,Bangalore,2013,5,99279.0,5.0
Employee_2271,Female,29.0,Bachelors,Bangalore,2014,1,125166.0,3.0
Employee_2272,Male,28.0,Bachelors,Pune,2013,2,156126.0,4.0
Employee_2273,Male,29.0,Bachelors,Pune,2014,2,150486.0,4.0
Employee_2274,Female,30.0,Bachelors,Bangalore,2012,2,49280.0,3.0
Employee_2275,Male,28.0,Bachelors,Pune,2018,2,124935.0,1.0
Employee_2276,Female,30.0,Bachelors,Bangalore,2012,2,135249.0,1.0
Employee_2277,Male,30.0,Masters,New Delhi,2017,1,116174.0,2.0
Employee_2278,Female,27.0,Bachelors,New Delhi,2014,5,92964.0,5.0
Employee_2279,Male,29.0,Masters,New Delhi,2014,2,151500.0,5.0
Employee_2280,Male,29.0,Bachelors,Bangalore,2016,2,109338.0,5.0
Employee_2281,Female,28.0,Bachelors,Pune,2014,2,92670.0,2.9959276018099548
Employee_2282,Male,26.0,Bachelors,New Delhi,2017,4,178620.0,5.0
Employee_2283,Male,28.0,Bachelors,Pune,2018,1,175806.0,3.0
Employee_2284,Male,29.0,Bachelors,Pune,2016,1,119860.5,2.9959276018099548
Employee_2285,Female,26.0,Bachelors,Pune,2015,4,138399.0,3.0
Employee_2286,Male,28.0,Masters,Bangalore,2017,5,95046.0,2.0
Employee_2287,Male,26.0,Masters,New Delhi,2017,4,71252.0,5.0
Employee_2288,Female,26.0,Masters,New Delhi,2013,4,112272.0,3.0
Employee_2289,Male,29.0,Bachelors,Bangalore,2017,1,128571.0,2.9959276018099548
Employee_2290,Female,27.0,Masters,New Delhi,2013,5,126465.0,3.0
Employee_2291,Female,30.0,Bachelors,Pune,2012,2,94634.0,2.0
Employee_2292,Male,26.0,Bachelors,New Delhi,2013,4,149946.0,4.0
Employee_2293,Female,28.0,Bachelors,Pune,2015,1,82850.0,5.0
Employee_2294,Male,27.0,Bachelors,New Delhi,2013,5,95940.0,3.0
Employee_2295,Female,29.0,Bachelors,Pune,2015,2,91044.0,4.0
Employee_2296,Female,27.0,Bachelors,Bangalore,2012,5,56431.0,5.0
Employee_2297,Male,28.0,Bachelors,Bangalore,2012,2,148320.0,5.0
Employee_2298,Male,26.0,Bachelors,New Delhi,2015,4,116952.0,3.0
Employee_2299,Female,28.0,Bachelors,New Delhi,2017,1,119860.5,3.0
Employee_2300,Male,27.0,Bachelors,Bangalore,2013,5,137649.0,2.0
Employee_2301,Male,28.0,Masters,Bangalore,2014,1,119860.5,4.0
Employee_2302,Male,29.0,Bachelors,Bangalore,2015,1,106170.0,4.0
Employee_2303,Female,27.0,Bachelors,New Delhi,2017,5,159057.0,3.0
Employee_2304,Male,27.0,Bachelors,Bangalore,2012,5,145917.0,5.0
Employee_2305,Male,30.0,Masters,New Delhi,2017,2,99988.0,3.0
Employee_2306,Female,28.0,Bachelors,Bangalore,2015,2,94821.0,5.0
Employee_2307,Male,27.0,Masters,Bangalore,2017,5,51563.0,5.0
Employee_2308,Male,27.0,Bachelors,Bangalore,2015,5,109719.0,3.0
Employee_2309,Male,27.0,Bachelors,Bangalore,2018,5,142104.0,1.0
Employee_2310,Male,28.0,Masters,Pune,2017,1,71552.0,4.0
Employee_2311,Male,29.0,Bachelors,Pune,2013,2,101028.0,5.0
Employee_2312,Male,29.0,Bachelors,Pune,2013,2,100140.0,5.0
Employee_2313,Male,27.0,Bachelors,Pune,2012,5,116133.0,1.0
Employee_2314,Female,30.0,Bachelors,Pune,2015,1,116346.0,2.0
Employee_2315,Female,29.0,Bachelors,Pune,2015,2,94868.0,1.0
Employee_2316,Male,26.0,Masters,Pune,2018,4,119860.5,1.0
Employee_2317,Female,29.0,Masters,Bangalore,2013,2,100034.0,5.0
Employee_2318,Male,28.0,Bachelors,Bangalore,2014,2,36342.0,4.0
Employee_2319,Male,30.0,Bachelors,Bangalore,2015,1,177060.0,1.0
Employee_2320,Female,27.0,Bachelors,Pune,2015,5,94686.0,2.0
Employee_2321,Female,28.0,Bachelors,Bangalore,2014,1,108177.0,3.0
Employee_2322,Male,27.0,Masters,New Delhi,2015,5,116652.0,1.0
Employee_2323,Male,26.0,Masters,New Delhi,2017,4,71310.0,1.0
Employee_2324,Male,28.0,Bachelors,Bangalore,2018,1,126273.0,2.9959276018099548
Employee_2325,Female,28.0,Bachelors,New Delhi,2015,2,152571.0,4.0
Employee_2326,Male,27.0,Bachelors,Bangalore,2013,5,147990.0,2.9959276018099548
Employee_2327,Female,26.0,Bachelors,Pune,2013,4,119860.5,1.0
Employee_2328,Male,28.0,Masters,New Delhi,2017,2,108218.0,4.0
Employee_2329,Female,28.0,Bachelors,Bangalore,2015,1,91578.0,2.0
Employee_2330,Male,28.0,Bachelors,Bangalore,2013,5,99672.0,1.0
Employee_2331,Male,26.0,Bachelors,Bangalore,2012,4,135207.0,4.0
Employee_2332,Male,28.0,Bachelors,Bangalore,2018,2,170487.0,1.0
Employee_2333,Male,28.0,Masters,New Delhi,2017,2,83072.0,3.0
Employee_2334,Male,29.0,Bachelors,Bangalore,2015,2,175623.0,5.0
Employee_2335,Male,30.0,Bachelors,New Delhi,2012,1,130641.0,3.0
Employee_2336,Male,30.0,Masters,Pune,2016,1,144777.0,1.0
Employee_2337,Male,30.0,Bachelors,Pune,2014,1,95289.0,2.0
Employee_2338,Male,26.0,Bachelors,Bangalore,2018,4,116136.0,5.0
Employee_2339,Male,26.0,Masters,Bangalore,2017,4,107391.0,3.0
Employee_2340,Female,27.0,Bachelors,New Delhi,2012,5,117624.0,4.0
Employee_2341,Female,26.0,Bachelors,Bangalore,2018,4,160449.0,2.0
Employee_2342,Male,27.0,PHD,Bangalore,2014,5,105327.0,3.0
Employee_2343,Male,26.0,Masters,New Delhi,2017,4,106056.0,4.0
Employee_2344,Female,28.0,Bachelors,Bangalore,2013,1,139500.0,1.0
Employee_2345,Female,30.0,Bachelors,Bangalore,2012,2,97299.0,4.0
Employee_2346,Male,26.0,Masters,New Delhi,2018,4,155541.0,3.0
Employee_2347,Female,28.0,Bachelors,Bangalore,2013,1,46967.0,3.0
Employee_2348,Male,30.0,Bachelors,Bangalore,2017,1,164910.0,1.0
Employee_2349,Female,30.0,Masters,Pune,2017,2,119518.0,4.0
Employee_2350,Male,27.0,PHD,Bangalore,2016,5,150516.0,4.0
Employee_2351,Female,28.0,Bachelors,New Delhi,2016,2,172032.0,1.0
Employee_2352,Female,29.0,Bachelors,Pune,2015,1,68334.0,4.0
Employee_2353,Female,27.0,Bachelors,Bangalore,2013,5,175308.0,1.0
Employee_2354,Male,27.0,Masters,Pune,2014,5,164547.0,2.0
Employee_2355,Female,26.0,Masters,New Delhi,2017,4,113178.0,3.0
Employee_2356,Female,30.0,Masters,New Delhi,2017,1,118018.0,2.0
Employee_2357,Female,27.0,Masters,New Delhi,2018,5,143319.0,5.0
Employee_2358,Male,29.0,Bachelors,Pune,2017,1,116284.0,2.9959276018099548
Employee_2359,Male,29.0,Masters,New Delhi,2014,1,59278.0,2.9959276018099548
Employee_2360,Female,30.0,Bachelors,Pune,2015,2,76714.0,1.0
Employee_2361,Male,30.0,Bachelors,Bangalore,2014,2,168429.0,4.0
Employee_2362,Female,30.0,Masters,New Delhi,2018,2,36154.0,2.0
Employee_2363,Male,29.0,Bachelors,Bangalore,2017,1,155412.0,2.0
Employee_2364,Male,28.0,Bachelors,Pune,2016,2,116760.0,2.0
Employee_2365,Female,26.0,Bachelors,Bangalore,2018,4,145281.0,2.0
Employee_2366,Female,28.0,Bachelors,Bangalore,2014,2,50581.0,5.0
Employee_2367,Female,29.0,Masters,New Delhi,2017,2,99760.0,2.0
Employee_2368,Male,26.0,Masters,New Delhi,2013,4,141486.0,4.0
Employee_2369,Female,28.0,Bachelors,New Delhi,2017,1,60426.0,5.0
Employee_2370,Female,30.0,Bachelors,Bangalore,2016,1,119860.5,2.0
Employee_2371,Male,27.0,PHD,Pune,2015,5,130197.0,1.0
Employee_2372,Male,29.0,Bachelors,Bangalore,2016,2,119304.0,3.0
Employee_2373,Female,28.0,Bachelors,Pune,2014,2,81280.0,3.0
Employee_2374,Male,26.0,Bachelors,Bangalore,2016,4,110193.0,3.0
Employee_2375,Female,30.0,Masters,New Delhi,2017,2,115024.0,5.0
Employee_2376,Female,30.0,PHD,New Delhi,2013,2,148503.0,2.0
Employee_2377,Male,28.0,Bachelors,Bangalore,2015,2,107373.0,5.0
Employee_2378,Male,28.0,Bachelors,Bangalore,2017,2,137466.0,4.0
Employee_2379,Male,29.0,Bachelors,Bangalore,2015,2,116349.0,1.0
Employee_2380,Female,26.0,Bachelors,Pune,2015,4,43621.0,1.0
Employee_2381,Male,28.0,Bachelors,Bangalore,2013,1,179343.0,3.0
Employee_2382,Female,29.0,Bachelors,Pune,2015,2,92038.0,3.0
Employee_2383,Male,26.0,Bachelors,Bangalore,2013,4,98160.0,3.0
Employee_2384,Male,30.0,Masters,Pune,2014,2,116715.0,2.0
Employee_2385,Male,30.0,Masters,Pune,2017,2,78254.0,4.0
Employee_2386,Male,27.0,Bachelors,Pune,2017,5,157293.0,4.0
Employee_2387,Female,28.0,Bachelors,New Delhi,2014,2,176739.0,4.0
Employee_2388,Female,27.0,Bachelors,New Delhi,2014,5,163248.0,4.0
Employee_2389,Female,29.0,Bachelors,Pune,2015,1,119860.5,3.0
Employee_2390,Male,26.0,Bachelors,Pune,2013,4,109104.0,1.0
Employee_2391,Male,30.0,Bachelors,New Delhi,2014,1,172272.0,3.0
Employee_2392,Male,26.0,Bachelors,Pune,2013,4,88112.0,4.0
Employee_2393,Male,26.0,Bachelors,Bangalore,2016,4,126708.0,3.0
Employee_2394,Female,28.0,Masters,New Delhi,2017,2,96666.0,4.0
Employee_2395,Male,27.0,Masters,New Delhi,2017,5,106232.0,5.0
Employee_2396,Female,29.0,Bachelors,Pune,2017,1,88902.0,1.0
Employee_2397,Female,28.0,Masters,New Delhi,2017,1,108434.0,5.0
Employee_2398,Male,26.0,Bachelors,New Delhi,2017,4,94602.0,2.0
Employee_2399,Female,29.0,Bachelors,Bangalore,2014,1,148674.0,3.0
Employee_2400,Male,28.0,Bachelors,Bangalore,2012,1,121299.0,2.9959276018099548
Employee_2401,Male,27.0,Bachelors,Bangalore,2016,5,119860.5,3.0
Employee_2402,Female,28.0,Bachelors,Bangalore,2012,1,160194.0,5.0
Employee_2403,Female,30.0,Masters,Pune,2015,2,60178.0,4.0
Employee_2404,Male,28.0,Masters,New Delhi,2017,2,96186.0,4.0
Employee_2405,Female,29.0,Masters,Pune,2015,1,80722.0,3.0
Employee_2406,Male,26.0,Masters,Bangalore,2015,4,139107.0,4.0
Employee_2407,Male,26.0,Bachelors,Bangalore,2013,4,176442.0,5.0
Employee_2408,Female,29.0,Bachelors,Bangalore,2017,1,99123.0,4.0
Employee_2409,Male,27.0,Bachelors,Bangalore,2017,5,90315.0,5.0
Employee_2410,Female,29.0,Bachelors,New Delhi,2014,2,117234.0,2.0
Employee_2411,Female,27.0,Bachelors,New Delhi,2017,5,165009.0,2.9959276018099548
Employee_2412,Female,28.0,Masters,Pune,2017,2,96558.0,1.0
Employee_2413,Female,27.0,Masters,New Delhi,2013,5,108270.0,2.9959276018099548
Employee_2414,Male,28.0,Masters,New Delhi,2017,5,164676.0,1.0
Employee_2415,Male,30.0,Bachelors,Bangalore,2013,2,108246.0,3.0
Employee_2416,Female,28.0,Bachelors,Pune,2015,5,94036.0,3.0
Employee_2417,Male,26.0,Bachelors,Bangalore,2014,4,95775.0,3.0
Employee_2418,Female,27.0,Bachelors,Bangalore,2015,5,96880.0,5.0
Employee_2419,Male,30.0,Bachelors,Bangalore,2015,2,110751.0,2.9959276018099548
Employee_2420,Male,27.0,Masters,Bangalore,2017,5,99056.0,2.0
Employee_2421,Male,30.0,Bachelors,Bangalore,2017,2,170538.0,1.0
Employee_2422,Female,30.0,Bachelors,Pune,2016,2,112030.0,5.0
Employee_2423,Female,27.0,Masters,Pune,2016,5,30552.0,1.0
Employee_2424,Male,26.0,Bachelors,Bangalore,2012,4,165873.0,3.0
Employee_2425,Male,27.0,Bachelors,Bangalore,2014,5,155301.0,5.0
Employee_2426,Female,29.0,Bachelors,Pune,2015,2,101733.0,4.0
Employee_2427,Male,26.0,Bachelors,New Delhi,2013,4,168867.0,2.0
Employee_2428,Female,29.0,Bachelors,Pune,2015,2,66778.0,3.0
Employee_2429,Male,28.0,Bachelors,Pune,2013,2,167049.0,3.0
Employee_2430,Male,27.0,Bachelors,Pune,2013,5,119860.5,2.0
Employee_2431,Male,28.0,Masters,New Delhi,2014,1,176346.0,2.0
Employee_2432,Female,27.0,Bachelors,New Delhi,2016,5,119860.5,4.0
Employee_2433,Female,29.0,Bachelors,New Delhi,2016,2,97290.0,3.0
Employee_2434,Female,26.0,Masters,New Delhi,2018,4,56630.0,3.0
Employee_2435,Female,27.0,Bachelors,Bangalore,2015,5,91374.0,1.0
Employee_2436,Female,27.0,Bachelors,Pune,2013,5,86790.0,5.0
Employee_2437,Female,28.0,Bachelors,New Delhi,2014,2,90621.0,5.0
Employee_2438,Male,27.0,Bachelors,Bangalore,2014,5,92697.0,1.0
Employee_2439,Female,29.0,Bachelors,Bangalore,2016,1,124959.0,5.0
Employee_2440,Female,29.0,Bachelors,Bangalore,2012,1,173883.0,2.0
Employee_2441,Male,29.0,Bachelors,Bangalore,2018,2,139215.0,5.0
Employee_2442,Male,30.0,Bachelors,Pune,2012,1,115803.0,2.9959276018099548
Employee_2443,Male,30.0,Bachelors,Bangalore,2013,1,92682.0,1.0
Employee_2444,Male,27.0,Bachelors,Bangalore,2014,5,91542.0,4.0
Employee_2445,Female,29.0,Bachelors,New Delhi,2015,1,119860.5,5.0
Employee_2446,Female,30.0,Bachelors,Bangalore,2014,1,153864.0,5.0
Employee_2447,Male,28.0,Bachelors,Pune,2014,2,54251.0,4.0
Employee_2448,Female,27.0,Bachelors,Pune,2015,5,178635.0,1.0
Employee_2449,Male,28.0,Bachelors,Bangalore,2016,1,102327.0,4.0
Employee_2450,Female,26.0,Bachelors,Pune,2016,4,129774.0,1.0
Employee_2451,Female,27.0,Bachelors,New Delhi,2018,5,135939.0,2.0
Employee_2452,Male,26.0,Bachelors,Bangalore,2015,4,136047.0,1.0
Employee_2453,Male,27.0,Masters,New Delhi,2017,5,74358.0,2.0
Employee_2454,Male,26.0,Bachelors,Bangalore,2015,4,120978.0,2.0
Employee_2455,Female,26.0,Bachelors,Pune,2017,4,125361.0,1.0
Employee_2456,Male,27.0,Bachelors,Pune,2012,5,57532.0,3.0
Employee_2457,Male,28.0,Bachelors,Bangalore,2016,4,94680.0,2.9959276018099548
Employee_2458,Female,28.0,PHD,Bangalore,2017,1,130836.0,5.0
Employee_2459,Female,29.0,Bachelors,Pune,2015,1,142950.0,2.9959276018099548
Employee_2460,Male,30.0,Masters,New Delhi,2014,2,170235.0,3.0
Employee_2461,Male,26.0,Bachelors,Pune,2013,4,150066.0,2.0
Employee_2462,Male,27.0,Bachelors,Bangalore,2012,5,165975.0,3.0
Employee_2463,Male,28.0,Bachelors,Pune,2015,1,149433.0,5.0
Employee_2464,Male,26.0,Bachelors,Bangalore,2013,4,104340.0,3.0
Employee_2465,Male,26.0,Bachelors,New Delhi,2013,4,144933.0,1.0
Employee_2466,Male,30.0,Masters,New Delhi,2012,2,175140.0,3.0
Employee_2467,Male,27.0,PHD,New Delhi,2013,5,125682.0,2.0
Employee_2468,Male,27.0,Bachelors,Bangalore,2012,5,97068.0,1.0
Employee_2469,Male,30.0,Bachelors,Bangalore,2018,1,104370.0,4.0
Employee_2470,Female,26.0,Bachelors,Bangalore,2012,4,170733.0,5.0
Employee_2471,Female,29.0,Masters,New Delhi,2017,2,140070.0,5.0
Employee_2472,Male,29.0,Bachelors,Bangalore,2014,2,163089.0,3.0
Employee_2473,Male,28.0,Bachelors,New Delhi,2017,1,150147.0,1.0
Employee_2474,Female,26.0,Bachelors,Pune,2015,4,80362.0,4.0
Employee_2475,Female,27.0,Bachelors,Bangalore,2018,5,111171.0,1.0
Employee_2476,Male,28.0,Bachelors,Bangalore,2014,1,46082.0,5.0
Employee_2477,Male,28.0,Bachelors,Bangalore,2016,1,91983.0,1.0
Employee_2478,Male,26.0,Bachelors,Pune,2014,4,103932.0,4.0
Employee_2479,Male,28.0,Bachelors,Pune,2012,4,137133.0,3.0
Employee_2480,Male,28.0,Bachelors,Bangalore,2015,2,164661.0,2.0
Employee_2481,Male,28.0,Bachelors,Bangalore,2014,1,98760.0,1.0
Employee_2482,Male,27.0,Bachelors,Bangalore,2016,5,166974.0,2.0
Employee_2483,Female,29.0,PHD,New Delhi,2012,2,46002.0,5.0
Employee_2484,Female,30.0,Bachelors,Bangalore,2013,2,172641.0,3.0
Employee_2485,Male,26.0,Bachelors,Bangalore,2016,4,132075.0,3.0
Employee_2486,Male,28.0,Bachelors,Pune,2014,1,116838.0,1.0
Employee_2487,Male,26.0,Masters,New Delhi,2013,4,117412.0,2.9959276018099548
Employee_2488,Male,27.0,Bachelors,Bangalore,2017,5,128196.0,2.9959276018099548
Employee_2489,Female,27.0,Bachelors,Pune,2013,5,108708.0,1.0
Employee_2490,Male,28.0,PHD,New Delhi,2015,2,138927.0,2.0
Employee_2491,Male,28.0,Masters,Pune,2017,2,104924.0,3.0
Employee_2492,Male,28.0,Bachelors,Pune,2014,4,130554.0,1.0
Employee_2493,Female,29.0,Bachelors,Bangalore,2016,1,91056.0,2.0
Employee_2494,Female,26.0,Bachelors,Bangalore,2017,4,166434.0,4.0
Employee_2495,Male,30.0,Bachelors,Bangalore,2015,0,175392.0,2.0
Employee_2496,Male,30.0,Masters,New Delhi,2012,2,111015.0,2.0
Employee_2497,Female,30.0,Bachelors,Bangalore,2012,0,44036.0,1.0
Employee_2498,Female,27.0,Bachelors,New Delhi,2014,5,139626.0,5.0
Employee_2499,Female,28.0,Bachelors,New Delhi,2017,0,113106.0,5.0
Employee_2500,Male,26.0,Bachelors,Pune,2012,4,92868.0,5.0
Employee_2501,Female,29.0,Bachelors,Pune,2015,3,96213.0,2.0
Employee_2502,Male,30.0,Masters,Pune,2017,0,77190.0,1.0
Employee_2503,Male,26.0,Bachelors,New Delhi,2013,4,135420.0,3.0
Employee_2504,Male,30.0,Masters,Pune,2014,0,128409.0,2.0
Employee_2505,Male,29.0,Bachelors,Pune,2013,2,172065.0,2.0
Employee_2506,Male,28.0,Bachelors,Bangalore,2017,3,167889.0,1.0
Employee_2507,Male,27.0,Masters,New Delhi,2018,5,100359.0,4.0
Employee_2508,Female,26.0,Masters,New Delhi,2017,4,73350.0,2.0
Employee_2509,Female,30.0,Bachelors,Bangalore,2012,0,92865.0,2.9959276018099548
Employee_2510,Female,29.0,Bachelors,Bangalore,2012,4,119860.5,4.0
Employee_2511,Male,29.0,Bachelors,Bangalore,2014,1,137763.0,2.9959276018099548
Employee_2512,Male,27.0,Bachelors,Bangalore,2016,5,144288.0,1.0
Employee_2513,Male,28.0,Bachelors,Bangalore,2015,4,135846.0,4.0
Employee_2514,Male,26.0,Bachelors,Bangalore,2014,4,104109.0,1.0
Employee_2515,Male,29.0,Bachelors,Pune,2016,5,109689.0,5.0
Employee_2516,Male,29.0,Bachelors,Bangalore,2014,0,167547.0,1.0
Employee_2517,Male,30.0,Masters,Bangalore,2013,5,156045.0,2.0
Employee_2518,Female,30.0,Bachelors,New Delhi,2017,3,126009.0,4.0
Employee_2519,Male,27.0,Bachelors,Bangalore,2014,5,122451.0,1.0
Employee_2520,Female,30.0,PHD,Pune,2015,4,113916.0,3.0
Employee_2521,Male,30.0,Masters,Bangalore,2014,4,168051.0,1.0
Employee_2522,Male,27.0,Masters,New Delhi,2017,5,82342.0,4.0
Employee_2523,Male,30.0,Bachelors,Pune,2013,0,169119.0,5.0
Employee_2524,Male,30.0,Masters,Pune,2017,0,85164.0,5.0
Employee_2525,Female,29.0,Masters,New Delhi,2017,2,84402.0,4.0
Employee_2526,Male,29.0,Masters,New Delhi,2017,2,118852.0,2.0
Employee_2527,Male,28.0,Bachelors,Bangalore,2014,5,47778.0,2.0
Employee_2528,Female,27.0,Bachelors,Bangalore,2012,5,127419.0,5.0
Employee_2529,Male,27.0,Bachelors,Bangalore,2017,5,118383.0,5.0
Employee_2530,Female,30.0,Masters,New Delhi,2018,4,153348.0,4.0
Employee_2531,Female,29.0,Bachelors,Bangalore,2015,1,179889.0,2.0
Employee_2532,Female,26.0,Bachelors,Pune,2014,4,150294.0,5.0
Employee_2533,Male,28.0,Masters,Pune,2016,2,136788.0,2.0
Employee_2534,Female,28.0,Bachelors,New Delhi,2015,4,91587.0,5.0
Employee_2535,Male,28.0,Bachelors,Bangalore,2015,0,174597.0,1.0
Employee_2536,Female,28.0,Bachelors,Bangalore,2014,3,148026.0,3.0
Employee_2537,Male,28.0,Bachelors,Bangalore,2017,4,162864.0,1.0
Employee_2538,Male,26.0,Bachelors,Bangalore,2013,4,172470.0,5.0
Employee_2539,Female,28.0,Bachelors,Bangalore,2015,0,178395.0,3.0
Employee_2540,Female,28.0,Bachelors,Pune,2015,2,119860.5,3.0
Employee_2541,Female,27.0,Masters,Pune,2013,5,170169.0,5.0
Employee_2542,Male,27.0,Bachelors,Bangalore,2016,5,119860.5,5.0
Employee_2543,Male,29.0,Bachelors,Pune,2012,1,128295.0,2.0
Employee_2544,Female,28.0,Bachelors,Pune,2015,0,87820.0,5.0
Employee_2545,Male,30.0,Bachelors,Pune,2018,3,124683.0,4.0
Employee_2546,Male,29.0,Bachelors,Bangalore,2016,5,117393.0,5.0
Employee_2547,Female,27.0,Masters,New Delhi,2013,5,61050.0,4.0
Employee_2548,Male,30.0,Masters,New Delhi,2017,2,105722.0,5.0
Employee_2549,Male,26.0,Bachelors,New Delhi,2012,4,139155.0,2.0
Employee_2550,Male,30.0,Bachelors,Bangalore,2016,2,91122.0,4.0
Employee_2551,Male,29.0,Bachelors,New Delhi,2017,3,113832.0,1.0
Employee_2552,Male,28.0,Bachelors,Pune,2017,3,119860.5,4.0
Employee_2553,Male,27.0,Bachelors,Bangalore,2013,5,172884.0,2.0
Employee_2554,Male,29.0,Bachelors,Bangalore,2013,4,103944.0,4.0
Employee_2555,Male,30.0,Bachelors,Bangalore,2013,5,97095.0,5.0
Employee_2556,Male,26.0,Bachelors,Bangalore,2015,4,143727.0,5.0
Employee_2557,Female,26.0,Bachelors,Pune,2015,4,118104.0,2.0
Employee_2558,Male,29.0,Bachelors,Bangalore,2012,2,94938.0,3.0
Employee_2559,Male,28.0,Masters,Bangalore,2015,0,90039.0,5.0
Employee_2560,Female,29.0,Bachelors,New Delhi,2014,2,103797.0,1.0
Employee_2561,Female,29.0,Masters,Pune,2015,4,96834.0,2.0
Employee_2562,Male,27.0,Bachelors,Bangalore,2013,5,132888.0,4.0
Employee_2563,Female,27.0,Bachelors,Pune,2013,5,99465.0,4.0
Employee_2564,Male,30.0,Bachelors,Bangalore,2017,1,114963.0,1.0
Employee_2565,Male,30.0,Masters,Pune,2014,2,101442.0,5.0
Employee_2566,Female,28.0,Bachelors,New Delhi,2015,4,129375.0,2.0
Employee_2567,Female,26.0,Bachelors,Bangalore,2013,4,99648.0,1.0
Employee_2568,Male,28.0,Bachelors,Bangalore,2014,5,172542.0,5.0
Employee_2569,Female,28.0,Bachelors,Bangalore,2017,0,58504.0,2.0
Employee_2570,Male,27.0,Bachelors,Bangalore,2016,5,169848.0,4.0
Employee_2571,Male,28.0,Bachelors,Bangalore,2013,5,163809.0,2.0
Employee_2572,Male,30.0,Masters,New Delhi,2013,2,96339.0,3.0
Employee_2573,Female,29.0,Masters,New Delhi,2013,2,55828.0,2.0
Employee_2574,Male,26.0,Bachelors,Bangalore,2017,4,152220.0,2.9959276018099548
Employee_2575,Male,28.0,Bachelors,Pune,2015,3,120714.0,2.0
Employee_2576,Male,28.0,Bachelors,Bangalore,2013,2,131280.0,3.0
Employee_2577,Female,28.0,Masters,New Delhi,2017,2,103854.0,4.0
Employee_2578,Female,30.0,Masters,New Delhi,2017,2,101878.0,5.0
Employee_2579,Female,27.0,PHD,New Delhi,2013,5,119860.5,3.0
Employee_2580,Male,26.0,Bachelors,Pune,2016,4,127764.0,3.0
Employee_2581,Female,26.0,Bachelors,New Delhi,2017,4,106892.0,4.0
Employee_2582,Female,28.0,Bachelors,Bangalore,2016,1,100122.0,3.0
Employee_2583,Female,28.0,Bachelors,Pune,2017,5,72860.0,1.0
Employee_2584,Female,27.0,Bachelors,Bangalore,2012,5,149550.0,4.0
Employee_2585,Male,26.0,Bachelors,Bangalore,2014,4,148395.0,1.0
Employee_2586,Male,27.0,Bachelors,Bangalore,2016,5,125910.0,4.0
Employee_2587,Female,27.0,Bachelors,Bangalore,2015,5,91887.0,3.0
Employee_2588,Male,29.0,Bachelors,Pune,2015,1,139959.0,1.0
Employee_2589,Male,26.0,Bachelors,Bangalore,2018,4,122493.0,3.0
Employee_2590,Female,26.0,Bachelors,Bangalore,2012,4,169707.0,4.0
Employee_2591,Male,27.0,Bachelors,Bangalore,2017,5,107172.0,3.0
Employee_2592,Female,30.0,Bachelors,Pune,2015,0,156843.0,1.0
Employee_2593,Male,30.0,Bachelors,Bangalore,2017,3,123249.0,1.0
Employee_2594,Male,29.0,PHD,New Delhi,2012,5,129447.0,3.0
Employee_2595,Male,29.0,Bachelors,Pune,2016,5,149448.0,2.0
Employee_2596,Female,26.0,Bachelors,Bangalore,2014,4,118416.0,4.0
Employee_2597,Female,28.0,PHD,New Delhi,2014,0,108828.0,4.0
Employee_2598,Male,28.0,Bachelors,Bangalore,2018,1,136905.0,3.0
Employee_2599,Female,27.0,Bachelors,New Delhi,2013,5,107685.0,2.0
Employee_2600,Male,28.0,Bachelors,Bangalore,2013,2,131982.0,1.0
Employee_2601,Male,29.0,Bachelors,Bangalore,2018,0,160497.0,5.0
Employee_2602,Male,29.0,Bachelors,Bangalore,2016,3,159120.0,5.0
Employee_2603,Female,30.0,Bachelors,Pune,2018,2,121656.0,3.0
Employee_2604,Male,26.0,Bachelors,Bangalore,2013,4,140877.0,2.0
Employee_2605,Male,29.0,Bachelors,Pune,2014,3,160239.0,2.0
Employee_2606,Male,30.0,Bachelors,Pune,2013,4,108297.0,4.0
Employee_2607,Male,29.0,Masters,New Delhi,2015,2,118497.0,1.0
Employee_2608,Male,27.0,Bachelors,Pune,2018,5,148728.0,2.0
Employee_2609,Male,28.0,Bachelors,Bangalore,2016,2,99534.0,5.0
Employee_2610,Male,29.0,Bachelors,Bangalore,2015,1,157308.0,1.0
Employee_2611,Male,30.0,Bachelors,Bangalore,2016,0,147354.0,1.0
Employee_2612,Female,28.0,Bachelors,Bangalore,2016,1,108348.0,3.0
Employee_2613,Female,26.0,Bachelors,New Delhi,2017,4,136689.0,2.0
Employee_2614,Female,29.0,Bachelors,Pune,2014,1,113576.0,3.0
Employee_2615,Female,30.0,PHD,New Delhi,2013,2,119860.5,2.0
Employee_2616,Male,28.0,Bachelors,Bangalore,2016,3,100704.0,4.0
Employee_2617,Male,28.0,Bachelors,Bangalore,2015,1,119541.0,3.0
Employee_2618,Male,28.0,Bachelors,Pune,2016,5,168465.0,3.0
Employee_2619,Female,28.0,Bachelors,Pune,2017,1,88270.0,5.0
Employee_2620,Male,30.0,Bachelors,Bangalore,2015,4,145761.0,2.9959276018099548
Employee_2621,Male,27.0,Masters,New Delhi,2012,5,143322.0,2.0
Employee_2622,Female,29.0,Masters,New Delhi,2017,2,95226.0,5.0
Employee_2623,Female,29.0,Bachelors,New Delhi,2018,2,144927.0,3.0
Employee_2624,Male,29.0,Bachelors,Bangalore,2018,0,91857.0,3.0
Employee_2625,Female,28.0,Bachelors,Bangalore,2012,0,142974.0,4.0
Employee_2626,Female,28.0,Bachelors,Pune,2015,0,94680.0,3.0
Employee_2627,Female,27.0,Masters,New Delhi,2017,5,63878.0,1.0
Employee_2628,Female,28.0,Bachelors,Pune,2018,5,151011.0,5.0
Employee_2629,Male,28.0,Bachelors,Pune,2016,1,170871.0,1.0
Employee_2630,Male,26.0,Bachelors,Bangalore,2014,4,46001.0,2.9959276018099548
Employee_2631,Female,29.0,Bachelors,New Delhi,2014,3,61936.0,4.0
Employee_2632,Male,26.0,Masters,Pune,2014,4,134538.0,3.0
Employee_2633,Male,27.0,Bachelors,Pune,2017,5,167676.0,3.0
Employee_2634,Male,30.0,Bachelors,Pune,2013,4,166857.0,3.0
Employee_2635,Male,30.0,Bachelors,Bangalore,2015,3,90843.0,5.0
Employee_2636,Male,29.0,Bachelors,Bangalore,2012,2,172260.0,3.0
Employee_2637,Male,28.0,Bachelors,Pune,2014,4,136080.0,1.0
Employee_2638,Female,26.0,Bachelors,Bangalore,2013,4,108786.0,3.0
Employee_2639,Female,30.0,Masters,New Delhi,2017,2,62116.0,4.0
Employee_2640,Male,29.0,Bachelors,Pune,2012,0,152031.0,1.0
Employee_2641,Female,30.0,Bachelors,Pune,2015,0,40724.0,3.0
Employee_2642,Male,28.0,Bachelors,Bangalore,2017,3,119860.5,3.0
Employee_2643,Male,28.0,Bachelors,Bangalore,2013,5,105534.0,2.0
Employee_2644,Female,30.0,Bachelors,Pune,2017,4,73960.0,5.0
Employee_2645,Male,28.0,Bachelors,Pune,2017,5,119712.0,2.9959276018099548
Employee_2646,Female,27.0,Bachelors,New Delhi,2014,5,117600.0,2.0
Employee_2647,Female,28.0,Bachelors,Bangalore,2012,2,93687.0,4.0
Employee_2648,Female,29.0,Bachelors,Bangalore,2013,5,166833.0,5.0
Employee_2649,Female,27.0,Bachelors,Bangalore,2012,5,152907.0,1.0
Employee_2650,Female,28.0,Bachelors,Pune,2017,3,76934.0,3.0
Employee_2651,Male,29.0,Bachelors,Bangalore,2015,4,49124.0,1.0
Employee_2652,Male,30.0,Bachelors,Bangalore,2013,0,64578.0,3.0
Employee_2653,Male,28.0,PHD,Bangalore,2018,2,93717.0,5.0
Employee_2654,Female,28.0,Bachelors,Pune,2015,3,106110.0,3.0
Employee_2655,Male,27.0,Bachelors,Bangalore,2015,5,138510.0,4.0
Employee_2656,Female,30.0,Bachelors,Bangalore,2015,3,90375.0,3.0
Employee_2657,Male,28.0,Bachelors,Bangalore,2012,5,175923.0,4.0
Employee_2658,Female,27.0,Bachelors,Bangalore,2012,5,127512.0,5.0
Employee_2659,Female,26.0,Bachelors,Bangalore,2015,4,161571.0,5.0
Employee_2660,Male,27.0,Bachelors,Pune,2016,5,175332.0,1.0
Employee_2661,Female,27.0,Bachelors,Bangalore,2013,5,167352.0,2.9959276018099548
Employee_2662,Male,28.0,Bachelors,Pune,2013,0,136194.0,4.0
Employee_2663,Male,29.0,Bachelors,Pune,2014,1,155178.0,2.0
Employee_2664,Male,27.0,Bachelors,New Delhi,2017,5,107470.0,2.0
Employee_2665,Female,27.0,Bachelors,New Delhi,2013,5,119860.5,2.0
Employee_2666,Male,30.0,Bachelors,Pune,2017,5,109710.0,3.0
Employee_2667,Male,27.0,Bachelors,Pune,2013,5,119860.5,2.0
Employee_2668,Female,30.0,Bachelors,New Delhi,2012,3,117330.0,4.0
Employee_2669,Male,30.0,Bachelors,Pune,2013,1,75190.0,3.0
Employee_2670,Female,28.0,PHD,New Delhi,2015,5,130815.0,5.0
Employee_2671,Male,26.0,Bachelors,Pune,2014,4,126345.0,1.0
Employee_2672,Female,28.0,Bachelors,Pune,2015,5,72588.0,2.0
Employee_2673,Male,29.0,Masters,New Delhi,2017,1,105822.0,5.0
Employee_2674,Female,28.0,Bachelors,New Delhi,2013,3,107271.0,4.0
Employee_2675,Male,29.0,Masters,Pune,2012,4,127785.0,1.0
Employee_2676,Female,28.0,Bachelors,New Delhi,2014,3,95907.0,5.0
Employee_2677,Male,27.0,Bachelors,Bangalore,2018,5,122955.0,1.0
Employee_2678,Male,29.0,Bachelors,Bangalore,2012,1,119860.5,2.0
Employee_2679,Male,26.0,Bachelors,Pune,2017,4,68940.0,4.0
Employee_2680,Male,30.0,Bachelors,Bangalore,2014,2,160677.0,1.0
Employee_2681,Male,29.0,Bachelors,New Delhi,2014,4,120675.0,5.0
Employee_2682,Female,26.0,Bachelors,Pune,2015,4,79112.0,2.0
Employee_2683,Female,27.0,Bachelors,Bangalore,2014,5,164112.0,2.0
Employee_2684,Male,26.0,Masters,New Delhi,2013,4,78412.0,5.0
Employee_2685,Female,29.0,Bachelors,New Delhi,2013,2,119973.0,5.0
Employee_2686,Female,30.0,Bachelors,Bangalore,2016,4,106392.0,1.0
Employee_2687,Female,29.0,Bachelors,New Delhi,2017,0,112557.0,3.0
Employee_2688,Male,28.0,Bachelors,Bangalore,2018,3,131007.0,2.0
Employee_2689,Male,29.0,Bachelors,Bangalore,2014,4,103836.0,1.0
Employee_2690,Female,30.0,Masters,New Delhi,2017,2,112188.0,5.0
Employee_2691,Male,29.0,Bachelors,Bangalore,2018,2,127119.0,1.0
Employee_2692,Female,28.0,Bachelors,New Delhi,2017,1,95164.0,5.0
Employee_2693,Female,27.0,Bachelors,Bangalore,2013,5,116898.0,4.0
Employee_2694,Male,30.0,Bachelors,Bangalore,2015,4,136656.0,2.9959276018099548
Employee_2695,Male,26.0,Bachelors,Bangalore,2012,4,133938.0,5.0
Employee_2696,Male,26.0,Bachelors,Bangalore,2016,4,105714.0,5.0
Employee_2697,Male,30.0,Masters,Bangalore,2017,3,91154.0,3.0
Employee_2698,Male,28.0,Masters,New Delhi,2017,4,114100.0,5.0
Employee_2699,Male,28.0,Bachelors,Bangalore,2014,3,157419.0,2.0
Employee_2700,Male,27.0,Masters,New Delhi,2017,5,119860.5,2.0
Employee_2701,Male,27.0,Bachelors,Bangalore,2014,5,157923.0,1.0
Employee_2702,Male,27.0,Bachelors,New Delhi,2017,5,175875.0,3.0
Employee_2703,Male,30.0,Bachelors,Pune,2016,0,136512.0,1.0
Employee_2704,Female,29.0,Bachelors,Bangalore,2015,0,162267.0,2.0
Employee_2705,Female,27.0,Bachelors,Pune,2015,5,67438.0,2.0
Employee_2706,Female,26.0,Bachelors,Bangalore,2013,4,90906.0,4.0
Employee_2707,Male,29.0,Bachelors,New Delhi,2015,1,126432.0,5.0
Employee_2708,Male,30.0,Bachelors,Bangalore,2017,4,177777.0,2.0
Employee_2709,Male,27.0,PHD,New Delhi,2017,5,142110.0,1.0
Employee_2710,Male,27.0,PHD,Bangalore,2013,5,120165.0,1.0
Employee_2711,Male,28.0,Bachelors,Bangalore,2018,1,103320.0,5.0
Employee_2712,Male,29.0,Bachelors,Bangalore,2013,1,153879.0,5.0
Employee_2713,Female,29.0,Masters,Pune,2017,2,66144.0,4.0
Employee_2714,Male,27.0,Bachelors,Pune,2015,5,130794.0,3.0
Employee_2715,Female,27.0,Bachelors,Bangalore,2012,5,132861.0,1.0
Employee_2716,Male,26.0,Masters,Pune,2018,4,131895.0,5.0
Employee_2717,Female,27.0,Bachelors,New Delhi,2012,5,119860.5,1.0
Employee_2718,Male,27.0,Masters,Pune,2017,5,79038.0,5.0
Employee_2719,Female,28.0,Bachelors,Pune,2015,0,43380.0,2.0
Employee_2720,Male,28.0,Bachelors,Bangalore,2014,4,170952.0,1.0
Employee_2721,Female,29.0,Bachelors,New Delhi,2017,3,125595.0,2.0
Employee_2722,Female,26.0,PHD,Pune,2015,4,76250.0,1.0
Employee_2723,Female,30.0,Bachelors,Bangalore,2017,5,99873.0,3.0
Employee_2724,Male,26.0,Bachelors,Pune,2016,4,102099.0,4.0
Employee_2725,Male,26.0,Masters,Pune,2013,4,105315.0,2.0
Employee_2726,Female,29.0,Bachelors,Pune,2012,2,94174.0,5.0
Employee_2727,Male,30.0,Bachelors,Bangalore,2018,2,114399.0,3.0
Employee_2728,Male,27.0,Bachelors,Bangalore,2016,5,140874.0,1.0
Employee_2729,Male,26.0,Bachelors,Bangalore,2015,4,107112.0,2.0
Employee_2730,Female,28.0,Bachelors,Bangalore,2018,3,115616.0,1.0
Employee_2731,Male,28.0,Bachelors,Bangalore,2012,0,113544.0,1.0
Employee_2732,Male,27.0,Bachelors,Bangalore,2014,5,119860.5,1.0
Employee_2733,Female,28.0,Bachelors,Bangalore,2012,0,128925.0,4.0
Employee_2734,Male,28.0,Masters,New Delhi,2014,2,110772.0,4.0
Employee_2735,Female,26.0,Bachelors,Bangalore,2012,4,171624.0,5.0
Employee_2736,Male,27.0,Bachelors,Pune,2015,5,150636.0,2.0
Employee_2737,Male,28.0,Bachelors,Bangalore,2016,2,148842.0,3.0
Employee_2738,Male,29.0,Bachelors,Pune,2018,3,91464.0,3.0
Employee_2739,Male,29.0,Bachelors,New Delhi,2014,4,111342.0,3.0
Employee_2740,Male,29.0,Bachelors,Bangalore,2015,1,167769.0,1.0
Employee_2741,Male,27.0,Masters,Bangalore,2018,5,174771.0,4.0
Employee_2742,Male,28.0,Bachelors,Bangalore,2014,5,137220.0,2.0
Employee_2743,Male,27.0,Masters,Pune,2017,5,66346.0,1.0
Employee_2744,Male,27.0,Bachelors,Pune,2017,5,118330.0,4.0
Employee_2745,Male,28.0,Bachelors,Bangalore,2014,4,95001.0,2.9959276018099548
Employee_2746,Male,26.0,Bachelors,New Delhi,2017,4,112426.0,2.0
Employee_2747,Female,29.0,Bachelors,Pune,2017,0,102342.0,2.0
Employee_2748,Female,26.0,Bachelors,Bangalore,2012,4,100659.0,2.0
Employee_2749,Female,26.0,Bachelors,New Delhi,2017,4,75522.0,1.0
Employee_2750,Female,26.0,Bachelors,Pune,2017,4,62000.0,5.0
Employee_2751,Male,30.0,Bachelors,Bangalore,2014,1,136914.0,2.0
Employee_2752,Male,29.0,Bachelors,Bangalore,2018,2,166278.0,5.0
Employee_2753,Male,30.0,Masters,Bangalore,2013,2,143316.0,1.0
Employee_2754,Female,27.0,Bachelors,Bangalore,2016,5,106350.0,5.0
Employee_2755,Female,26.0,Bachelors,New Delhi,2016,4,101136.0,3.0
Employee_2756,Male,30.0,Bachelors,Bangalore,2017,1,31367.0,5.0
Employee_2757,Female,30.0,Bachelors,New Delhi,2015,1,114567.0,2.0
Employee_2758,Male,30.0,Bachelors,Pune,2013,0,117039.0,1.0
Employee_2759,Male,27.0,Bachelors,Pune,2015,5,140514.0,2.0
Employee_2760,Female,30.0,Bachelors,Pune,2017,1,168600.0,3.0
Employee_2761,Male,30.0,PHD,New Delhi,2018,2,147468.0,2.0
Employee_2762,Male,29.0,Bachelors,Bangalore,2018,1,101178.0,2.9959276018099548
Employee_2763,Male,30.0,Bachelors,Bangalore,2013,0,160848.0,2.9959276018099548
Employee_2764,Male,27.0,Bachelors,Bangalore,2017,5,173169.0,4.0
Employee_2765,Female,29.0,Bachelors,New Delhi,2016,2,175995.0,3.0
Employee_2766,Male,28.0,Bachelors,Pune,2013,5,104418.0,2.0
Employee_2767,Male,26.0,Bachelors,New Delhi,2014,4,96570.0,2.0
Employee_2768,Female,30.0,Bachelors,Pune,2015,1,78216.0,2.0
Employee_2769,Male,26.0,Masters,New Delhi,2013,4,84356.0,1.0
Employee_2770,Male,26.0,Bachelors,Bangalore,2016,4,98625.0,4.0
Employee_2771,Male,27.0,Masters,Pune,2012,5,106776.0,1.0
Employee_2772,Female,27.0,Bachelors,Bangalore,2017,5,143472.0,4.0
Employee_2773,Male,30.0,Bachelors,Bangalore,2013,1,127776.0,2.0
Employee_2774,Male,27.0,Bachelors,New Delhi,2014,5,116781.0,3.0
Employee_2775,Male,30.0,Masters,Bangalore,2013,1,174432.0,5.0
Employee_2776,Male,29.0,Bachelors,Bangalore,2016,2,157329.0,5.0
Employee_2777,Male,28.0,Bachelors,Bangalore,2016,3,133311.0,2.0
Employee_2778,Female,29.0,Masters,New Delhi,2017,2,124590.0,1.0
Employee_2779,Male,26.0,Bachelors,New Delhi,2014,4,119860.5,3.0
Employee_2780,Male,30.0,Masters,New Delhi,2018,2,123621.0,4.0
Employee_2781,Female,27.0,Masters,Pune,2014,5,160503.0,2.0
Employee_2782,Male,29.0,Bachelors,Pune,2017,0,172395.0,3.0
Employee_2783,Male,30.0,Masters,New Delhi,2016,2,166611.0,3.0
Employee_2784,Male,30.0,Masters,New Delhi,2017,3,119860.5,4.0
Employee_2785,Female,30.0,Bachelors,Pune,2013,1,84080.0,3.0
Employee_2786,Female,28.0,Masters,New Delhi,2014,3,119860.5,1.0
Employee_2787,Male,26.0,Bachelors,Pune,2013,4,157836.0,1.0
Employee_2788,Male,30.0,Bachelors,Bangalore,2017,2,58441.0,1.0
Employee_2789,Male,28.0,Bachelors,Bangalore,2016,3,109413.0,3.0
Employee_2790,Female,30.0,Bachelors,Pune,2013,1,32863.0,1.0
Employee_2791,Female,30.0,Bachelors,Bangalore,2013,5,122079.0,4.0
Employee_2792,Male,28.0,Bachelors,Bangalore,2016,5,169569.0,3.0
Employee_2793,Male,27.0,Bachelors,Pune,2015,5,93531.0,5.0
Employee_2794,Female,26.0,Masters,New Delhi,2012,4,104280.0,3.0
Employee_2795,Male,26.0,Bachelors,Pune,2013,4,60022.0,4.0
Employee_2796,Male,27.0,Bachelors,Bangalore,2018,5,154908.0,5.0
Employee_2797,Female,30.0,PHD,New Delhi,2018,4,92706.0,3.0
Employee_2798,Male,29.0,Bachelors,Bangalore,2017,3,152349.0,1.0
Employee_2799,Male,28.0,Bachelors,Bangalore,2013,1,124668.0,2.0
Employee_2800,Male,28.0,Bachelors,Bangalore,2012,2,119860.5,2.0
Employee_2801,Male,30.0,Masters,New Delhi,2017,2,41563.0,1.0
Employee_2802,Female,26.0,Bachelors,New Delhi,2017,4,88102.0,2.0
Employee_2803,Female,29.0,Masters,Bangalore,2013,2,1219010.963800905,2.0
Employee_2804,Male,29.0,Bachelors,Pune,2012,5,114702.0,1.0
Employee_2805,Male,27.0,Bachelors,Bangalore,2014,5,166557.0,1.0
Employee_2806,Male,29.0,Bachelors,Bangalore,2015,4,170898.0,3.0
Employee_2807,Male,29.0,Bachelors,Bangalore,2014,3,155487.0,3.0
Employee_2808,Male,28.0,Bachelors,Bangalore,2018,0,138519.0,1.0
Employee_2809,Male,27.0,Bachelors,Bangalore,2012,5,171363.0,4.0
Employee_2810,Male,26.0,Bachelors,New Delhi,2017,4,113974.0,2.0
Employee_2811,Female,29.0,Bachelors,Pune,2014,1,86356.0,3.0
Employee_2812,Male,29.0,Bachelors,Bangalore,2017,4,109710.0,2.0
Employee_2813,Female,28.0,Bachelors,Pune,2015,3,111160.0,5.0
Employee_2814,Male,28.0,Bachelors,Bangalore,2017,5,163788.0,1.0
Employee_2815,Male,29.0,Bachelors,Bangalore,2017,0,91218.0,4.0
Employee_2816,Male,30.0,Bachelors,Bangalore,2017,2,117618.0,5.0
Employee_2817,Female,26.0,Bachelors,New Delhi,2017,4,68862.0,5.0
Employee_2818,Female,30.0,Masters,New Delhi,2017,2,112828.0,5.0
Employee_2819,Female,29.0,Bachelors,Pune,2015,4,115528.0,1.0
Employee_2820,Female,29.0,Bachelors,Pune,2014,1,154881.0,3.0
Employee_2821,Male,28.0,Bachelors,Bangalore,2012,2,109626.0,1.0
Employee_2822,Female,28.0,Bachelors,Bangalore,2012,4,159960.0,3.0
Employee_2823,Female,29.0,Bachelors,Bangalore,2017,5,116718.0,5.0
Employee_2824,Male,30.0,Bachelors,Bangalore,2015,3,102438.0,5.0
Employee_2825,Male,26.0,Masters,Pune,2012,4,126138.0,4.0
Employee_2826,Male,28.0,Bachelors,Bangalore,2018,5,119860.5,2.9959276018099548
Employee_2827,Male,30.0,Bachelors,New Delhi,2017,5,129228.0,5.0
Employee_2828,Female,27.0,Bachelors,New Delhi,2012,5,139572.0,2.0
Employee_2829,Female,26.0,Bachelors,New Delhi,2017,4,177423.0,4.0
Employee_2830,Male,27.0,Bachelors,Bangalore,2014,5,104646.0,1.0
Employee_2831,Male,28.0,Bachelors,Bangalore,2014,0,132339.0,4.0
Employee_2832,Female,30.0,Bachelors,New Delhi,2014,2,130935.0,2.0
Employee_2833,Female,29.0,Bachelors,New Delhi,2012,5,108036.0,2.9959276018099548
Employee_2834,Male,26.0,Bachelors,Pune,2014,4,142041.0,2.9959276018099548
Employee_2835,Male,27.0,Bachelors,Bangalore,2015,5,111453.0,1.0
Employee_2836,Female,29.0,Bachelors,Pune,2017,4,109896.0,3.0
Employee_2837,Male,29.0,Masters,Pune,2016,4,174633.0,4.0
Employee_2838,Male,26.0,Bachelors,Bangalore,2017,4,171351.0,5.0
Employee_2839,Female,26.0,Masters,New Delhi,2017,4,100830.0,4.0
Employee_2840,Male,29.0,Masters,New Delhi,2012,2,119652.0,2.0
Employee_2841,Male,27.0,Bachelors,Bangalore,2013,5,110682.0,5.0
Employee_2842,Male,26.0,Bachelors,Pune,2012,4,130401.0,4.0
Employee_2843,Female,28.0,Bachelors,Bangalore,2017,2,161085.0,3.0
Employee_2844,Female,30.0,Bachelors,New Delhi,2013,3,139467.0,2.0
Employee_2845,Female,26.0,Masters,Pune,2017,4,119860.5,2.0
Employee_2846,Female,26.0,Bachelors,Bangalore,2013,4,119619.0,2.0
Employee_2847,Female,28.0,Masters,New Delhi,2017,2,84578.0,5.0
Employee_2848,Male,27.0,Bachelors,New Delhi,2017,5,119860.5,2.9959276018099548
Employee_2849,Male,27.0,PHD,Bangalore,2018,5,122484.0,5.0
Employee_2850,Female,30.0,Bachelors,Bangalore,2013,1,159513.0,4.0
Employee_2851,Male,30.0,Masters,New Delhi,2013,0,96411.0,2.9959276018099548
Employee_2852,Female,26.0,Masters,New Delhi,2018,4,173976.0,4.0
Employee_2853,Male,30.0,Masters,New Delhi,2015,2,152487.0,1.0
Employee_2854,Male,29.0,Bachelors,Bangalore,2012,4,149742.0,5.0
Employee_2855,Male,27.0,Bachelors,Bangalore,2018,5,93858.0,2.0
Employee_2856,Male,28.0,Masters,Pune,2017,5,91420.0,3.0
Employee_2857,Male,29.0,Bachelors,Pune,2016,3,82742.0,2.0
Employee_2858,Female,27.0,Bachelors,Pune,2015,5,91890.0,5.0
Employee_2859,Male,29.0,Bachelors,Bangalore,2014,4,179202.0,1.0
Employee_2860,Male,27.0,Bachelors,Bangalore,2014,5,111156.0,2.0
Employee_2861,Male,28.0,Bachelors,Pune,2018,5,100962.0,5.0
Employee_2862,Female,28.0,Bachelors,Bangalore,2012,0,160458.0,4.0
Employee_2863,Male,28.0,Masters,Pune,2017,2,97486.0,3.0
Employee_2864,Female,27.0,Masters,Pune,2015,5,91200.0,2.0
Employee_2865,Female,26.0,Bachelors,Bangalore,2013,4,163467.0,1.0
Employee_2866,Female,29.0,Bachelors,Pune,2014,4,115908.0,4.0
Employee_2867,Male,30.0,Masters,New Delhi,2016,3,109323.0,5.0
Employee_2868,Female,26.0,Bachelors,Pune,2014,4,51431.0,3.0
Employee_2869,Female,27.0,Bachelors,Pune,2012,5,119860.5,1.0
Employee_2870,Male,30.0,Bachelors,Pune,2017,0,119860.5,5.0
Employee_2871,Male,27.0,Bachelors,Pune,2013,5,119001.0,5.0
Employee_2872,Male,30.0,Bachelors,New Delhi,2017,4,84298.0,2.0
Employee_2873,Female,28.0,Bachelors,New Delhi,2017,4,63596.0,2.0
Employee_2874,Female,30.0,PHD,Bangalore,2016,5,169263.0,1.0
Employee_2875,Male,28.0,Bachelors,Bangalore,2018,1,118800.0,5.0
Employee_2876,Male,29.0,Bachelors,Pune,2017,3,103350.0,2.0
Employee_2877,Male,30.0,Bachelors,New Delhi,2017,1,70990.0,3.0
Employee_2878,Male,27.0,Bachelors,Bangalore,2015,5,119700.0,3.0
Employee_2879,Male,30.0,Bachelors,Pune,2013,0,131019.0,5.0
Employee_2880,Male,26.0,Bachelors,Bangalore,2018,4,123390.0,2.0
Employee_2881,Female,28.0,Bachelors,New Delhi,2015,3,158004.0,2.9959276018099548
Employee_2882,Female,26.0,Masters,New Delhi,2017,4,90444.0,1.0
Employee_2883,Female,28.0,Bachelors,Pune,2016,1,107338.0,1.0
Employee_2884,Male,28.0,Masters,New Delhi,2014,0,119860.5,3.0
Employee_2885,Male,28.0,Bachelors,Bangalore,2015,2,159759.0,2.0
Employee_2886,Female,30.0,Masters,Pune,2015,1,78870.0,2.0
Employee_2887,Female,27.0,Masters,New Delhi,2017,5,117104.0,3.0
Employee_2888,Male,26.0,Bachelors,Bangalore,2014,4,148443.0,1.0
Employee_2889,Male,28.0,Bachelors,Pune,2013,5,103848.0,1.0
Employee_2890,Male,30.0,Bachelors,Bangalore,2016,1,139179.0,5.0
Employee_2891,Male,29.0,Masters,New Delhi,2017,2,178965.0,4.0
Employee_2892,Female,30.0,Bachelors,Bangalore,2012,1,121851.0,2.0
Employee_2893,Male,29.0,Bachelors,Bangalore,2018,3,107256.0,2.0
Employee_2894,Male,29.0,Masters,Pune,2018,2,119860.5,2.0
Employee_2895,Female,27.0,Bachelors,Bangalore,2016,5,171621.0,4.0
Employee_2896,Male,28.0,Bachelors,New Delhi,2017,2,72590.0,2.9959276018099548
Employee_2897,Female,29.0,Bachelors,Bangalore,2016,0,153597.0,4.0
Employee_2898,Female,29.0,Bachelors,New Delhi,2016,1,47456.0,1.0
Employee_2899,Female,28.0,Bachelors,Pune,2015,0,66450.0,1.0
Employee_2900,Male,28.0,Bachelors,Bangalore,2012,2,178590.0,2.0
Employee_2901,Male,27.0,PHD,Bangalore,2014,5,93948.0,3.0
Employee_2902,Male,27.0,Bachelors,Bangalore,2013,5,156249.0,2.0
Employee_2903,Female,29.0,Bachelors,Bangalore,2018,3,127011.0,3.0
Employee_2904,Male,28.0,Masters,New Delhi,2017,2,119860.5,4.0
Employee_2905,Female,29.0,Masters,New Delhi,2016,1,159174.0,2.9959276018099548
Employee_2906,Male,26.0,Bachelors,Bangalore,2012,4,101049.0,3.0
Employee_2907,Male,28.0,Bachelors,Pune,2015,5,111681.0,4.0
Employee_2908,Female,29.0,Bachelors,New Delhi,2017,5,66546.0,1.0
Employee_2909,Male,30.0,Bachelors,Bangalore,2014,0,160152.0,2.9959276018099548
Employee_2910,Male,30.0,Bachelors,Bangalore,2017,0,90435.0,2.0
Employee_2911,Male,28.0,Bachelors,Pune,2014,2,105030.0,2.0
Employee_2912,Female,28.0,Bachelors,New Delhi,2013,1,138105.0,2.0
Employee_2913,Female,26.0,Bachelors,New Delhi,2016,4,99120.0,4.0
Employee_2914,Female,28.0,Bachelors,New Delhi,2012,0,118962.0,2.0
Employee_2915,Male,29.0,Bachelors,Bangalore,2017,0,177756.0,5.0
Employee_2916,Male,27.0,Bachelors,Bangalore,2018,5,168480.0,1.0
Employee_2917,Male,26.0,Masters,New Delhi,2017,4,93732.0,4.0
Employee_2918,Female,26.0,Bachelors,New Delhi,2017,4,148689.0,2.9959276018099548
Employee_2919,Male,27.0,Bachelors,Bangalore,2013,5,142899.0,1.0
Employee_2920,Male,26.0,Bachelors,Bangalore,2014,4,178032.0,3.0
Employee_2921,Female,29.0,Bachelors,Pune,2013,0,94028.0,2.0
Employee_2922,Female,28.0,Bachelors,Pune,2013,4,89992.0,1.0
Employee_2923,Male,26.0,Bachelors,Bangalore,2017,4,139008.0,5.0
Employee_2924,Female,28.0,Bachelors,Pune,2015,0,77706.0,3.0
Employee_2925,Male,29.0,Bachelors,Bangalore,2017,1,125085.0,5.0
Employee_2926,Female,29.0,Bachelors,Bangalore,2013,3,98556.0,1.0
Employee_2927,Male,29.0,Bachelors,Bangalore,2015,5,138042.0,5.0
Employee_2928,Female,30.0,Bachelors,New Delhi,2017,3,171126.0,1.0
Employee_2929,Male,29.0,Bachelors,Pune,2015,0,92961.0,1.0
Employee_2930,Female,27.0,Bachelors,Bangalore,2013,5,112866.0,5.0
Employee_2931,Male,26.0,Bachelors,Bangalore,2016,4,119860.5,1.0
Employee_2932,Male,27.0,Bachelors,Bangalore,2014,5,168366.0,2.0
Employee_2933,Male,28.0,Bachelors,Bangalore,2012,2,119860.5,1.0
Employee_2934,Male,27.0,Bachelors,Bangalore,2017,5,117480.0,4.0
Employee_2935,Male,29.0,Bachelors,Bangalore,2018,0,171639.0,1.0
Employee_2936,Female,29.0,Bachelors,Bangalore,2017,5,119860.5,4.0
Employee_2937,Male,27.0,Bachelors,Bangalore,2017,5,109956.0,1.0
Employee_2938,Male,28.0,Masters,Bangalore,2017,5,110032.0,1.0
Employee_2939,Female,28.0,Masters,New Delhi,2014,2,112263.0,5.0
Employee_2940,Female,27.0,Bachelors,New Delhi,2012,5,154200.0,2.0
Employee_2941,Male,28.0,Bachelors,Bangalore,2012,0,92307.0,2.0
Employee_2942,Male,27.0,Masters,Pune,2017,5,95454.0,3.0
Employee_2943,Male,26.0,Bachelors,Bangalore,2013,4,132342.0,5.0
Employee_2944,Female,27.0,Bachelors,New Delhi,2013,5,103074.0,5.0
Employee_2945,Female,26.0,Bachelors,Bangalore,2013,4,116610.0,2.0
Employee_2946,Female,27.0,Bachelors,Pune,2012,5,116964.0,5.0
Employee_2947,Female,26.0,Bachelors,Pune,2016,4,168459.0,2.0
Employee_2948,Male,27.0,Bachelors,New Delhi,2017,5,106328.0,5.0
Employee_2949,Female,28.0,Bachelors,Bangalore,2012,3,175752.0,1.0
Employee_2950,Male,26.0,Bachelors,Bangalore,2015,4,158958.0,2.0
Employee_2951,Male,27.0,Masters,New Delhi,2017,5,179010.0,2.0
Employee_2952,Female,30.0,Bachelors,Pune,2013,5,83086.0,2.9959276018099548
Employee_2953,Male,28.0,Bachelors,Pune,2013,0,178113.0,5.0
Employee_2954,Male,26.0,Bachelors,Pune,2012,4,146199.0,5.0
Employee_2955,Male,28.0,Bachelors,Bangalore,2016,3,174534.0,2.0
Employee_2956,Male,26.0,Masters,Pune,2015,4,107097.0,1.0
Employee_2957,Female,26.0,Bachelors,New Delhi,2017,4,95250.0,1.0
Employee_2958,Male,26.0,Masters,Bangalore,2017,4,62250.0,1.0
Employee_2959,Female,30.0,Bachelors,Bangalore,2014,2,122379.0,5.0
Employee_2960,Female,29.0,Bachelors,Bangalore,2014,2,167298.0,4.0
Employee_2961,Male,26.0,Bachelors,Pune,2017,4,110292.0,2.0
Employee_2962,Male,28.0,Bachelors,Bangalore,2013,0,154455.0,3.0
Employee_2963,Male,29.0,Bachelors,Bangalore,2018,1,126969.0,4.0
Employee_2964,Female,30.0,Bachelors,Bangalore,2016,3,129093.0,3.0
Employee_2965,Male,30.0,Bachelors,Bangalore,2017,0,132156.0,4.0
Employee_2966,Male,29.0,PHD,New Delhi,2015,4,127920.0,1.0
Employee_2967,Female,26.0,Bachelors,New Delhi,2017,4,75686.0,5.0
Employee_2968,Female,26.0,Bachelors,Bangalore,2013,4,119860.5,3.0
Employee_2969,Female,28.0,Bachelors,Bangalore,2014,5,46456.0,4.0
Employee_2970,Male,30.0,Bachelors,Pune,2014,0,155568.0,5.0
Employee_2971,Female,26.0,Masters,Bangalore,2012,4,120318.0,3.0
Employee_2972,Female,26.0,Bachelors,New Delhi,2013,4,70378.0,2.0
Employee_2973,Male,26.0,Bachelors,Bangalore,2015,4,97416.0,4.0
Employee_2974,Female,29.0,Bachelors,New Delhi,2016,0,172866.0,2.0
Employee_2975,Female,27.0,Bachelors,Bangalore,2015,5,141273.0,1.0
Employee_2976,Female,28.0,Masters,New Delhi,2018,2,144564.0,2.0
Employee_2977,Female,27.0,PHD,New Delhi,2015,5,73408.0,2.0
Employee_2978,Male,28.0,Masters,Pune,2013,1,33713.0,4.0
Employee_2979,Male,26.0,Bachelors,Pune,2012,4,105153.0,1.0
Employee_2980,Female,26.0,Bachelors,Pune,2015,4,81512.0,2.0
Employee_2981,Female,30.0,Bachelors,New Delhi,2018,3,97425.0,5.0
Employee_2982,Male,30.0,PHD,New Delhi,2013,5,100830.0,3.0
Employee_2983,Male,28.0,Bachelors,Bangalore,2013,0,102765.0,2.0
Employee_2984,Male,28.0,Masters,New Delhi,2014,4,133452.0,2.9959276018099548
Employee_2985,Male,29.0,Bachelors,Bangalore,2017,1,172197.0,2.9959276018099548
Employee_2986,Male,26.0,Bachelors,Bangalore,2013,4,161343.0,3.0
Employee_2987,Male,26.0,Bachelors,Pune,2012,4,95205.0,1.0
Employee_2988,Male,26.0,Bachelors,Pune,2014,4,168483.0,4.0
Employee_2989,Male,29.0,Bachelors,Pune,2015,0,119860.5,1.0
Employee_2990,Male,26.0,Bachelors,Bangalore,2014,4,57637.0,4.0
Employee_2991,Male,36.0,Bachelors,Bangalore,2018,2,113937.0,1.0
Employee_2992,Male,37.0,Bachelors,Bangalore,2018,4,97284.0,3.0
Employee_2993,Female,35.0,Bachelors,Pune,2015,0,127035.0,3.0
Employee_2994,Female,28.0,Bachelors,Pune,2013,4,74852.0,1.0
Employee_2995,Female,39.0,Bachelors,Pune,2013,0,38533.0,2.0
Employee_2996,Male,32.0,Bachelors,Pune,2018,1,105747.0,3.0
Employee_2997,Female,37.0,PHD,New Delhi,2012,5,172050.0,4.0
Employee_2998,Male,31.0,Bachelors,Pune,2012,4,155025.0,4.0
Employee_2999,Male,31.0,Bachelors,Pune,2018,1,119860.5,5.0
Employee_3000,Male,33.0,Bachelors,Bangalore,2017,2,171711.0,4.0
Employee_3001,Male,37.0,Masters,Pune,2017,2,111616.0,5.0
Employee_3002,Male,31.0,Bachelors,Pune,2014,1,150774.0,1.0
Employee_3003,Female,40.0,Masters,Bangalore,2017,4,170931.0,1.0
Employee_3004,Male,32.0,Bachelors,New Delhi,2017,0,79372.0,1.0
Employee_3005,Male,41.0,Bachelors,Bangalore,2016,0,132327.0,2.0
Employee_3006,Female,35.0,Bachelors,Bangalore,2018,5,151785.0,2.0
Employee_3007,Male,34.0,Bachelors,Pune,2014,3,91983.0,5.0
Employee_3008,Male,31.0,Bachelors,Bangalore,2017,0,126225.0,4.0
Employee_3009,Female,41.0,Masters,Bangalore,2017,2,174585.0,4.0
Employee_3010,Male,41.0,Bachelors,Pune,2015,5,134364.0,1.0
Employee_3011,Female,37.0,Bachelors,Bangalore,2016,0,120180.0,3.0
Employee_3012,Female,28.0,Bachelors,Bangalore,2018,3,137508.0,2.0
Employee_3013,Male,37.0,Bachelors,Bangalore,2015,3,121578.0,2.0
Employee_3014,Male,32.0,Bachelors,Bangalore,2016,1,100122.0,1.0
Employee_3015,Female,36.0,Masters,New Delhi,2017,5,166776.0,2.0
Employee_3016,Male,36.0,Bachelors,Bangalore,2014,3,176946.0,1.0
Employee_3017,Male,36.0,Bachelors,Bangalore,2015,5,90621.0,5.0
Employee_3018,Male,41.0,Bachelors,Bangalore,2017,3,97995.0,2.9959276018099548
Employee_3019,Male,39.0,Bachelors,Pune,2015,3,146631.0,3.0
Employee_3020,Male,28.0,Bachelors,Pune,2013,0,159591.0,4.0
Employee_3021,Male,32.0,Bachelors,Bangalore,2013,1,91896.0,4.0
Employee_3022,Male,36.0,Bachelors,Bangalore,2012,2,170034.0,5.0
Employee_3023,Male,36.0,Bachelors,Bangalore,2013,4,172605.0,2.0
Employee_3024,Male,36.0,Bachelors,Bangalore,2014,1,119860.5,3.0
Employee_3025,Female,32.0,Bachelors,Bangalore,2018,2,177984.0,2.0
Employee_3026,Male,34.0,Bachelors,Bangalore,2018,3,131133.0,4.0
Employee_3027,Male,37.0,Bachelors,Bangalore,2018,5,120369.0,1.0
Employee_3028,Male,40.0,Bachelors,Pune,2018,3,150309.0,4.0
Employee_3029,Female,36.0,Bachelors,Pune,2014,3,74246.0,2.0
Employee_3030,Female,38.0,Bachelors,Pune,2017,0,81508.0,2.9959276018099548
Employee_3031,Female,31.0,Masters,New Delhi,2017,0,63358.0,1.0
Employee_3032,Female,41.0,Bachelors,New Delhi,2013,4,137703.0,5.0
Employee_3033,Male,32.0,Masters,Bangalore,2012,3,60472.0,2.0
Employee_3034,Female,41.0,Bachelors,New Delhi,2017,3,74892.0,4.0
Employee_3035,Male,40.0,Bachelors,Pune,2013,5,103329.0,2.0
Employee_3036,Female,38.0,Bachelors,Bangalore,2014,2,159462.0,2.9959276018099548
Employee_3037,Male,36.0,Masters,New Delhi,2017,5,90926.0,2.9959276018099548
Employee_3038,Female,33.0,Bachelors,New Delhi,2013,1,177903.0,4.0
Employee_3039,Male,39.0,Bachelors,Bangalore,2014,0,168348.0,2.0
Employee_3040,Male,39.0,Bachelors,Bangalore,2013,0,157449.0,2.0
Employee_3041,Male,33.0,Bachelors,Bangalore,2014,4,175557.0,1.0
Employee_3042,Male,32.0,Bachelors,Pune,2017,5,179829.0,5.0
Employee_3043,Female,35.0,Bachelors,Bangalore,2014,2,115665.0,1.0
Employee_3044,Male,36.0,Bachelors,Bangalore,2014,5,146256.0,4.0
Employee_3045,Female,39.0,Bachelors,Pune,2018,0,93338.0,2.0
Employee_3046,Female,37.0,Bachelors,Bangalore,2013,5,90444.0,2.9959276018099548
Employee_3047,Female,35.0,Masters,New Delhi,2017,2,86790.0,4.0
Employee_3048,Male,36.0,Bachelors,Bangalore,2017,5,119860.5,2.9959276018099548
Employee_3049,Male,41.0,Masters,New Delhi,2013,0,158799.0,3.0
Employee_3050,Male,33.0,Bachelors,Bangalore,2017,2,160515.0,4.0
Employee_3051,Male,38.0,Bachelors,Bangalore,2018,2,177381.0,2.0
Employee_3052,Male,34.0,Bachelors,Bangalore,2015,5,169026.0,4.0
Employee_3053,Male,34.0,Bachelors,Bangalore,2012,1,104685.0,3.0
Employee_3054,Male,35.0,Bachelors,Pune,2015,5,154992.0,2.0
Employee_3055,Female,39.0,Bachelors,Bangalore,2012,2,142188.0,4.0
Employee_3056,Male,41.0,Bachelors,Bangalore,2012,3,123069.0,5.0
Employee_3057,Male,34.0,Bachelors,Bangalore,2018,2,122097.0,5.0
Employee_3058,Female,35.0,Masters,Pune,2015,1,79430.0,4.0
Employee_3059,Male,33.0,Bachelors,Bangalore,2012,2,147507.0,2.0
Employee_3060,Male,39.0,Bachelors,Bangalore,2015,3,171396.0,4.0
Employee_3061,Male,35.0,Masters,New Delhi,2017,2,100218.0,4.0
Employee_3062,Female,31.0,Bachelors,New Delhi,2017,0,92326.0,3.0
Employee_3063,Male,34.0,Bachelors,Bangalore,2016,4,152880.0,5.0
Employee_3064,Female,40.0,Bachelors,Bangalore,2013,5,107346.0,3.0
Employee_3065,Female,31.0,Bachelors,New Delhi,2016,4,157923.0,3.0
Employee_3066,Male,33.0,Bachelors,Pune,2016,3,168531.0,4.0
Employee_3067,Male,32.0,Bachelors,Bangalore,2013,5,146376.0,3.0
Employee_3068,Male,31.0,Masters,New Delhi,2017,4,93448.0,5.0
Employee_3069,Male,39.0,Bachelors,Bangalore,2014,2,98451.0,3.0
Employee_3070,Male,33.0,Bachelors,Bangalore,2016,1,135288.0,5.0
Employee_3071,Female,40.0,Bachelors,Bangalore,2014,4,119860.5,3.0
Employee_3072,Male,39.0,Bachelors,Bangalore,2016,0,157038.0,5.0
Employee_3073,Male,35.0,Bachelors,Bangalore,2017,2,178518.0,3.0
Employee_3074,Male,32.0,Bachelors,Bangalore,2017,1,105897.0,3.0
Employee_3075,Female,34.0,Bachelors,Pune,2015,5,79834.0,2.0
Employee_3076,Female,40.0,Bachelors,Bangalore,2017,4,161874.0,5.0
Employee_3077,Male,33.0,Masters,Pune,2017,4,144219.0,5.0
Employee_3078,Female,36.0,Bachelors,Pune,2015,0,66534.0,5.0
Employee_3079,Male,39.0,Masters,Bangalore,2018,3,103218.0,1.0
Employee_3080,Female,37.0,Bachelors,Bangalore,2012,5,164511.0,3.0
Employee_3081,Male,36.0,Bachelors,Bangalore,2018,1,143478.0,2.9959276018099548
Employee_3082,Male,39.0,Bachelors,New Delhi,2017,2,109962.0,1.0
Employee_3083,Female,35.0,Bachelors,Pune,2015,4,80764.0,2.0
Employee_3084,Male,41.0,Masters,New Delhi,2018,2,103311.0,5.0
Employee_3085,Male,31.0,Bachelors,Pune,2012,5,106305.0,5.0
Employee_3086,Female,36.0,Bachelors,Pune,2015,0,109638.0,2.9959276018099548
Employee_3087,Male,32.0,Bachelors,Bangalore,2016,1,177483.0,3.0
Employee_3088,Male,37.0,Bachelors,Bangalore,2017,2,102321.0,2.0
Employee_3089,Female,39.0,Bachelors,Pune,2015,4,61120.0,5.0
Employee_3090,Male,34.0,Bachelors,Pune,2012,2,126987.0,3.0
Employee_3091,Female,35.0,Bachelors,Bangalore,2012,1,171903.0,2.0
Employee_3092,Female,40.0,Bachelors,Bangalore,2015,2,165507.0,4.0
Employee_3093,Female,39.0,Bachelors,Bangalore,2016,1,155796.0,4.0
Employee_3094,Female,39.0,Bachelors,Bangalore,2017,1,95478.0,2.0
Employee_3095,Female,41.0,Bachelors,Pune,2015,3,124263.0,1.0
Employee_3096,Male,40.0,Bachelors,Pune,2012,2,173589.0,2.0
Employee_3097,Male,36.0,Bachelors,Bangalore,2012,3,42265.0,2.0
Employee_3098,Female,33.0,Bachelors,New Delhi,2017,2,75258.0,1.0
Employee_3099,Male,33.0,Masters,New Delhi,2014,2,114975.0,1.0
Employee_3100,Male,40.0,Masters,New Delhi,2018,2,148566.0,3.0
Employee_3101,Female,34.0,Bachelors,Pune,2015,2,116990.0,3.0
Employee_3102,Female,33.0,Bachelors,Bangalore,2014,1,178857.0,1.0
Employee_3103,Male,34.0,Masters,New Delhi,2015,5,37693.0,4.0
Employee_3104,Male,40.0,Masters,New Delhi,2017,5,38264.0,4.0
Employee_3105,Male,32.0,Bachelors,Bangalore,2014,4,119860.5,2.0
Employee_3106,Male,38.0,Bachelors,New Delhi,2017,2,131148.0,5.0
Employee_3107,Male,38.0,Bachelors,Bangalore,2015,4,162678.0,2.0
Employee_3108,Male,32.0,Bachelors,Bangalore,2015,2,110163.0,2.0
Employee_3109,Female,31.0,Bachelors,Bangalore,2013,3,160158.0,2.9959276018099548
Employee_3110,Female,39.0,Bachelors,Bangalore,2015,0,151827.0,1.0
Employee_3111,Male,41.0,Masters,Pune,2017,2,98724.0,4.0
Employee_3112,Female,35.0,Bachelors,Pune,2015,2,74746.0,2.0
Employee_3113,Male,39.0,Bachelors,Pune,2016,5,107721.0,5.0
Employee_3114,Female,40.0,Bachelors,Bangalore,2014,0,157443.0,3.0
Employee_3115,Male,41.0,Bachelors,Bangalore,2016,1,138381.0,2.9959276018099548
Employee_3116,Female,34.0,Masters,Pune,2015,1,117874.0,4.0
Employee_3117,Female,37.0,Bachelors,Pune,2016,5,71312.0,1.0
Employee_3118,Male,36.0,Bachelors,New Delhi,2017,2,113122.0,2.0
Employee_3119,Male,37.0,Bachelors,Pune,2015,1,116952.0,2.0
Employee_3120,Female,40.0,Masters,Pune,2015,1,59984.0,5.0
Employee_3121,Female,39.0,Bachelors,New Delhi,2018,0,151929.0,3.0
Employee_3122,Female,36.0,Bachelors,New Delhi,2017,5,76572.0,3.0
Employee_3123,Female,32.0,Bachelors,Bangalore,2015,2,71802.0,1.0
Employee_3124,Female,31.0,PHD,Pune,2015,1,167127.0,4.0
Employee_3125,Male,31.0,Bachelors,Bangalore,2012,4,104751.0,1.0
Employee_3126,Female,36.0,Bachelors,New Delhi,2013,5,115287.0,2.0
Employee_3127,Male,35.0,Bachelors,Bangalore,2014,3,134148.0,2.0
Employee_3128,Female,33.0,Masters,New Delhi,2013,2,91590.0,3.0
Employee_3129,Male,39.0,Bachelors,Bangalore,2014,1,123414.0,4.0
Employee_3130,Female,35.0,Bachelors,Pune,2015,1,97590.0,5.0
Employee_3131,Female,38.0,Bachelors,Bangalore,2013,4,119860.5,4.0
Employee_3132,Female,39.0,Masters,Bangalore,2017,4,160287.0,2.0
Employee_3133,Male,41.0,Bachelors,Bangalore,2012,3,142296.0,5.0
Employee_3134,Male,35.0,Bachelors,Pune,2014,2,71544.0,4.0
Employee_3135,Male,31.0,Bachelors,Pune,2016,1,136428.0,4.0
Employee_3136,Female,32.0,Bachelors,New Delhi,2017,4,97826.0,5.0
Employee_3137,Male,34.0,Bachelors,New Delhi,2016,1,137253.0,2.0
Employee_3138,Male,34.0,Bachelors,Bangalore,2014,3,98892.0,4.0
Employee_3139,Male,36.0,Masters,New Delhi,2014,1,111411.0,5.0
Employee_3140,Male,41.0,Masters,Bangalore,2017,4,94694.0,2.0
Employee_3141,Female,39.0,Masters,Pune,2017,3,93840.0,5.0
Employee_3142,Male,38.0,Masters,New Delhi,2017,5,87782.0,5.0
Employee_3143,Male,37.0,Bachelors,Bangalore,2012,4,112020.0,4.0
Employee_3144,Male,38.0,Bachelors,Bangalore,2015,3,160689.0,2.0
Employee_3145,Male,37.0,Bachelors,Bangalore,2014,4,113901.0,4.0
Employee_3146,Male,34.0,Bachelors,Bangalore,2017,5,127245.0,1.0
Employee_3147,Male,39.0,Bachelors,Bangalore,2014,5,41871.0,1.0
Employee_3148,Female,38.0,Masters,New Delhi,2017,2,117526.0,2.0
Employee_3149,Male,33.0,Masters,New Delhi,2017,5,125748.0,2.9959276018099548
Employee_3150,Female,33.0,Bachelors,Bangalore,2012,5,116202.0,4.0
Employee_3151,Male,34.0,Bachelors,Bangalore,2012,4,92535.0,4.0
Employee_3152,Female,32.0,Bachelors,Pune,2016,0,116358.0,2.0
Employee_3153,Female,28.0,Bachelors,Bangalore,2012,0,156483.0,2.0
Employee_3154,Male,37.0,Masters,Pune,2013,2,148260.0,1.0
Employee_3155,Male,37.0,Masters,New Delhi,2015,2,156993.0,3.0
Employee_3156,Male,37.0,Bachelors,New Delhi,2013,2,97482.0,2.0
Employee_3157,Male,40.0,Bachelors,Bangalore,2017,1,128031.0,3.0
Employee_3158,Male,32.0,Masters,New Delhi,2016,1,147309.0,2.0
Employee_3159,Female,36.0,Bachelors,Bangalore,2016,5,119860.5,5.0
Employee_3160,Male,36.0,Bachelors,Bangalore,2014,4,126990.0,5.0
Employee_3161,Female,36.0,Bachelors,Bangalore,2014,1,152199.0,1.0
Employee_3162,Male,31.0,Masters,New Delhi,2017,1,173331.0,1.0
Employee_3163,Male,38.0,Bachelors,Bangalore,2015,4,105537.0,3.0
Employee_3164,Male,38.0,Masters,New Delhi,2017,2,171858.0,2.0
Employee_3165,Male,39.0,Bachelors,Pune,2012,2,109830.0,4.0
Employee_3166,Male,37.0,Bachelors,Bangalore,2014,5,36430.0,1.0
Employee_3167,Female,36.0,Bachelors,Pune,2015,1,74308.0,4.0
Employee_3168,Male,35.0,Bachelors,Bangalore,2013,2,131484.0,2.9959276018099548
Employee_3169,Female,40.0,Bachelors,Pune,2013,5,120435.0,2.0
Employee_3170,Male,40.0,Bachelors,Pune,2014,5,109464.0,3.0
Employee_3171,Female,35.0,Bachelors,Bangalore,2017,3,153363.0,2.0
Employee_3172,Female,41.0,Bachelors,Bangalore,2012,5,119860.5,1.0
Employee_3173,Male,32.0,Bachelors,Bangalore,2015,4,101550.0,4.0
Employee_3174,Male,41.0,Bachelors,Bangalore,2013,2,141219.0,2.0
Employee_3175,Female,40.0,Bachelors,New Delhi,2016,1,130692.0,2.0
Employee_3176,Male,40.0,Bachelors,Pune,2017,3,169578.0,2.0
Employee_3177,Male,34.0,Bachelors,Bangalore,2017,3,154677.0,1.0
Employee_3178,Male,36.0,Masters,New Delhi,2017,2,110064.0,3.0
Employee_3179,Female,33.0,Bachelors,New Delhi,2017,2,105234.0,2.0
Employee_3180,Male,41.0,Bachelors,Pune,2014,2,170118.0,1.0
Employee_3181,Female,40.0,Bachelors,Bangalore,2014,3,126504.0,4.0
Employee_3182,Male,31.0,Bachelors,Bangalore,2016,1,179382.0,5.0
Employee_3183,Female,32.0,Masters,Bangalore,2015,2,176460.0,1.0
Employee_3184,Female,34.0,Bachelors,Pune,2017,1,106344.0,5.0
Employee_3185,Male,32.0,Bachelors,New Delhi,2016,4,142689.0,2.0
Employee_3186,Female,32.0,Bachelors,Bangalore,2013,4,176583.0,2.0
Employee_3187,Male,38.0,Bachelors,Bangalore,2014,2,174423.0,1.0
Employee_3188,Male,32.0,Masters,New Delhi,2017,1,117222.0,5.0
Employee_3189,Male,40.0,Bachelors,New Delhi,2015,2,109218.0,2.0
Employee_3190,Female,38.0,Bachelors,New Delhi,2017,1,54975.0,4.0
Employee_3191,Male,37.0,Bachelors,Pune,2017,0,159873.0,3.0
Employee_3192,Male,31.0,PHD,Bangalore,2014,1,116400.0,3.0
Employee_3193,Male,34.0,Bachelors,Pune,2014,0,132249.0,2.0
Employee_3194,Female,34.0,Masters,New Delhi,2017,2,63276.0,5.0
Employee_3195,Female,37.0,Bachelors,Pune,2013,0,104110.0,2.0
Employee_3196,Male,31.0,Masters,New Delhi,2017,1,106624.0,5.0
Employee_3197,Male,35.0,Bachelors,Bangalore,2017,5,121020.0,4.0
Employee_3198,Female,34.0,PHD,New Delhi,2015,4,94146.0,5.0
Employee_3199,Male,32.0,Bachelors,Bangalore,2012,1,31403.0,2.0
Employee_3200,Male,31.0,Bachelors,Pune,2017,0,117033.0,4.0
Employee_3201,Female,36.0,Bachelors,Bangalore,2015,5,99876.0,1.0
Employee_3202,Female,38.0,Masters,New Delhi,2017,2,117033.0,3.0
Employee_3203,Male,34.0,Bachelors,Pune,2015,4,91257.0,2.0
Employee_3204,Female,39.0,Bachelors,Bangalore,2013,1,42411.0,2.0
Employee_3205,Male,35.0,PHD,Pune,2013,0,103551.0,2.0
Employee_3206,Male,33.0,Masters,Pune,2015,4,99372.0,4.0
Employee_3207,Female,35.0,Masters,Bangalore,2014,2,162723.0,1.0
Employee_3208,Male,40.0,Masters,New Delhi,2015,2,136266.0,5.0
Employee_3209,Female,32.0,Bachelors,Pune,2015,0,79400.0,1.0
Employee_3210,Male,38.0,Bachelors,Bangalore,2013,1,162762.0,4.0
Employee_3211,Female,32.0,Bachelors,Bangalore,2012,1,107079.0,2.0
Employee_3212,Male,36.0,Bachelors,Bangalore,2018,3,92301.0,3.0
Employee_3213,Male,35.0,Bachelors,Bangalore,2012,1,145284.0,2.0
Employee_3214,Female,37.0,Bachelors,New Delhi,2013,0,134454.0,5.0
Employee_3215,Male,35.0,Bachelors,Pune,2015,3,113430.0,3.0
Employee_3216,Female,37.0,Masters,Pune,2017,1,115210.0,2.0
Employee_3217,Male,39.0,Masters,Pune,2017,4,63098.0,3.0
Employee_3218,Male,40.0,Masters,Pune,2014,4,119868.0,1.0
Employee_3219,Female,41.0,Bachelors,Pune,2012,1,72280.0,4.0
Employee_3220,Male,28.0,Bachelors,Pune,2018,0,122511.0,2.0
Employee_3221,Female,39.0,Masters,Pune,2017,2,67432.0,5.0
Employee_3222,Female,38.0,Bachelors,Bangalore,2012,5,177543.0,1.0
Employee_3223,Male,33.0,Bachelors,Bangalore,2013,3,179634.0,2.0
Employee_3224,Female,36.0,Bachelors,Bangalore,2014,3,103443.0,1.0
Employee_3225,Male,41.0,Bachelors,Bangalore,2017,5,162846.0,5.0
Employee_3226,Female,40.0,PHD,New Delhi,2012,5,109644.0,2.0
Employee_3227,Female,31.0,Bachelors,Bangalore,2013,4,146031.0,5.0
Employee_3228,Female,33.0,Bachelors,Bangalore,2012,1,119860.5,3.0
Employee_3229,Male,39.0,Bachelors,Bangalore,2015,2,119860.5,5.0
Employee_3230,Female,33.0,Masters,Pune,2014,5,81800.0,2.9959276018099548
Employee_3231,Male,35.0,Bachelors,Bangalore,2015,0,159531.0,2.0
Employee_3232,Male,28.0,Masters,New Delhi,2012,2,162066.0,3.0
Employee_3233,Female,36.0,Bachelors,Bangalore,2016,0,113979.0,2.0
Employee_3234,Female,36.0,Bachelors,Pune,2014,2,119860.5,2.0
Employee_3235,Male,35.0,Bachelors,Bangalore,2015,5,35542.0,4.0
Employee_3236,Female,34.0,Bachelors,Pune,2017,5,110952.0,2.0
Employee_3237,Female,28.0,Bachelors,Pune,2015,3,115320.0,3.0
Employee_3238,Female,32.0,Bachelors,Pune,2016,3,158220.0,4.0
Employee_3239,Female,41.0,Bachelors,Pune,2017,2,113170.0,4.0
Employee_3240,Male,36.0,Bachelors,Bangalore,2016,0,164451.0,2.0
Employee_3241,Male,39.0,Bachelors,Pune,2017,3,89656.0,5.0
Employee_3242,Male,38.0,Bachelors,Bangalore,2015,2,161292.0,5.0
Employee_3243,Male,34.0,Bachelors,Bangalore,2014,3,138156.0,4.0
Employee_3244,Female,39.0,Bachelors,Bangalore,2012,5,97155.0,2.0
Employee_3245,Male,36.0,Bachelors,Pune,2017,1,132924.0,5.0
Employee_3246,Male,35.0,Bachelors,Bangalore,2014,1,151956.0,2.0
Employee_3247,Male,31.0,Masters,Bangalore,2018,2,92013.0,2.0
Employee_3248,Female,41.0,Bachelors,Bangalore,2012,4,90489.0,4.0
Employee_3249,Female,28.0,Bachelors,Bangalore,2017,4,115968.0,4.0
Employee_3250,Male,40.0,Bachelors,Bangalore,2015,2,41234.0,2.9959276018099548
Employee_3251,Female,33.0,Bachelors,Bangalore,2018,4,152928.0,5.0
Employee_3252,Female,37.0,Bachelors,Bangalore,2016,0,104385.0,5.0
Employee_3253,Female,36.0,PHD,Bangalore,2018,3,121902.0,5.0
Employee_3254,Male,40.0,Bachelors,Bangalore,2012,0,104394.0,3.0
Employee_3255,Male,36.0,Bachelors,New Delhi,2017,0,104840.0,2.0
Employee_3256,Female,38.0,Masters,New Delhi,2015,0,146217.0,4.0
Employee_3257,Female,31.0,Bachelors,New Delhi,2014,4,104542.0,5.0
Employee_3258,Male,40.0,Bachelors,Pune,2016,4,176562.0,1.0
Employee_3259,Female,37.0,Bachelors,Bangalore,2017,4,177900.0,5.0
Employee_3260,Female,38.0,Bachelors,New Delhi,2015,0,163035.0,2.0
Employee_3261,Female,35.0,Masters,New Delhi,2017,2,81498.0,2.0
Employee_3262,Female,28.0,PHD,New Delhi,2018,0,107481.0,4.0
Employee_3263,Female,38.0,Bachelors,Bangalore,2012,3,165363.0,3.0
Employee_3264,Female,31.0,Bachelors,Pune,2012,5,104157.0,4.0
Employee_3265,Female,33.0,Masters,New Delhi,2016,1,175233.0,5.0
Employee_3266,Female,32.0,Bachelors,Pune,2013,1,119860.5,1.0
Employee_3267,Male,39.0,Bachelors,Bangalore,2017,0,51223.0,4.0
Employee_3268,Female,35.0,Bachelors,New Delhi,2018,2,112182.0,3.0
Employee_3269,Female,38.0,Bachelors,New Delhi,2014,5,132168.0,4.0
Employee_3270,Male,32.0,Bachelors,Bangalore,2015,0,175140.0,2.0
Employee_3271,Female,34.0,Bachelors,Bangalore,2017,2,168105.0,5.0
Employee_3272,Male,41.0,Bachelors,Bangalore,2017,1,149631.0,5.0
Employee_3273,Female,40.0,Masters,Bangalore,2012,5,171531.0,5.0
Employee_3274,Male,32.0,Bachelors,Pune,2012,1,105096.0,5.0
Employee_3275,Male,28.0,Bachelors,Bangalore,2013,0,121908.0,5.0
Employee_3276,Female,36.0,PHD,New Delhi,2013,3,49056.0,5.0
Employee_3277,Female,40.0,Bachelors,Bangalore,2013,4,151752.0,1.0
Employee_3278,Female,28.0,Bachelors,Pune,2018,2,60032.0,3.0
Employee_3279,Female,37.0,Masters,New Delhi,2017,4,66382.0,5.0
Employee_3280,Male,34.0,Bachelors,Bangalore,2017,3,91176.0,3.0
Employee_3281,Male,36.0,Bachelors,Pune,2012,1,165000.0,5.0
Employee_3282,Male,37.0,Bachelors,New Delhi,2015,4,108816.0,4.0
Employee_3283,Male,39.0,Bachelors,Bangalore,2014,5,140865.0,5.0
Employee_3284,Female,39.0,Bachelors,New Delhi,2017,0,67262.0,2.0
Employee_3285,Male,38.0,Masters,New Delhi,2018,2,119860.5,1.0
Employee_3286,Female,37.0,Bachelors,New Delhi,2013,1,117936.0,4.0
Employee_3287,Female,33.0,Bachelors,New Delhi,2012,0,107122.0,4.0
Employee_3288,Female,38.0,PHD,Bangalore,2014,3,164451.0,2.0
Employee_3289,Female,40.0,Masters,New Delhi,2017,2,119860.5,5.0
Employee_3290,Male,41.0,Bachelors,Bangalore,2012,5,176013.0,1.0
Employee_3291,Female,38.0,Bachelors,Bangalore,2013,1,109014.0,4.0
Employee_3292,Male,37.0,Bachelors,Bangalore,2012,4,145989.0,1.0
Employee_3293,Male,39.0,Bachelors,Bangalore,2014,5,166092.0,4.0
Employee_3294,Male,35.0,Bachelors,Bangalore,2018,1,161505.0,2.9959276018099548
Employee_3295,Female,39.0,Masters,New Delhi,2017,5,116718.0,4.0
Employee_3296,Female,31.0,Bachelors,Pune,2015,1,118860.0,4.0
Employee_3297,Male,33.0,Bachelors,Pune,2012,2,172275.0,3.0
Employee_3298,Male,33.0,Bachelors,Pune,2017,2,141477.0,5.0
Employee_3299,Male,32.0,Bachelors,Pune,2013,2,175806.0,2.0
Employee_3300,Female,40.0,Bachelors,Pune,2015,4,106506.0,2.0
Employee_3301,Female,38.0,Bachelors,New Delhi,2013,4,145893.0,5.0
Employee_3302,Male,34.0,Bachelors,Bangalore,2016,2,160416.0,2.0
Employee_3303,Male,39.0,Bachelors,Bangalore,2016,2,46462.0,5.0
Employee_3304,Male,38.0,Bachelors,Bangalore,2012,2,114240.0,2.0
Employee_3305,Female,31.0,Masters,New Delhi,2017,2,74198.0,3.0
Employee_3306,Female,35.0,Bachelors,Bangalore,2017,5,150930.0,2.0
Employee_3307,Male,31.0,Bachelors,Bangalore,2013,2,166293.0,4.0
Employee_3308,Male,33.0,Bachelors,Pune,2012,1,161172.0,5.0
Employee_3309,Female,37.0,Bachelors,Pune,2015,3,89832.0,1.0
Employee_3310,Female,40.0,Masters,New Delhi,2018,2,111249.0,1.0
Employee_3311,Male,38.0,Bachelors,Bangalore,2014,0,119860.5,5.0
Employee_3312,Male,31.0,Bachelors,Bangalore,2012,5,170172.0,3.0
Employee_3313,Male,39.0,PHD,Bangalore,2014,1,117669.0,2.0
Employee_3314,Male,28.0,Bachelors,New Delhi,2016,0,104820.0,3.0
Employee_3315,Female,36.0,Bachelors,Pune,2017,0,148965.0,1.0
Employee_3316,Female,28.0,Bachelors,Bangalore,2015,3,174456.0,5.0
Employee_3317,Male,39.0,Bachelors,Bangalore,2012,0,176274.0,2.9959276018099548
Employee_3318,Female,35.0,Bachelors,Bangalore,2013,0,100368.0,3.0
Employee_3319,Male,35.0,Masters,New Delhi,2013,2,113364.0,3.0
Employee_3320,Male,35.0,Bachelors,Bangalore,2013,5,174246.0,2.0
Employee_3321,Female,34.0,Masters,Bangalore,2017,4,119860.5,4.0
Employee_3322,Male,41.0,Bachelors,Bangalore,2014,4,162102.0,4.0
Employee_3323,Male,35.0,Bachelors,Bangalore,2017,5,98133.0,2.0
Employee_3324,Male,40.0,Bachelors,Bangalore,2013,1,123840.0,4.0
Employee_3325,Male,31.0,Masters,Pune,2017,3,144156.0,1.0
Employee_3326,Male,33.0,Masters,New Delhi,2014,3,139593.0,4.0
Employee_3327,Female,33.0,Bachelors,Pune,2017,2,105608.0,2.0
Employee_3328,Female,39.0,Bachelors,Bangalore,2016,5,176709.0,4.0
Employee_3329,Male,41.0,Bachelors,Bangalore,2016,1,119860.5,5.0
Employee_3330,Male,32.0,Bachelors,Bangalore,2017,5,120426.0,3.0
Employee_3331,Female,39.0,Bachelors,Pune,2014,5,93498.0,1.0
Employee_3332,Male,28.0,Bachelors,Bangalore,2014,1,136761.0,5.0
Employee_3333,Male,40.0,Bachelors,Bangalore,2012,3,119860.5,5.0
Employee_3334,Male,28.0,Masters,New Delhi,2018,2,103593.0,2.0
Employee_3335,Male,37.0,Bachelors,New Delhi,2018,4,128058.0,3.0
Employee_3336,Female,37.0,Bachelors,Bangalore,2016,0,105990.0,3.0
Employee_3337,Female,36.0,Bachelors,Bangalore,2014,3,106530.0,1.0
Employee_3338,Female,39.0,Bachelors,Bangalore,2015,0,114244.0,2.0
Employee_3339,Male,37.0,Bachelors,Pune,2014,1,165414.0,1.0
Employee_3340,Male,37.0,Masters,New Delhi,2014,2,174414.0,4.0
Employee_3341,Male,32.0,Masters,New Delhi,2017,2,171195.0,5.0
Employee_3342,Male,37.0,Bachelors,New Delhi,2014,3,179868.0,1.0
Employee_3343,Female,36.0,Bachelors,Bangalore,2017,3,116892.0,5.0
Employee_3344,Female,40.0,Bachelors,Pune,2015,2,72986.0,2.0
Employee_3345,Male,40.0,Bachelors,Bangalore,2014,0,169839.0,4.0
Employee_3346,Male,28.0,Bachelors,Pune,2012,3,173997.0,2.0
Employee_3347,Male,37.0,Bachelors,Bangalore,2012,3,122277.0,4.0
Employee_3348,Female,40.0,Bachelors,Pune,2017,1,106317.0,4.0
Employee_3349,Male,40.0,Bachelors,Pune,2014,5,133419.0,5.0
Employee_3350,Female,34.0,Bachelors,Bangalore,2017,0,119295.0,2.0
Employee_3351,Male,37.0,Bachelors,Bangalore,2012,3,174810.0,2.0
Employee_3352,Male,35.0,Bachelors,Bangalore,2017,3,129837.0,1.0
Employee_3353,Female,37.0,Bachelors,Pune,2017,2,109533.0,2.0
Employee_3354,Female,35.0,Bachelors,New Delhi,2012,2,124449.0,1.0
Employee_3355,Male,31.0,Bachelors,Bangalore,2014,0,161664.0,3.0
Employee_3356,Male,41.0,Bachelors,Bangalore,2016,4,142890.0,3.0
Employee_3357,Female,37.0,Masters,New Delhi,2017,3,174885.0,3.0
Employee_3358,Male,40.0,Bachelors,Pune,2018,0,150669.0,2.0
Employee_3359,Male,36.0,Bachelors,Bangalore,2018,1,54935.0,2.0
Employee_3360,Female,37.0,PHD,New Delhi,2018,2,178776.0,1.0
Employee_3361,Female,40.0,Bachelors,Bangalore,2014,0,97128.0,4.0
Employee_3362,Male,34.0,Bachelors,Bangalore,2017,3,148179.0,1.0
Employee_3363,Male,37.0,Bachelors,Pune,2018,5,172707.0,3.0
Employee_3364,Male,38.0,Bachelors,Pune,2016,0,166614.0,1.0
Employee_3365,Male,37.0,Bachelors,Bangalore,2017,2,83648.0,4.0
Employee_3366,Male,32.0,Bachelors,Pune,2016,1,119860.5,2.0
Employee_3367,Male,31.0,Bachelors,Bangalore,2016,3,110937.0,1.0
Employee_3368,Male,40.0,Bachelors,Bangalore,2013,2,56189.0,3.0
Employee_3369,Female,40.0,Bachelors,Bangalore,2017,4,119496.0,3.0
Employee_3370,Male,31.0,Bachelors,Bangalore,2015,1,170376.0,2.0
Employee_3371,Male,36.0,Masters,Pune,2017,2,85008.0,1.0
Employee_3372,Male,38.0,Bachelors,Bangalore,2017,2,164859.0,4.0
Employee_3373,Female,37.0,Bachelors,Pune,2014,5,176370.0,2.0
Employee_3374,Female,34.0,Bachelors,Pune,2014,2,152007.0,1.0
Employee_3375,Male,41.0,Bachelors,Bangalore,2013,2,110730.0,5.0
Employee_3376,Female,32.0,Bachelors,Pune,2015,3,109890.0,3.0
Employee_3377,Male,34.0,Bachelors,Pune,2015,5,132267.0,4.0
Employee_3378,Male,39.0,PHD,Bangalore,2013,2,96588.0,4.0
Employee_3379,Male,32.0,Masters,New Delhi,2013,2,100262.0,4.0
Employee_3380,Female,31.0,Bachelors,Bangalore,2012,3,165681.0,3.0
Employee_3381,Male,40.0,PHD,New Delhi,2016,1,107934.0,1.0
Employee_3382,Female,37.0,Bachelors,Bangalore,2015,0,155973.0,2.0
Employee_3383,Female,40.0,Masters,New Delhi,2017,0,141459.0,1.0
Employee_3384,Male,31.0,Bachelors,Bangalore,2013,1,170991.0,2.0
Employee_3385,Male,32.0,Bachelors,Bangalore,2017,2,92340.0,4.0
Employee_3386,Female,34.0,Bachelors,Bangalore,2017,1,119724.0,1.0
Employee_3387,Male,41.0,Masters,Pune,2013,2,72606.0,4.0
Employee_3388,Male,37.0,Masters,New Delhi,2015,2,134058.0,5.0
Employee_3389,Female,40.0,Bachelors,Bangalore,2015,1,101949.0,2.9959276018099548
Employee_3390,Male,35.0,Masters,Pune,2017,2,79006.0,4.0
Employee_3391,Male,39.0,Bachelors,Bangalore,2012,3,173805.0,2.0
Employee_3392,Male,41.0,Bachelors,Pune,2017,4,179763.0,5.0
Employee_3393,Male,36.0,Bachelors,Bangalore,2015,4,165294.0,4.0
Employee_3394,Male,32.0,Bachelors,Bangalore,2014,5,140715.0,4.0
Employee_3395,Male,41.0,Bachelors,Bangalore,2013,2,129210.0,5.0
Employee_3396,Male,32.0,Bachelors,Bangalore,2013,0,170688.0,5.0
Employee_3397,Male,36.0,Bachelors,Bangalore,2017,2,166533.0,1.0
Employee_3398,Male,40.0,Bachelors,Bangalore,2013,4,161859.0,2.0
Employee_3399,Male,32.0,Bachelors,Bangalore,2018,1,170418.0,2.9959276018099548
Employee_3400,Male,38.0,Bachelors,Bangalore,2016,1,126696.0,5.0
Employee_3401,Male,41.0,Bachelors,Bangalore,2018,4,156504.0,3.0
Employee_3402,Male,35.0,Masters,Pune,2017,3,69166.0,5.0
Employee_3403,Female,36.0,Bachelors,Bangalore,2016,1,107838.0,2.0
Employee_3404,Female,35.0,Bachelors,Bangalore,2014,4,153975.0,4.0
Employee_3405,Male,31.0,Bachelors,Bangalore,2016,2,157953.0,4.0
Employee_3406,Male,37.0,PHD,Pune,2015,2,139131.0,4.0
Employee_3407,Female,41.0,Bachelors,Bangalore,2013,4,111384.0,4.0
Employee_3408,Male,31.0,Bachelors,Bangalore,2013,0,125667.0,3.0
Employee_3409,Male,36.0,Bachelors,New Delhi,2017,2,114826.0,5.0
Employee_3410,Male,32.0,Bachelors,New Delhi,2015,1,126825.0,4.0
Employee_3411,Male,34.0,Bachelors,Bangalore,2017,0,97383.0,1.0
Employee_3412,Female,28.0,Bachelors,Bangalore,2015,0,132873.0,4.0
Employee_3413,Male,33.0,Bachelors,Bangalore,2014,1,132108.0,5.0
Employee_3414,Male,36.0,Bachelors,New Delhi,2017,3,82870.0,4.0
Employee_3415,Male,34.0,Bachelors,Bangalore,2016,2,57935.0,3.0
Employee_3416,Male,33.0,Bachelors,Pune,2017,1,61370.0,2.0
Employee_3417,Female,38.0,Bachelors,Bangalore,2012,4,119860.5,2.0
Employee_3418,Male,35.0,Bachelors,Bangalore,2013,3,160245.0,5.0
Employee_3419,Male,31.0,Bachelors,Pune,2017,1,175692.0,2.0
Employee_3420,Male,37.0,Bachelors,Pune,2013,2,126774.0,2.0
Employee_3421,Female,32.0,Bachelors,Bangalore,2012,2,168429.0,1.0
Employee_3422,Male,34.0,Bachelors,Pune,2013,5,155175.0,5.0
Employee_3423,Male,41.0,PHD,Bangalore,2013,2,91980.0,5.0
Employee_3424,Male,32.0,Masters,New Delhi,2015,0,139266.0,2.0
Employee_3425,Male,28.0,Bachelors,Bangalore,2013,2,122208.0,2.0
Employee_3426,Male,31.0,Bachelors,Bangalore,2012,0,104625.0,2.0
Employee_3427,Male,41.0,Bachelors,New Delhi,2017,1,95280.0,3.0
Employee_3428,Male,36.0,Bachelors,Bangalore,2016,2,123546.0,4.0
Employee_3429,Female,38.0,Bachelors,Bangalore,2017,5,108162.0,3.0
Employee_3430,Male,32.0,Bachelors,Bangalore,2012,5,96588.0,5.0
Employee_3431,Female,35.0,Bachelors,Pune,2018,3,174132.0,1.0
Employee_3432,Male,39.0,Bachelors,Bangalore,2017,2,111495.0,4.0
Employee_3433,Male,36.0,Masters,New Delhi,2017,2,114568.0,1.0
Employee_3434,Male,28.0,Bachelors,Pune,2013,4,137991.0,5.0
Employee_3435,Male,32.0,Bachelors,Pune,2013,5,132645.0,5.0
Employee_3436,Male,35.0,Bachelors,Bangalore,2017,1,90903.0,1.0
Employee_3437,Male,36.0,Bachelors,Bangalore,2015,1,161733.0,1.0
Employee_3438,Male,39.0,Masters,Pune,2014,4,158295.0,2.9959276018099548
Employee_3439,Male,40.0,Bachelors,Bangalore,2016,0,141090.0,5.0
Employee_3440,Male,37.0,Bachelors,Bangalore,2012,3,178002.0,2.0
Employee_3441,Female,38.0,Masters,Pune,2015,0,44571.0,2.9959276018099548
Employee_3442,Male,40.0,Bachelors,New Delhi,2017,1,119853.0,4.0
Employee_3443,Female,34.0,Bachelors,Bangalore,2013,2,176781.0,5.0
Employee_3444,Male,31.0,Bachelors,Bangalore,2013,4,165519.0,3.0
Employee_3445,Female,40.0,Bachelors,New Delhi,2014,3,165711.0,3.0
Employee_3446,Male,37.0,Bachelors,Bangalore,2013,2,152142.0,4.0
Employee_3447,Male,33.0,Bachelors,New Delhi,2012,3,167832.0,2.0
Employee_3448,Male,36.0,Bachelors,Bangalore,2015,4,122319.0,1.0
Employee_3449,Female,35.0,Bachelors,Bangalore,2014,4,160161.0,5.0
Employee_3450,Male,34.0,Bachelors,Bangalore,2014,5,175332.0,1.0
Employee_3451,Male,35.0,Bachelors,Bangalore,2013,0,138420.0,5.0
Employee_3452,Male,39.0,Masters,New Delhi,2014,2,149763.0,3.0
Employee_3453,Female,35.0,Bachelors,Pune,2015,1,129171.0,1.0
Employee_3454,Male,34.0,Masters,New Delhi,2014,5,127500.0,4.0
Employee_3455,Female,32.0,Bachelors,Pune,2017,2,101884.0,2.0
Employee_3456,Female,32.0,Bachelors,New Delhi,2015,2,158889.0,4.0
Employee_3457,Male,33.0,Bachelors,Bangalore,2014,5,164574.0,2.0
Employee_3458,Male,34.0,Masters,New Delhi,2017,2,91842.0,1.0
Employee_3459,Female,35.0,Masters,Bangalore,2016,1,125610.0,1.0
Employee_3460,Male,35.0,Masters,New Delhi,2017,2,168186.0,2.0
Employee_3461,Female,38.0,Bachelors,Pune,2014,3,68164.0,3.0
Employee_3462,Male,37.0,Bachelors,Bangalore,2016,0,131154.0,5.0
Employee_3463,Female,38.0,Bachelors,Bangalore,2013,4,151701.0,4.0
Employee_3464,Male,41.0,Bachelors,Bangalore,2015,0,179217.0,4.0
Employee_3465,Male,40.0,Masters,Bangalore,2017,4,165108.0,4.0
Employee_3466,Female,39.0,Bachelors,Bangalore,2017,3,121551.0,1.0
Employee_3467,Male,32.0,Bachelors,Pune,2017,2,67508.0,4.0
Employee_3468,Male,40.0,Bachelors,New Delhi,2018,4,171132.0,5.0
Employee_3469,Male,40.0,Bachelors,Bangalore,2016,0,95172.0,5.0
Employee_3470,Female,41.0,Bachelors,Bangalore,2016,1,94128.0,2.0
Employee_3471,Male,38.0,Bachelors,Bangalore,2015,4,171957.0,1.0
Employee_3472,Male,38.0,Masters,Pune,2017,0,38706.0,5.0
Employee_3473,Female,41.0,Bachelors,Bangalore,2018,2,116682.0,3.0
Employee_3474,Female,33.0,Bachelors,New Delhi,2015,4,96074.0,1.0
Employee_3475,Male,41.0,Bachelors,Bangalore,2012,0,145350.0,1.0
Employee_3476,Female,35.0,Bachelors,New Delhi,2017,5,92812.0,5.0
Employee_3477,Male,36.0,Bachelors,Bangalore,2013,5,146532.0,3.0
Employee_3478,Male,37.0,Bachelors,Pune,2013,1,179175.0,2.0
Employee_3479,Female,37.0,Bachelors,New Delhi,2013,1,35926.0,5.0
Employee_3480,Male,39.0,Bachelors,Bangalore,2014,5,108753.0,2.9959276018099548
Employee_3481,Female,28.0,Bachelors,Bangalore,2017,2,118488.0,1.0
Employee_3482,Female,34.0,Bachelors,Pune,2013,1,107358.0,3.0
Employee_3483,Female,33.0,Bachelors,Pune,2017,4,66600.0,1.0
Employee_3484,Female,32.0,Bachelors,Bangalore,2013,1,179418.0,5.0
Employee_3485,Female,38.0,Masters,Bangalore,2014,4,157989.0,5.0
Employee_3486,Male,32.0,Bachelors,Bangalore,2017,5,115659.0,4.0
Employee_3487,Male,41.0,Masters,New Delhi,2016,5,161211.0,4.0
Employee_3488,Female,36.0,Masters,Pune,2014,2,101181.0,4.0
Employee_3489,Female,28.0,Bachelors,New Delhi,2017,2,157968.0,5.0
Employee_3490,Male,34.0,Bachelors,Bangalore,2017,0,157137.0,2.0
Employee_3491,Male,35.0,Bachelors,Bangalore,2016,4,167580.0,5.0
Employee_3492,Male,38.0,Masters,New Delhi,2015,1,140694.0,3.0
Employee_3493,Male,32.0,Bachelors,Bangalore,2016,5,140496.0,5.0
Employee_3494,Female,37.0,Bachelors,Pune,2015,2,108057.0,5.0
Employee_3495,Female,28.0,Bachelors,Bangalore,2017,2,90926.0,1.0
Employee_3496,Male,36.0,Masters,New Delhi,2017,3,103454.0,1.0
Employee_3497,Male,41.0,Bachelors,Bangalore,2012,3,120141.0,1.0
Employee_3498,Female,37.0,Bachelors,Pune,2017,5,178635.0,5.0
Employee_3499,Female,34.0,Bachelors,Bangalore,2018,3,163251.0,2.0
Employee_3500,Male,31.0,Bachelors,Pune,2016,0,125262.0,3.0
Employee_3501,Male,41.0,Bachelors,Bangalore,2017,1,97560.0,3.0
Employee_3502,Female,35.0,Bachelors,New Delhi,2015,3,99243.0,2.0
Employee_3503,Female,37.0,Bachelors,Bangalore,2015,5,119860.5,2.0
Employee_3504,Male,34.0,Bachelors,Bangalore,2016,4,101901.0,3.0
Employee_3505,Female,40.0,Masters,Bangalore,2017,2,72890.0,4.0
Employee_3506,Male,39.0,Bachelors,Bangalore,2015,5,133698.0,1.0
Employee_3507,Male,37.0,Bachelors,Pune,2013,2,132126.0,1.0
Employee_3508,Female,36.0,Bachelors,Pune,2015,1,110996.0,3.0
Employee_3509,Female,35.0,Bachelors,Bangalore,2014,2,119860.5,2.0
Employee_3510,Female,37.0,Masters,Bangalore,2013,3,96477.0,4.0
Employee_3511,Female,41.0,Bachelors,New Delhi,2013,1,105396.0,3.0
Employee_3512,Male,40.0,Masters,New Delhi,2017,2,97862.0,1.0
Employee_3513,Male,37.0,Bachelors,Bangalore,2016,2,148089.0,5.0
Employee_3514,Female,40.0,Masters,New Delhi,2013,2,134799.0,2.0
Employee_3515,Male,39.0,Bachelors,Bangalore,2015,5,121419.0,5.0
Employee_3516,Female,33.0,Masters,Pune,2015,4,98066.0,3.0
Employee_3517,Male,36.0,Bachelors,Bangalore,2012,1,164667.0,1.0
Employee_3518,Male,36.0,Bachelors,Bangalore,2012,5,122415.0,2.9959276018099548
Employee_3519,Male,38.0,Bachelors,Bangalore,2015,3,99249.0,5.0
Employee_3520,Female,37.0,Bachelors,New Delhi,2017,5,113664.0,4.0
Employee_3521,Female,34.0,Masters,New Delhi,2017,2,142263.0,1.0
Employee_3522,Male,31.0,Bachelors,Bangalore,2013,2,131832.0,5.0
Employee_3523,Male,38.0,Bachelors,Bangalore,2013,5,149619.0,4.0
Employee_3524,Male,36.0,Bachelors,Bangalore,2017,3,112812.0,4.0
Employee_3525,Male,40.0,Bachelors,Bangalore,2012,1,161784.0,5.0
Employee_3526,Male,41.0,Bachelors,Bangalore,2017,5,136137.0,1.0
Employee_3527,Female,28.0,Bachelors,Bangalore,2015,4,147054.0,4.0
Employee_3528,Male,41.0,Bachelors,New Delhi,2017,2,101949.0,3.0
Employee_3529,Female,31.0,Bachelors,New Delhi,2015,3,95334.0,5.0
Employee_3530,Female,31.0,Bachelors,Pune,2017,0,162858.0,2.0
Employee_3531,Male,37.0,Bachelors,New Delhi,2017,0,70220.0,2.0
Employee_3532,Male,39.0,Bachelors,Pune,2012,0,154719.0,1.0
Employee_3533,Male,38.0,Bachelors,Bangalore,2014,3,126261.0,3.0
Employee_3534,Female,40.0,Bachelors,Pune,2013,2,119860.5,4.0
Employee_3535,Male,28.0,Bachelors,Pune,2013,1,142524.0,2.0
Employee_3536,Male,41.0,Bachelors,Bangalore,2016,3,141243.0,1.0
Employee_3537,Female,32.0,Bachelors,Bangalore,2018,2,96537.0,3.0
Employee_3538,Female,40.0,Masters,Bangalore,2018,3,118788.0,3.0
Employee_3539,Female,39.0,Bachelors,Bangalore,2012,2,105753.0,1.0
Employee_3540,Male,33.0,Bachelors,New Delhi,2014,3,117705.0,1.0
Employee_3541,Male,32.0,Bachelors,Bangalore,2012,4,144939.0,4.0
Employee_3542,Male,41.0,Bachelors,Bangalore,2018,5,134613.0,1.0
Employee_3543,Male,36.0,Bachelors,Bangalore,2016,2,93039.0,4.0
Employee_3544,Male,31.0,Bachelors,Bangalore,2016,0,119860.5,4.0
Employee_3545,Male,37.0,Bachelors,Bangalore,2014,4,161115.0,5.0
Employee_3546,Male,33.0,Bachelors,Bangalore,2014,5,95484.0,3.0
Employee_3547,Male,31.0,Masters,Pune,2018,2,113727.0,3.0
Employee_3548,Female,35.0,Bachelors,New Delhi,2017,5,106764.0,3.0
Employee_3549,Female,32.0,Bachelors,Pune,2015,5,43109.0,5.0
Employee_3550,Female,41.0,Masters,New Delhi,2017,2,96069.0,4.0
Employee_3551,Female,36.0,Masters,New Delhi,2017,1,102700.0,4.0
Employee_3552,Male,35.0,Masters,Pune,2017,1,171084.0,1.0
Employee_3553,Male,35.0,Masters,New Delhi,2017,1,133611.0,5.0
Employee_3554,Male,33.0,Bachelors,New Delhi,2015,1,169983.0,1.0
Employee_3555,Female,38.0,Bachelors,Bangalore,2014,4,107673.0,5.0
Employee_3556,Female,33.0,Bachelors,New Delhi,2015,3,117718.0,1.0
Employee_3557,Female,31.0,Masters,New Delhi,2018,2,93240.0,2.0
Employee_3558,Male,31.0,PHD,Bangalore,2015,3,105108.0,3.0
Employee_3559,Male,28.0,Bachelors,Bangalore,2013,5,136137.0,3.0
Employee_3560,Male,32.0,Bachelors,Bangalore,2014,1,170688.0,4.0
Employee_3561,Male,33.0,Bachelors,Bangalore,2017,3,173298.0,2.0
Employee_3562,Male,37.0,Bachelors,Bangalore,2014,5,122466.0,3.0
Employee_3563,Male,32.0,Bachelors,Bangalore,2012,3,97689.0,4.0
Employee_3564,Female,40.0,Bachelors,Pune,2015,2,99876.0,2.0
Employee_3565,Female,40.0,Bachelors,Pune,2014,1,59197.0,3.0
Employee_3566,Male,32.0,Masters,New Delhi,2013,2,67172.0,1.0
Employee_3567,Female,39.0,Masters,Bangalore,2017,2,92174.0,5.0
Employee_3568,Male,41.0,PHD,New Delhi,2016,1,138300.0,2.0
Employee_3569,Female,32.0,PHD,New Delhi,2014,0,152445.0,4.0
Employee_3570,Male,38.0,Bachelors,Bangalore,2017,0,159675.0,2.0
Employee_3571,Female,31.0,Masters,New Delhi,2017,2,119500.0,2.9959276018099548
Employee_3572,Male,38.0,Bachelors,Bangalore,2018,3,109929.0,2.9959276018099548
Employee_3573,Male,32.0,Bachelors,Bangalore,2016,4,172569.0,4.0
Employee_3574,Female,35.0,Bachelors,Pune,2017,5,67918.0,3.0
Employee_3575,Male,34.0,Bachelors,Bangalore,2013,5,123015.0,1.0
Employee_3576,Male,38.0,Bachelors,Bangalore,2018,1,122325.0,2.9959276018099548
Employee_3577,Female,28.0,Bachelors,Pune,2014,1,30161.0,1.0
Employee_3578,Female,34.0,Bachelors,Bangalore,2015,2,138087.0,3.0
Employee_3579,Female,39.0,Masters,New Delhi,2015,2,140931.0,3.0
Employee_3580,Female,40.0,Masters,New Delhi,2017,0,44226.0,2.0
Employee_3581,Male,38.0,Bachelors,Bangalore,2016,1,173505.0,5.0
Employee_3582,Male,35.0,Bachelors,Pune,2015,3,176193.0,4.0
Employee_3583,Male,28.0,Bachelors,Pune,2014,3,82308.0,4.0
Employee_3584,Male,41.0,Bachelors,Pune,2017,2,126240.0,4.0
Employee_3585,Female,35.0,Bachelors,Bangalore,2017,3,100170.0,1.0
Employee_3586,Male,33.0,Bachelors,Bangalore,2018,5,107991.0,4.0
Employee_3587,Male,33.0,Bachelors,New Delhi,2017,5,105476.0,4.0
Employee_3588,Female,31.0,Bachelors,New Delhi,2016,4,119860.5,2.0
Employee_3589,Male,35.0,Masters,New Delhi,2013,4,141141.0,3.0
Employee_3590,Female,37.0,Bachelors,Bangalore,2016,1,119860.5,4.0
Employee_3591,Male,31.0,Bachelors,Bangalore,2015,5,179313.0,5.0
Employee_3592,Male,35.0,Bachelors,Bangalore,2012,1,91623.0,4.0
Employee_3593,Male,28.0,Bachelors,Bangalore,2014,3,155451.0,1.0
Employee_3594,Female,32.0,Bachelors,Bangalore,2015,0,105279.0,1.0
Employee_3595,Female,40.0,Bachelors,Bangalore,2017,5,130284.0,1.0
Employee_3596,Male,34.0,Bachelors,Bangalore,2012,5,123498.0,4.0
Employee_3597,Male,37.0,Bachelors,Pune,2014,4,141753.0,2.0
Employee_3598,Male,40.0,PHD,Bangalore,2015,3,138189.0,5.0
Employee_3599,Female,34.0,Masters,New Delhi,2017,2,119860.5,4.0
Employee_3600,Female,32.0,Bachelors,Pune,2015,3,110014.0,2.0
Employee_3601,Male,33.0,Bachelors,Bangalore,2013,1,138132.0,2.0
Employee_3602,Male,38.0,Bachelors,Bangalore,2015,3,178233.0,4.0
Employee_3603,Male,41.0,Masters,New Delhi,2017,3,70938.0,4.0
Employee_3604,Female,36.0,Masters,New Delhi,2017,0,58854.0,2.0
Employee_3605,Male,33.0,Bachelors,Bangalore,2016,1,108768.0,2.0
Employee_3606,Male,31.0,Bachelors,Pune,2014,5,167346.0,2.0
Employee_3607,Female,34.0,Bachelors,Pune,2013,3,81440.0,4.0
Employee_3608,Male,31.0,Bachelors,Bangalore,2017,1,93507.0,2.0
Employee_3609,Female,36.0,Bachelors,New Delhi,2016,4,61660.0,1.0
Employee_3610,Male,38.0,Bachelors,Bangalore,2013,5,94953.0,4.0
Employee_3611,Female,39.0,Bachelors,Pune,2015,1,95040.0,1.0
Employee_3612,Male,31.0,Bachelors,Pune,2014,3,147582.0,3.0
Employee_3613,Male,40.0,Bachelors,New Delhi,2015,3,165153.0,4.0
Employee_3614,Male,39.0,Bachelors,Bangalore,2013,0,172158.0,3.0
Employee_3615,Female,28.0,Bachelors,Bangalore,2015,4,118554.0,2.0
Employee_3616,Male,34.0,Bachelors,Bangalore,2014,1,129774.0,2.0
Employee_3617,Male,38.0,Masters,New Delhi,2015,1,138552.0,5.0
Employee_3618,Male,39.0,Bachelors,Bangalore,2014,2,119860.5,2.0
Employee_3619,Male,39.0,Bachelors,Bangalore,2014,5,154863.0,3.0
Employee_3620,Male,33.0,Bachelors,Bangalore,2016,1,120084.0,2.0
Employee_3621,Female,34.0,Bachelors,Pune,2018,4,84896.0,4.0
Employee_3622,Male,38.0,Bachelors,Pune,2017,1,171072.0,2.0
Employee_3623,Male,33.0,Masters,New Delhi,2017,2,84970.0,5.0
Employee_3624,Male,41.0,Bachelors,Bangalore,2014,5,93849.0,2.0
Employee_3625,Male,39.0,Masters,Pune,2017,0,119860.5,3.0
Employee_3626,Male,39.0,Masters,Pune,2013,2,179226.0,3.0
Employee_3627,Male,41.0,Bachelors,Bangalore,2014,5,145182.0,2.0
Employee_3628,Male,40.0,Bachelors,Bangalore,2012,4,164922.0,3.0
Employee_3629,Male,36.0,Bachelors,Bangalore,2014,0,95199.0,3.0
Employee_3630,Male,34.0,Bachelors,Bangalore,2015,0,145527.0,5.0
Employee_3631,Male,32.0,Bachelors,Bangalore,2013,5,145665.0,4.0
Employee_3632,Male,31.0,Bachelors,Bangalore,2015,4,163950.0,5.0
Employee_3633,Male,36.0,Bachelors,Bangalore,2012,0,138690.0,1.0
Employee_3634,Male,35.0,Masters,Pune,2017,1,88944.0,5.0
Employee_3635,Male,32.0,Bachelors,Bangalore,2017,2,128667.0,2.0
Employee_3636,Male,33.0,Bachelors,Pune,2017,5,100413.0,4.0
Employee_3637,Male,34.0,Bachelors,Bangalore,2016,2,117084.0,2.0
Employee_3638,Male,39.0,Bachelors,Bangalore,2017,3,156024.0,1.0
Employee_3639,Male,38.0,Bachelors,Bangalore,2018,0,165225.0,4.0
Employee_3640,Female,35.0,Bachelors,Pune,2012,1,76658.0,3.0
Employee_3641,Female,40.0,Bachelors,Pune,2015,5,64194.0,5.0
Employee_3642,Male,41.0,Bachelors,Pune,2017,3,132246.0,2.9959276018099548
Employee_3643,Female,33.0,Bachelors,Bangalore,2016,3,51452.0,1.0
Employee_3644,Male,40.0,Masters,New Delhi,2017,0,43930.0,3.0
Employee_3645,Female,33.0,Bachelors,Bangalore,2018,3,174816.0,5.0
Employee_3646,Male,38.0,Bachelors,Bangalore,2015,1,120231.0,3.0
Employee_3647,Male,32.0,Masters,Bangalore,2017,2,72794.0,5.0
Employee_3648,Male,32.0,Bachelors,Pune,2014,2,98271.0,4.0
Employee_3649,Female,32.0,Bachelors,New Delhi,2015,2,150912.0,3.0
Employee_3650,Female,37.0,Bachelors,Pune,2016,2,109140.0,3.0
Employee_3651,Male,40.0,Bachelors,Bangalore,2015,5,144852.0,3.0
Employee_3652,Male,38.0,Bachelors,Bangalore,2016,1,146982.0,4.0
Employee_3653,Female,33.0,PHD,New Delhi,2018,4,159852.0,2.9959276018099548
Employee_3654,Male,40.0,Masters,New Delhi,2017,4,117124.0,5.0
Employee_3655,Male,35.0,Masters,New Delhi,2017,2,95666.0,3.0
Employee_3656,Male,33.0,Bachelors,Bangalore,2016,3,165366.0,2.9959276018099548
Employee_3657,Male,37.0,Bachelors,Bangalore,2017,4,105051.0,2.9959276018099548
Employee_3658,Male,38.0,Bachelors,Bangalore,2013,0,139110.0,5.0
Employee_3659,Male,28.0,Bachelors,Bangalore,2018,2,177756.0,4.0
Employee_3660,Female,40.0,Bachelors,Bangalore,2017,2,113997.0,5.0
Employee_3661,Female,33.0,Bachelors,New Delhi,2015,2,157308.0,3.0
Employee_3662,Male,38.0,Bachelors,Bangalore,2016,2,120585.0,1.0
Employee_3663,Male,34.0,Bachelors,Bangalore,2013,5,96288.0,4.0
Employee_3664,Female,38.0,Bachelors,New Delhi,2017,4,136299.0,1.0
Employee_3665,Female,31.0,Bachelors,Pune,2018,3,110558.0,3.0
Employee_3666,Female,32.0,Bachelors,Pune,2014,4,158364.0,1.0
Employee_3667,Male,35.0,Bachelors,Bangalore,2013,1,121785.0,1.0
Employee_3668,Male,35.0,Bachelors,Bangalore,2014,0,137823.0,2.0
Employee_3669,Female,33.0,Bachelors,Bangalore,2012,4,168603.0,1.0
Employee_3670,Female,41.0,Bachelors,New Delhi,2012,0,149145.0,5.0
Employee_3671,Female,31.0,Bachelors,Pune,2015,3,59309.0,4.0
Employee_3672,Male,34.0,Bachelors,Bangalore,2016,3,135234.0,2.0
Employee_3673,Female,40.0,Masters,New Delhi,2017,2,107692.0,4.0
Employee_3674,Male,32.0,Masters,Bangalore,2016,1,119860.5,4.0
Employee_3675,Male,36.0,Bachelors,Bangalore,2012,5,148086.0,3.0
Employee_3676,Female,40.0,Bachelors,Pune,2014,3,118624.0,3.0
Employee_3677,Male,31.0,Bachelors,Pune,2012,3,98517.0,2.0
Employee_3678,Female,34.0,Bachelors,Bangalore,2014,5,33384.0,3.0
Employee_3679,Female,41.0,Masters,New Delhi,2013,2,122553.0,3.0
Employee_3680,Male,32.0,Masters,New Delhi,2017,2,80106.0,2.9959276018099548
Employee_3681,Male,41.0,Bachelors,Bangalore,2016,2,172296.0,4.0
Employee_3682,Male,33.0,Masters,New Delhi,2014,3,130479.0,2.0
Employee_3683,Female,33.0,Bachelors,Bangalore,2013,0,141207.0,4.0
Employee_3684,Female,39.0,Bachelors,Pune,2013,2,132417.0,5.0
Employee_3685,Male,40.0,Masters,Pune,2018,2,112593.0,4.0
Employee_3686,Male,34.0,Bachelors,New Delhi,2017,3,102849.0,5.0
Employee_3687,Male,41.0,Bachelors,Pune,2016,5,113208.0,1.0
Employee_3688,Male,37.0,Bachelors,Pune,2015,5,113130.0,1.0
Employee_3689,Female,32.0,Masters,Bangalore,2017,4,94857.0,5.0
Employee_3690,Male,41.0,Bachelors,Bangalore,2017,3,131925.0,5.0
Employee_3691,Female,34.0,Bachelors,Bangalore,2018,2,178968.0,4.0
Employee_3692,Male,38.0,Masters,Bangalore,2017,5,128505.0,5.0
Employee_3693,Female,40.0,Bachelors,Bangalore,2017,3,159756.0,2.0
Employee_3694,Male,35.0,Masters,Pune,2017,2,135783.0,1.0
Employee_3695,Male,31.0,Bachelors,Pune,2015,1,94293.0,1.0
Employee_3696,Male,39.0,Bachelors,Pune,2016,4,117201.0,5.0
Employee_3697,Male,39.0,Bachelors,Bangalore,2018,1,104139.0,3.0
Employee_3698,Male,32.0,Bachelors,Bangalore,2018,3,171111.0,3.0
Employee_3699,Male,38.0,Bachelors,Bangalore,2015,5,118671.0,5.0
Employee_3700,Male,35.0,Bachelors,Bangalore,2015,3,118305.0,2.0
Employee_3701,Male,38.0,Bachelors,Bangalore,2013,4,34998.0,3.0
Employee_3702,Male,32.0,Bachelors,New Delhi,2012,1,90486.0,5.0
Employee_3703,Female,37.0,Bachelors,Pune,2014,5,63948.0,2.0
Employee_3704,Male,35.0,Bachelors,Pune,2015,0,149025.0,2.0
Employee_3705,Female,41.0,Bachelors,Pune,2017,4,115383.0,4.0
Employee_3706,Male,28.0,Masters,Bangalore,2015,0,141045.0,2.0
Employee_3707,Male,35.0,Bachelors,Bangalore,2017,2,141867.0,3.0
Employee_3708,Male,36.0,Masters,New Delhi,2017,2,116094.0,3.0
Employee_3709,Male,34.0,Masters,Bangalore,2017,1,57829.0,5.0
Employee_3710,Male,36.0,Bachelors,Bangalore,2015,3,96042.0,5.0
Employee_3711,Male,28.0,Bachelors,Pune,2017,3,79666.0,2.0
Employee_3712,Male,38.0,Masters,New Delhi,2018,2,113688.0,1.0
Employee_3713,Female,35.0,PHD,New Delhi,2013,3,90612.0,2.9959276018099548
Employee_3714,Female,37.0,Bachelors,New Delhi,2015,3,93930.0,2.9959276018099548
Employee_3715,Male,31.0,Bachelors,Bangalore,2017,0,156177.0,2.0
Employee_3716,Female,40.0,Bachelors,Pune,2017,2,78064.0,2.0
Employee_3717,Female,32.0,Bachelors,Pune,2015,3,106041.0,1.0
Employee_3718,Male,35.0,Bachelors,Bangalore,2015,2,168885.0,4.0
Employee_3719,Male,38.0,Bachelors,Bangalore,2012,0,97929.0,1.0
Employee_3720,Female,36.0,Bachelors,Pune,2015,0,76034.0,5.0
Employee_3721,Male,36.0,Masters,Pune,2015,3,146043.0,2.9959276018099548
Employee_3722,Female,32.0,Masters,New Delhi,2014,5,141774.0,5.0
Employee_3723,Female,37.0,Bachelors,Pune,2018,0,71120.0,3.0
Employee_3724,Female,35.0,Bachelors,Pune,2018,0,137676.0,2.0
Employee_3725,Female,36.0,Bachelors,Pune,2015,4,44531.0,4.0
Employee_3726,Female,34.0,Bachelors,New Delhi,2015,5,94146.0,1.0
Employee_3727,Female,35.0,Masters,New Delhi,2017,0,68000.0,4.0
Employee_3728,Female,38.0,Masters,New Delhi,2017,5,115434.0,1.0
Employee_3729,Female,39.0,Bachelors,Pune,2015,5,111996.0,5.0
Employee_3730,Female,32.0,Bachelors,Pune,2012,5,88578.0,5.0
Employee_3731,Male,39.0,Bachelors,Bangalore,2015,2,141165.0,1.0
Employee_3732,Male,39.0,Bachelors,Bangalore,2015,2,113781.0,4.0
Employee_3733,Male,37.0,Masters,Pune,2017,2,91124.0,1.0
Employee_3734,Female,32.0,Bachelors,Bangalore,2015,5,93513.0,2.0
Employee_3735,Male,38.0,Bachelors,New Delhi,2017,0,103950.0,5.0
Employee_3736,Female,36.0,Bachelors,Pune,2012,5,83836.0,2.0
Employee_3737,Male,37.0,Masters,Bangalore,2016,2,39135.0,5.0
Employee_3738,Male,32.0,Bachelors,Pune,2017,4,109026.0,5.0
Employee_3739,Male,37.0,Masters,New Delhi,2017,2,143499.0,3.0
Employee_3740,Male,33.0,Bachelors,New Delhi,2016,2,125787.0,2.0
Employee_3741,Male,39.0,Bachelors,Bangalore,2016,4,97617.0,2.0
Employee_3742,Male,35.0,Bachelors,Bangalore,2012,1,101877.0,3.0
Employee_3743,Male,39.0,Masters,Pune,2015,5,129549.0,4.0
Employee_3744,Male,34.0,Bachelors,Bangalore,2015,0,158007.0,2.0
Employee_3745,Male,33.0,Masters,New Delhi,2017,4,70864.0,1.0
Employee_3746,Male,33.0,Bachelors,Bangalore,2012,1,151932.0,3.0
Employee_3747,Male,31.0,Bachelors,New Delhi,2015,0,146235.0,2.0
Employee_3748,Female,31.0,PHD,Pune,2016,4,157644.0,4.0
Employee_3749,Female,37.0,Bachelors,Bangalore,2015,4,179331.0,2.0
Employee_3750,Male,33.0,Bachelors,Bangalore,2012,0,119860.5,5.0
Employee_3751,Male,31.0,Bachelors,Pune,2017,0,150162.0,1.0
Employee_3752,Female,41.0,Bachelors,Bangalore,2017,2,95259.0,3.0
Employee_3753,Male,39.0,Masters,Pune,2017,2,108968.0,5.0
Employee_3754,Male,32.0,Masters,New Delhi,2013,2,170784.0,4.0
Employee_3755,Male,37.0,Bachelors,Pune,2016,3,144966.0,5.0
Employee_3756,Male,37.0,Bachelors,Bangalore,2014,1,164838.0,5.0
Employee_3757,Female,28.0,Bachelors,Pune,2017,3,104720.0,4.0
Employee_3758,Male,31.0,Bachelors,New Delhi,2017,2,119048.0,5.0
Employee_3759,Female,34.0,Bachelors,Pune,2014,1,118110.0,3.0
Employee_3760,Female,38.0,Bachelors,Bangalore,2012,5,120369.0,2.0
Employee_3761,Female,37.0,Bachelors,Bangalore,2013,1,139128.0,5.0
Employee_3762,Female,34.0,Bachelors,Pune,2015,3,36588.0,3.0
Employee_3763,Male,33.0,Bachelors,Bangalore,2015,2,165000.0,2.0
Employee_3764,Male,37.0,Bachelors,Bangalore,2016,4,108912.0,2.0
Employee_3765,Male,41.0,Bachelors,Bangalore,2016,4,112035.0,5.0
Employee_3766,Female,38.0,Bachelors,Bangalore,2012,1,59300.0,3.0
Employee_3767,Male,40.0,Bachelors,Pune,2016,5,162777.0,5.0
Employee_3768,Female,33.0,Bachelors,New Delhi,2017,1,166410.0,4.0
Employee_3769,Male,33.0,Bachelors,New Delhi,2016,1,159051.0,2.0
Employee_3770,Male,37.0,Masters,New Delhi,2013,2,136056.0,5.0
Employee_3771,Female,36.0,Bachelors,New Delhi,2017,2,61194.0,2.0
Employee_3772,Female,36.0,Bachelors,Bangalore,2012,5,148338.0,3.0
Employee_3773,Male,41.0,Bachelors,Bangalore,2015,1,97008.0,1.0
Employee_3774,Male,40.0,Masters,New Delhi,2014,5,177792.0,5.0
Employee_3775,Female,36.0,Bachelors,Bangalore,2016,0,119637.0,5.0
Employee_3776,Male,28.0,Masters,Bangalore,2017,2,61144.0,2.0
Employee_3777,Male,33.0,Bachelors,Pune,2015,5,119860.5,2.9959276018099548
Employee_3778,Female,37.0,Masters,New Delhi,2017,2,72342.0,4.0
Employee_3779,Male,33.0,Bachelors,New Delhi,2017,0,106962.0,3.0
Employee_3780,Female,40.0,Bachelors,Bangalore,2014,4,145422.0,5.0
Employee_3781,Male,36.0,Masters,New Delhi,2018,2,131976.0,4.0
Employee_3782,Male,40.0,Bachelors,Bangalore,2018,3,158850.0,3.0
Employee_3783,Male,40.0,Masters,Bangalore,2018,2,125583.0,1.0
Employee_3784,Male,34.0,Bachelors,Bangalore,2014,3,127392.0,2.0
Employee_3785,Male,39.0,Bachelors,Pune,2012,5,153024.0,3.0
Employee_3786,Male,33.0,Bachelors,Pune,2017,1,63266.0,3.0
Employee_3787,Male,37.0,Bachelors,Bangalore,2016,2,178911.0,1.0
Employee_3788,Male,40.0,Bachelors,New Delhi,2012,3,143703.0,5.0
Employee_3789,Male,38.0,Bachelors,Bangalore,2018,1,127455.0,2.0
Employee_3790,Male,40.0,Bachelors,Bangalore,2016,1,122547.0,3.0
Employee_3791,Female,38.0,Bachelors,New Delhi,2014,0,100944.0,4.0
Employee_3792,Male,34.0,Bachelors,Bangalore,2016,1,135531.0,3.0
Employee_3793,Female,37.0,Masters,New Delhi,2016,3,129420.0,2.0
Employee_3794,Male,40.0,Bachelors,Bangalore,2015,5,174492.0,3.0
Employee_3795,Female,40.0,Bachelors,New Delhi,2015,1,143763.0,1.0
Employee_3796,Male,37.0,Masters,Bangalore,2016,2,133071.0,3.0
Employee_3797,Female,37.0,Bachelors,Pune,2016,3,86736.0,3.0
Employee_3798,Male,28.0,Bachelors,Pune,2013,1,99411.0,4.0
Employee_3799,Male,35.0,Masters,New Delhi,2017,5,53369.0,1.0
Employee_3800,Male,38.0,Bachelors,Bangalore,2016,3,30097.0,1.0
Employee_3801,Female,34.0,Bachelors,Pune,2017,1,124221.0,3.0
Employee_3802,Male,32.0,Bachelors,Bangalore,2014,2,128166.0,4.0
Employee_3803,Male,37.0,Bachelors,Bangalore,2013,5,128772.0,3.0
Employee_3804,Male,37.0,Bachelors,New Delhi,2017,4,67500.0,3.0
Employee_3805,Male,35.0,Bachelors,Bangalore,2014,2,173199.0,2.0
Employee_3806,Male,40.0,Bachelors,Bangalore,2016,0,177777.0,2.0
Employee_3807,Male,40.0,Bachelors,Bangalore,2012,2,115605.0,4.0
Employee_3808,Female,39.0,Bachelors,Bangalore,2015,3,163674.0,5.0
Employee_3809,Female,41.0,Masters,New Delhi,2013,2,163461.0,2.0
Employee_3810,Female,34.0,Bachelors,Bangalore,2015,4,155391.0,5.0
Employee_3811,Female,28.0,Bachelors,New Delhi,2012,4,103998.0,1.0
Employee_3812,Male,36.0,Bachelors,Pune,2013,2,92018.0,2.0
Employee_3813,Female,39.0,Masters,New Delhi,2016,1,140982.0,2.0
Employee_3814,Male,41.0,Bachelors,New Delhi,2014,5,95181.0,4.0
Employee_3815,Male,28.0,Bachelors,Bangalore,2015,0,170598.0,5.0
Employee_3816,Female,34.0,Bachelors,Bangalore,2017,5,95562.0,2.0
Employee_3817,Male,28.0,Bachelors,Bangalore,2013,2,122400.0,2.0
Employee_3818,Male,40.0,Bachelors,Pune,2012,3,105165.0,4.0
Employee_3819,Male,32.0,Bachelors,Pune,2013,5,120813.0,4.0
Employee_3820,Male,38.0,Bachelors,Pune,2018,3,146124.0,5.0
Employee_3821,Male,40.0,Bachelors,Bangalore,2016,3,128457.0,1.0
Employee_3822,Male,41.0,PHD,Bangalore,2013,4,118107.0,1.0
Employee_3823,Female,36.0,Bachelors,Bangalore,2014,0,117849.0,3.0
Employee_3824,Female,33.0,Bachelors,Pune,2015,3,86342.0,2.0
Employee_3825,Male,37.0,Bachelors,New Delhi,2016,3,107322.0,5.0
Employee_3826,Male,38.0,Bachelors,Pune,2015,4,109557.0,2.0
Employee_3827,Male,32.0,Bachelors,Bangalore,2017,4,122949.0,5.0
Employee_3828,Male,33.0,Bachelors,Pune,2017,1,144399.0,5.0
Employee_3829,Male,38.0,Bachelors,Bangalore,2015,5,171753.0,5.0
Employee_3830,Female,40.0,Bachelors,Pune,2015,5,134817.0,2.0
Employee_3831,Male,35.0,Bachelors,Bangalore,2014,0,92343.0,4.0
Employee_3832,Female,37.0,Masters,New Delhi,2016,5,138846.0,2.0
Employee_3833,Male,37.0,Bachelors,Bangalore,2016,2,161796.0,5.0
Employee_3834,Male,36.0,Bachelors,Bangalore,2015,2,172872.0,2.9959276018099548
Employee_3835,Female,33.0,Bachelors,Bangalore,2017,4,110469.0,1.0
Employee_3836,Female,36.0,Bachelors,Pune,2014,3,96978.0,5.0
Employee_3837,Male,32.0,Bachelors,Pune,2016,3,150753.0,3.0
Employee_3838,Female,35.0,Bachelors,Bangalore,2017,1,111579.0,4.0
Employee_3839,Female,34.0,Bachelors,Pune,2014,2,102720.0,5.0
Employee_3840,Male,40.0,Masters,Pune,2017,5,118236.0,3.0
Employee_3841,Female,37.0,Bachelors,Bangalore,2016,4,96339.0,5.0
Employee_3842,Male,36.0,Bachelors,Bangalore,2015,1,46280.0,2.0
Employee_3843,Female,41.0,Bachelors,Pune,2012,1,156789.0,3.0
Employee_3844,Male,36.0,Bachelors,Pune,2016,0,130695.0,2.0
Employee_3845,Female,31.0,Bachelors,Bangalore,2017,2,151062.0,2.0
Employee_3846,Male,31.0,Bachelors,Pune,2017,3,120549.0,3.0
Employee_3847,Male,33.0,Bachelors,Pune,2014,2,166929.0,1.0
Employee_3848,Male,35.0,Bachelors,Bangalore,2017,0,160944.0,3.0
Employee_3849,Male,34.0,PHD,New Delhi,2016,1,143883.0,1.0
Employee_3850,Female,39.0,Bachelors,Bangalore,2014,4,117609.0,5.0
Employee_3851,Male,31.0,Masters,Bangalore,2015,1,145974.0,2.9959276018099548
Employee_3852,Female,32.0,Bachelors,Pune,2015,0,153759.0,2.9959276018099548
Employee_3853,Male,33.0,Bachelors,Bangalore,2017,0,137385.0,5.0
Employee_3854,Male,34.0,Bachelors,Bangalore,2014,1,169170.0,4.0
Employee_3855,Male,39.0,Masters,Pune,2014,2,119860.5,2.0
Employee_3856,Female,41.0,Bachelors,New Delhi,2017,2,97620.0,2.9959276018099548
Employee_3857,Male,34.0,Bachelors,New Delhi,2017,2,86978.0,1.0
Employee_3858,Female,36.0,Bachelors,Bangalore,2013,5,106638.0,5.0
Employee_3859,Female,39.0,Bachelors,Pune,2015,5,73704.0,1.0
Employee_3860,Male,37.0,Bachelors,Pune,2012,5,176934.0,2.0
Employee_3861,Male,36.0,Bachelors,Bangalore,2016,4,178350.0,2.0
Employee_3862,Female,38.0,Bachelors,New Delhi,2014,1,97653.0,5.0
Employee_3863,Female,38.0,Bachelors,Bangalore,2017,3,109233.0,4.0
Employee_3864,Female,37.0,Masters,New Delhi,2016,2,174699.0,4.0
Employee_3865,Male,34.0,Bachelors,Bangalore,2012,2,139173.0,5.0
Employee_3866,Male,31.0,Bachelors,Bangalore,2015,2,163413.0,5.0
Employee_3867,Female,32.0,Bachelors,Pune,2015,2,97878.0,1.0
Employee_3868,Male,35.0,Masters,New Delhi,2018,2,91425.0,2.9959276018099548
Employee_3869,Male,31.0,Bachelors,Bangalore,2017,2,119860.5,4.0
Employee_3870,Male,32.0,Bachelors,Bangalore,2015,0,40403.0,5.0
Employee_3871,Female,31.0,Bachelors,Bangalore,2015,5,165180.0,1.0
Employee_3872,Male,37.0,Bachelors,Bangalore,2018,5,111717.0,1.0
Employee_3873,Male,40.0,PHD,New Delhi,2018,3,110130.0,1.0
Employee_3874,Male,41.0,Bachelors,Bangalore,2015,1,51384.0,1.0
Employee_3875,Male,34.0,Bachelors,Pune,2017,5,153114.0,3.0
Employee_3876,Male,36.0,Bachelors,Bangalore,2014,3,114234.0,5.0
Employee_3877,Male,35.0,Bachelors,Pune,2013,1,119860.5,2.9959276018099548
Employee_3878,Female,38.0,Masters,New Delhi,2017,3,96855.0,5.0
Employee_3879,Male,33.0,Bachelors,Bangalore,2017,1,105669.0,3.0
Employee_3880,Female,38.0,Bachelors,Bangalore,2014,2,130563.0,1.0
Employee_3881,Male,38.0,Bachelors,Bangalore,2018,1,134667.0,3.0
Employee_3882,Male,40.0,Bachelors,Pune,2017,4,73942.0,4.0
Employee_3883,Male,39.0,Bachelors,New Delhi,2013,5,177417.0,4.0
Employee_3884,Female,33.0,Bachelors,New Delhi,2014,4,149727.0,5.0
Employee_3885,Female,32.0,Bachelors,Pune,2015,3,124593.0,5.0
Employee_3886,Male,39.0,Bachelors,Bangalore,2013,2,134163.0,2.0
Employee_3887,Female,38.0,Bachelors,Bangalore,2015,4,147618.0,2.0
Employee_3888,Male,38.0,Bachelors,Bangalore,2013,2,104829.0,4.0
Employee_3889,Male,35.0,Bachelors,Bangalore,2017,0,119860.5,1.0
Employee_3890,Female,31.0,Bachelors,Pune,2017,0,119860.5,3.0
Employee_3891,Male,41.0,Bachelors,Bangalore,2017,5,90774.0,2.0
Employee_3892,Female,38.0,Bachelors,New Delhi,2013,4,90846.0,2.0
Employee_3893,Male,40.0,Bachelors,Bangalore,2016,1,131811.0,1.0
Employee_3894,Female,36.0,Bachelors,Bangalore,2018,2,95694.0,1.0
Employee_3895,Male,28.0,PHD,New Delhi,2013,3,102405.0,2.9959276018099548
Employee_3896,Male,41.0,Bachelors,Pune,2014,4,119860.5,3.0
Employee_3897,Male,35.0,Bachelors,Bangalore,2014,1,123504.0,1.0
Employee_3898,Male,38.0,Bachelors,Bangalore,2017,5,170529.0,2.0
Employee_3899,Female,41.0,Bachelors,New Delhi,2017,0,119860.5,2.0
Employee_3900,Male,34.0,Bachelors,Bangalore,2012,0,51494.0,4.0
Employee_3901,Female,28.0,Bachelors,Bangalore,2016,3,160653.0,1.0
Employee_3902,Male,37.0,Bachelors,Bangalore,2014,5,91836.0,5.0
Employee_3903,Female,39.0,Bachelors,Pune,2015,0,88406.0,3.0
Employee_3904,Male,31.0,Bachelors,Bangalore,2013,2,141213.0,5.0
Employee_3905,Female,34.0,Masters,New Delhi,2012,3,150222.0,2.0
Employee_3906,Male,39.0,Bachelors,Bangalore,2015,1,165564.0,2.9959276018099548
Employee_3907,Female,38.0,Bachelors,Pune,2014,3,64614.0,2.0
Employee_3908,Male,34.0,Bachelors,Bangalore,2012,1,111399.0,2.0
Employee_3909,Female,31.0,Bachelors,Bangalore,2016,2,123615.0,2.9959276018099548
Employee_3910,Female,39.0,Bachelors,Bangalore,2016,0,158679.0,2.0
Employee_3911,Female,31.0,Bachelors,Bangalore,2013,1,169071.0,2.0
Employee_3912,Male,36.0,Bachelors,Bangalore,2012,1,107718.0,4.0
Employee_3913,Male,37.0,Bachelors,New Delhi,2017,0,97773.0,2.9959276018099548
Employee_3914,Female,38.0,Bachelors,Pune,2015,1,57272.0,4.0
Employee_3915,Male,41.0,PHD,Pune,2017,2,135447.0,4.0
Employee_3916,Male,32.0,Bachelors,Bangalore,2018,4,126450.0,1.0
Employee_3917,Male,35.0,Bachelors,Pune,2018,0,111549.0,1.0
Employee_3918,Male,35.0,Bachelors,Bangalore,2017,1,154896.0,1.0
Employee_3919,Male,32.0,Bachelors,Bangalore,2013,1,165450.0,3.0
Employee_3920,Male,31.0,Bachelors,Bangalore,2015,1,120306.0,1.0
Employee_3921,Male,41.0,Bachelors,Bangalore,2015,4,154476.0,5.0
Employee_3922,Male,33.0,Bachelors,Bangalore,2012,0,149964.0,4.0
Employee_3923,Female,38.0,Bachelors,New Delhi,2012,1,94106.0,5.0
Employee_3924,Female,39.0,Masters,Bangalore,2012,3,152244.0,1.0
Employee_3925,Female,36.0,Bachelors,Bangalore,2015,2,53713.0,3.0
Employee_3926,Male,31.0,Masters,Bangalore,2017,5,62566.0,3.0
Employee_3927,Female,39.0,Masters,New Delhi,2017,2,61846.0,4.0
Employee_3928,Male,28.0,Masters,New Delhi,2017,3,93375.0,5.0
Employee_3929,Female,33.0,PHD,New Delhi,2018,0,94587.0,2.0
Employee_3930,Male,38.0,Bachelors,Bangalore,2015,1,168510.0,5.0
Employee_3931,Male,28.0,Bachelors,Pune,2017,0,76876.0,1.0
Employee_3932,Male,34.0,Bachelors,Bangalore,2014,4,150285.0,2.0
Employee_3933,Male,40.0,Bachelors,Bangalore,2017,2,138462.0,3.0
Employee_3934,Male,36.0,Bachelors,Bangalore,2012,1,114012.0,4.0
Employee_3935,Female,36.0,Bachelors,Bangalore,2015,2,119256.0,4.0
Employee_3936,Female,41.0,Bachelors,New Delhi,2017,4,105316.0,3.0
Employee_3937,Male,37.0,Bachelors,Bangalore,2017,3,121776.0,1.0
Employee_3938,Male,33.0,Bachelors,New Delhi,2017,5,119860.5,3.0
Employee_3939,Female,41.0,Bachelors,New Delhi,2017,4,101592.0,1.0
Employee_3940,Female,37.0,Bachelors,Bangalore,2017,2,169545.0,2.0
Employee_3941,Male,38.0,Bachelors,Pune,2017,5,178803.0,3.0
Employee_3942,Male,28.0,Bachelors,Bangalore,2015,2,162651.0,1.0
Employee_3943,Female,37.0,Bachelors,Pune,2017,0,172935.0,2.0
Employee_3944,Male,34.0,Bachelors,Bangalore,2014,0,159516.0,3.0
Employee_3945,Male,32.0,Bachelors,Pune,2012,1,90678.0,4.0
Employee_3946,Female,35.0,Masters,New Delhi,2012,4,135108.0,3.0
Employee_3947,Male,28.0,Bachelors,Pune,2013,3,125217.0,5.0
Employee_3948,Female,34.0,Bachelors,Bangalore,2015,2,139944.0,2.9959276018099548
Employee_3949,Female,37.0,Bachelors,Bangalore,2014,3,118761.0,5.0
Employee_3950,Female,40.0,Bachelors,Bangalore,2016,4,125247.0,2.0
Employee_3951,Male,33.0,Bachelors,Pune,2014,4,91935.0,3.0
Employee_3952,Female,39.0,Bachelors,Bangalore,2016,4,138897.0,2.0
Employee_3953,Male,40.0,Bachelors,Bangalore,2012,4,161784.0,2.0
Employee_3954,Male,34.0,Bachelors,Bangalore,2013,4,51953.0,1.0
Employee_3955,Male,40.0,Bachelors,Pune,2016,5,148122.0,2.0
Employee_3956,Male,32.0,PHD,Bangalore,2013,5,1219010.963800905,2.0
Employee_3957,Male,33.0,Bachelors,Bangalore,2012,1,169425.0,3.0
Employee_3958,Female,31.0,Bachelors,New Delhi,2017,4,119860.5,3.0
Employee_3959,Female,41.0,Masters,New Delhi,2016,4,122892.0,4.0
Employee_3960,Male,34.0,Bachelors,Bangalore,2016,4,138261.0,1.0
Employee_3961,Male,39.0,Bachelors,Bangalore,2016,7,130611.0,2.0
Employee_3962,Male,35.0,Bachelors,Bangalore,2014,5,129807.0,1.0
Employee_3963,Female,38.0,Bachelors,Pune,2016,7,118038.0,5.0
Employee_3964,Male,33.0,Bachelors,Bangalore,2016,6,119860.5,2.9959276018099548
Employee_3965,Male,33.0,Bachelors,Pune,2014,6,128289.0,1.0
Employee_3966,Male,35.0,Bachelors,Bangalore,2012,5,119860.5,4.0
Employee_3967,Male,40.0,PHD,New Delhi,2013,5,117531.0,4.0
Employee_3968,Female,28.0,Bachelors,Bangalore,2012,5,102237.0,2.0
Employee_3969,Male,28.0,Bachelors,Bangalore,2017,5,100044.0,5.0
Employee_3970,Female,33.0,Bachelors,Bangalore,2017,6,158049.0,4.0
Employee_3971,Female,32.0,Bachelors,Bangalore,2014,5,150645.0,4.0
Employee_3972,Female,40.0,Masters,Bangalore,2014,7,167451.0,5.0
Employee_3973,Male,33.0,Bachelors,New Delhi,2017,6,109530.0,1.0
Employee_3974,Female,31.0,Masters,New Delhi,2016,5,55556.0,4.0
Employee_3975,Female,35.0,Bachelors,Bangalore,2013,5,168822.0,3.0
Employee_3976,Male,39.0,Bachelors,Bangalore,2014,7,144297.0,4.0
Employee_3977,Female,39.0,Masters,Bangalore,2018,6,122355.0,1.0
Employee_3978,Female,38.0,Masters,Pune,2017,2,84656.0,1.0
Employee_3979,Male,38.0,Bachelors,Bangalore,2012,7,109350.0,2.0
Employee_3980,Female,40.0,Masters,New Delhi,2017,2,119860.5,3.0
Employee_3981,Male,28.0,Bachelors,Bangalore,2018,6,177027.0,1.0
Employee_3982,Male,34.0,Bachelors,Bangalore,2013,6,106299.0,5.0
Employee_3983,Male,35.0,Bachelors,Bangalore,2012,7,31098.0,3.0
Employee_3984,Male,41.0,Masters,New Delhi,2013,5,37096.0,3.0
Employee_3985,Female,37.0,PHD,New Delhi,2014,5,97420.0,5.0
Employee_3986,Male,34.0,Bachelors,Pune,2015,7,124317.0,4.0
Employee_3987,Male,35.0,Bachelors,Bangalore,2014,5,117261.0,5.0
Employee_3988,Male,70.0,Bachelors,Bangalore,2013,6,46021.0,5.0
Employee_3989,Female,38.0,Bachelors,Bangalore,2016,7,109248.0,4.0
Employee_3990,Female,41.0,Bachelors,Pune,2015,7,73960.0,4.0
Employee_3991,Male,34.0,Bachelors,Bangalore,2018,5,159441.0,4.0
Employee_3992,Male,22.0,Bachelors,Pune,2017,0,96116.0,4.0
Employee_3993,Female,26.0,Bachelors,Bangalore,2018,4,82202.0,4.0
Employee_3994,Male,22.0,Bachelors,Bangalore,2012,0,113850.0,2.9959276018099548
Employee_3995,Female,25.0,Bachelors,New Delhi,2017,3,117366.0,2.0
Employee_3996,Male,29.0,Bachelors,Bangalore,2016,0,127728.0,2.0
Employee_3997,Female,36.0,Bachelors,New Delhi,2017,0,165897.0,1.0
Employee_3998,Female,37.0,Bachelors,Bangalore,2014,1,172548.0,2.0
Employee_3999,Female,34.0,Bachelors,New Delhi,2013,4,104866.0,2.0
Employee_4000,Female,34.0,Bachelors,Pune,2012,2,93267.0,2.9959276018099548
Employee_4001,Female,25.0,Bachelors,Bangalore,2012,3,103734.0,4.0
Employee_4002,Male,31.0,Bachelors,Bangalore,2012,0,117381.0,4.0
Employee_4003,Female,36.0,Bachelors,New Delhi,2015,2,121461.0,5.0
Employee_4004,Male,31.0,Bachelors,Bangalore,2016,5,90465.0,2.0
Employee_4005,Male,34.0,Bachelors,Bangalore,2015,4,166938.0,5.0
Employee_4006,Male,28.0,Masters,New Delhi,2014,2,95874.0,1.0
Employee_4007,Male,28.0,Bachelors,Bangalore,2014,2,122079.0,4.0
Employee_4008,Male,31.0,Bachelors,Bangalore,2015,1,109032.0,3.0
Employee_4009,Male,35.0,Bachelors,Bangalore,2017,5,107337.0,2.9959276018099548
Employee_4010,Female,28.0,Bachelors,Bangalore,2012,1,58795.0,1.0
Employee_4011,Female,32.0,Bachelors,Bangalore,2018,2,157584.0,5.0
Employee_4012,Male,23.0,Bachelors,Bangalore,2013,1,154341.0,2.0
Employee_4013,Male,27.0,Masters,Pune,2018,5,101490.0,4.0
Employee_4014,Male,25.0,Bachelors,Pune,2017,3,117138.0,3.0
Employee_4015,Female,31.0,Masters,New Delhi,2017,2,110430.0,1.0
Employee_4016,Male,34.0,PHD,New Delhi,2018,0,170442.0,3.0
Employee_4017,Female,36.0,Bachelors,Bangalore,2016,2,119382.0,2.0
Employee_4018,Male,40.0,PHD,New Delhi,2017,3,159129.0,2.0
Employee_4019,Female,34.0,Masters,New Delhi,2012,2,91323.0,3.0
Employee_4020,Male,37.0,Bachelors,Bangalore,2018,2,157272.0,4.0
Employee_4021,Male,38.0,Bachelors,Bangalore,2012,3,156927.0,2.0
Employee_4022,Female,22.0,Bachelors,New Delhi,2017,0,88956.0,2.9959276018099548
Employee_4023,Female,36.0,Bachelors,Pune,2016,0,107484.0,1.0
Employee_4024,Female,35.0,Bachelors,New Delhi,2013,1,69256.0,3.0
Employee_4025,Female,22.0,Bachelors,New Delhi,2012,0,109110.0,3.0
Employee_4026,Male,22.0,Bachelors,Bangalore,2016,0,118584.0,5.0
Employee_4027,Male,28.0,Bachelors,Bangalore,2012,4,174828.0,2.0
Employee_4028,Male,34.0,Bachelors,Bangalore,2017,5,119860.5,4.0
Employee_4029,Male,23.0,Bachelors,Bangalore,2017,1,83130.0,4.0
Employee_4030,Male,32.0,Bachelors,Pune,2014,3,76358.0,5.0
Employee_4031,Female,26.0,Bachelors,Pune,2012,4,92026.0,4.0
Employee_4032,Male,38.0,Masters,Bangalore,2017,2,157497.0,3.0
Employee_4033,Male,37.0,Bachelors,Pune,2014,4,140529.0,5.0
Employee_4034,Female,25.0,Bachelors,New Delhi,2017,3,107904.0,1.0
Employee_4035,Female,36.0,Bachelors,Pune,2018,5,102060.0,2.0
Employee_4036,Female,26.0,Bachelors,Bangalore,2016,4,91176.0,2.9959276018099548
Employee_4037,Female,39.0,Bachelors,Pune,2018,4,84260.0,2.0
Employee_4038,Male,24.0,Bachelors,Bangalore,2016,2,144513.0,3.0
Employee_4039,Male,39.0,Masters,Pune,2018,2,178548.0,1.0
Employee_4040,Female,39.0,Masters,New Delhi,2018,2,161274.0,5.0
Employee_4041,Female,27.0,Bachelors,New Delhi,2017,5,80898.0,5.0
Employee_4042,Male,36.0,Bachelors,Bangalore,2013,5,142566.0,2.0
Employee_4043,Male,28.0,Bachelors,Bangalore,2012,2,175152.0,1.0
Employee_4044,Female,28.0,Bachelors,Bangalore,2017,3,153375.0,1.0
Employee_4045,Male,24.0,Bachelors,Bangalore,2016,2,112254.0,1.0
Employee_4046,Male,27.0,Bachelors,Bangalore,2014,5,158238.0,2.9959276018099548
Employee_4047,Male,23.0,Bachelors,New Delhi,2017,1,97362.0,4.0
Employee_4048,Female,30.0,Bachelors,Bangalore,2013,5,168126.0,2.0
Employee_4049,Male,28.0,Bachelors,Bangalore,2014,0,119860.5,1.0
Employee_4050,Male,27.0,Bachelors,Pune,2014,5,143283.0,1.0
Employee_4051,Male,32.0,Masters,New Delhi,2017,2,135669.0,5.0
Employee_4052,Female,33.0,Masters,Pune,2014,1,36701.0,5.0
Employee_4053,Male,26.0,Masters,New Delhi,2017,4,97791.0,2.0
Employee_4054,Female,25.0,Bachelors,Pune,2013,3,90423.0,1.0
Employee_4055,Male,23.0,Masters,New Delhi,2017,1,65318.0,2.0
Employee_4056,Male,24.0,Bachelors,Pune,2012,2,152940.0,5.0
Employee_4057,Male,33.0,Bachelors,Bangalore,2014,5,117093.0,5.0
Employee_4058,Male,30.0,Masters,Bangalore,2018,2,135111.0,4.0
Employee_4059,Female,27.0,Masters,New Delhi,2017,5,116388.0,2.0
Employee_4060,Female,31.0,Bachelors,Pune,2012,5,87940.0,2.0
Employee_4061,Female,23.0,Masters,New Delhi,2018,1,106983.0,1.0
Employee_4062,Male,28.0,Bachelors,Bangalore,2015,2,108426.0,1.0
Employee_4063,Female,32.0,Bachelors,Pune,2015,2,84218.0,2.9959276018099548
Employee_4064,Female,28.0,Bachelors,New Delhi,2013,4,156030.0,3.0
Employee_4065,Male,35.0,Masters,New Delhi,2017,2,77574.0,3.0
Employee_4066,Male,30.0,Bachelors,Bangalore,2016,4,40096.0,2.9959276018099548
Employee_4067,Male,37.0,Bachelors,Bangalore,2012,4,115416.0,2.0
Employee_4068,Male,34.0,Bachelors,Bangalore,2017,0,119860.5,2.0
Employee_4069,Female,38.0,Bachelors,Bangalore,2012,0,160149.0,5.0
Employee_4070,Male,22.0,Masters,New Delhi,2013,0,117882.0,2.0
Employee_4071,Female,22.0,Bachelors,Pune,2015,0,34249.0,2.0
Employee_4072,Female,33.0,Masters,Pune,2015,2,89898.0,2.0
Employee_4073,Male,32.0,Bachelors,Bangalore,2015,1,95250.0,4.0
Employee_4074,Female,34.0,Masters,Pune,2015,2,102282.0,2.0
Employee_4075,Female,36.0,Bachelors,Bangalore,2017,1,145053.0,2.9959276018099548
Employee_4076,Male,32.0,Bachelors,Bangalore,2015,1,102264.0,1.0
Employee_4077,Male,28.0,Bachelors,Bangalore,2017,3,151686.0,5.0
Employee_4078,Female,26.0,Bachelors,New Delhi,2017,4,108346.0,4.0
Employee_4079,Male,35.0,Bachelors,Pune,2013,1,135846.0,1.0
Employee_4080,Male,33.0,Bachelors,Pune,2014,4,147990.0,4.0
Employee_4081,Female,28.0,Masters,Pune,2013,0,118923.0,4.0
Employee_4082,Male,27.0,Bachelors,Pune,2014,5,155334.0,5.0
Employee_4083,Female,23.0,Masters,New Delhi,2018,1,162792.0,4.0
Employee_4084,Female,34.0,Bachelors,Bangalore,2013,2,170721.0,2.0
Employee_4085,Male,23.0,Masters,Pune,2017,1,70150.0,4.0
Employee_4086,Male,36.0,Bachelors,Pune,2012,4,121236.0,5.0
Employee_4087,Male,28.0,PHD,New Delhi,2018,4,137058.0,5.0
Employee_4088,Male,28.0,PHD,Bangalore,2013,4,175095.0,5.0
Employee_4089,Female,33.0,Bachelors,Bangalore,2016,4,111690.0,1.0
Employee_4090,Male,39.0,Bachelors,Bangalore,2013,3,136296.0,2.0
Employee_4091,Female,25.0,Bachelors,New Delhi,2015,3,123006.0,1.0
Employee_4092,Male,32.0,Bachelors,Pune,2014,2,131841.0,3.0
Employee_4093,Female,28.0,Bachelors,Pune,2015,1,119860.5,2.0
Employee_4094,Male,28.0,Masters,New Delhi,2018,2,177912.0,2.9959276018099548
Employee_4095,Male,24.0,Bachelors,Pune,2013,2,95830.0,5.0
Employee_4096,Female,28.0,Bachelors,Bangalore,2012,2,119860.5,3.0
Employee_4097,Male,40.0,Bachelors,Bangalore,2018,4,148122.0,2.0
Employee_4098,Female,38.0,Bachelors,New Delhi,2012,1,160617.0,1.0
Employee_4099,Male,22.0,Bachelors,Bangalore,2014,0,103479.0,5.0
Employee_4100,Male,24.0,Bachelors,Bangalore,2018,2,167157.0,1.0
Employee_4101,Male,37.0,Bachelors,Bangalore,2012,5,141951.0,2.0
Employee_4102,Male,40.0,Bachelors,Pune,2018,3,94380.0,2.0
Employee_4103,Male,32.0,Bachelors,Bangalore,2018,0,132420.0,3.0
Employee_4104,Female,28.0,Bachelors,New Delhi,2012,1,147321.0,4.0
Employee_4105,Male,28.0,Bachelors,Pune,2016,5,119860.5,1.0
Employee_4106,Male,28.0,Bachelors,Pune,2013,3,140007.0,2.9959276018099548
Employee_4107,Male,35.0,PHD,Bangalore,2013,3,139944.0,5.0
Employee_4108,Male,28.0,Bachelors,Bangalore,2015,0,170829.0,4.0
Employee_4109,Male,39.0,Bachelors,Bangalore,2012,3,110448.0,3.0
Employee_4110,Male,35.0,Bachelors,Pune,2012,1,41639.0,1.0
Employee_4111,Male,37.0,Bachelors,Bangalore,2017,2,133272.0,2.0
Employee_4112,Female,40.0,Masters,Pune,2018,2,131895.0,5.0
Employee_4113,Male,23.0,Bachelors,Bangalore,2018,1,179694.0,1.0
Employee_4114,Male,32.0,Bachelors,Pune,2013,2,178476.0,4.0
Employee_4115,Male,37.0,PHD,New Delhi,2018,3,144438.0,4.0
Employee_4116,Female,23.0,Bachelors,Bangalore,2015,1,123720.0,2.0
Employee_4117,Male,26.0,Bachelors,Pune,2014,4,170871.0,2.0
Employee_4118,Female,36.0,Bachelors,Bangalore,2017,3,170535.0,5.0
Employee_4119,Female,40.0,Bachelors,Bangalore,2013,3,90120.0,5.0
Employee_4120,Male,22.0,Bachelors,New Delhi,2015,0,107481.0,2.0
Employee_4121,Male,30.0,Bachelors,Bangalore,2015,0,114777.0,2.0
Employee_4122,Male,30.0,Bachelors,Bangalore,2014,1,142113.0,2.9959276018099548
Employee_4123,Female,34.0,Bachelors,Pune,2015,3,44849.0,2.9959276018099548
Employee_4124,Male,27.0,Bachelors,Bangalore,2018,5,138696.0,3.0
Employee_4125,Female,27.0,Bachelors,Bangalore,2013,5,37804.0,1.0
Employee_4126,Female,27.0,Bachelors,Pune,2017,5,108346.0,2.0
Employee_4127,Female,35.0,Bachelors,Bangalore,2015,1,156303.0,5.0
Employee_4128,Female,33.0,Bachelors,New Delhi,2014,4,175752.0,3.0
Employee_4129,Male,37.0,Bachelors,Bangalore,2012,4,148746.0,5.0
Employee_4130,Female,40.0,Bachelors,New Delhi,2014,3,106122.0,3.0
Employee_4131,Female,25.0,Bachelors,Pune,2015,3,102348.0,2.0
Employee_4132,Male,34.0,Bachelors,Pune,2017,2,107134.0,1.0
Employee_4133,Male,40.0,Bachelors,New Delhi,2017,1,97572.0,5.0
Employee_4134,Male,34.0,Masters,New Delhi,2018,2,117831.0,3.0
Employee_4135,Male,33.0,Bachelors,Pune,2013,5,146589.0,4.0
Employee_4136,Female,22.0,Bachelors,Bangalore,2016,0,119860.5,2.0
Employee_4137,Female,36.0,Bachelors,Pune,2015,1,113782.0,1.0
Employee_4138,Male,38.0,Bachelors,Bangalore,2012,2,154614.0,2.0
Employee_4139,Female,25.0,Bachelors,Pune,2013,3,92334.0,4.0
Employee_4140,Male,37.0,Bachelors,Bangalore,2017,3,177495.0,1.0
Employee_4141,Female,25.0,Bachelors,Bangalore,2016,3,168483.0,4.0
Employee_4142,Female,40.0,Bachelors,Pune,2015,0,62984.0,2.0
Employee_4143,Female,26.0,Bachelors,Bangalore,2013,4,141132.0,3.0
Employee_4144,Female,23.0,Masters,Pune,2015,1,47732.0,2.0
Employee_4145,Male,22.0,Bachelors,Bangalore,2014,0,130845.0,2.0
Employee_4146,Male,34.0,Masters,New Delhi,2017,2,111750.0,2.0
Employee_4147,Female,35.0,Masters,New Delhi,2017,2,126396.0,5.0
Employee_4148,Male,23.0,Bachelors,Pune,2014,1,120534.0,4.0
Employee_4149,Male,29.0,Bachelors,Bangalore,2015,2,113553.0,4.0
Employee_4150,Female,32.0,Bachelors,Pune,2015,1,138864.0,4.0
Employee_4151,Male,26.0,Bachelors,Bangalore,2015,4,119860.5,5.0
Employee_4152,Male,28.0,Bachelors,Bangalore,2014,3,96132.0,2.9959276018099548
Employee_4153,Female,24.0,Masters,Pune,2015,2,119860.5,2.0
Employee_4154,Male,33.0,Bachelors,Bangalore,2017,4,149700.0,3.0
Employee_4155,Male,22.0,PHD,New Delhi,2016,0,119860.5,5.0
Employee_4156,Female,39.0,Masters,Pune,2015,2,111268.0,4.0
Employee_4157,Female,30.0,Masters,New Delhi,2018,2,117504.0,2.0
Employee_4158,Female,38.0,Bachelors,Bangalore,2014,5,152883.0,1.0
Employee_4159,Female,36.0,Bachelors,New Delhi,2012,4,141333.0,1.0
Employee_4160,Male,38.0,Bachelors,Pune,2012,5,114206.0,3.0
Employee_4161,Male,24.0,Bachelors,Bangalore,2013,2,123984.0,4.0
Employee_4162,Male,28.0,Bachelors,Bangalore,2016,1,129957.0,1.0
Employee_4163,Female,28.0,Bachelors,Bangalore,2015,0,161556.0,3.0
Employee_4164,Female,23.0,Bachelors,New Delhi,2013,1,91026.0,5.0
Employee_4165,Female,23.0,Masters,New Delhi,2017,1,119860.5,3.0
Employee_4166,Male,37.0,Bachelors,Bangalore,2013,5,170865.0,3.0
Employee_4167,Male,24.0,Masters,New Delhi,2016,2,109743.0,2.9959276018099548
Employee_4168,Male,33.0,Bachelors,Pune,2014,4,125553.0,2.0
Employee_4169,Female,38.0,Bachelors,Bangalore,2015,5,108951.0,3.0
Employee_4170,Male,40.0,Bachelors,Pune,2015,0,140730.0,3.0
Employee_4171,Male,34.0,Bachelors,Bangalore,2014,4,120264.0,2.0
Employee_4172,Male,26.0,Masters,New Delhi,2017,4,85892.0,2.0
Employee_4173,Male,25.0,Bachelors,Pune,2016,3,119860.5,5.0
Employee_4174,Female,24.0,Bachelors,Pune,2016,2,178473.0,4.0
Employee_4175,Male,35.0,Bachelors,Bangalore,2018,5,119860.5,1.0
Employee_4176,Male,27.0,PHD,New Delhi,2013,5,140367.0,1.0
Employee_4177,Female,30.0,Masters,New Delhi,2013,3,133701.0,3.0
Employee_4178,Female,26.0,Bachelors,Bangalore,2015,4,134604.0,5.0
Employee_4179,Male,40.0,Bachelors,Bangalore,2017,0,163110.0,2.9959276018099548
Employee_4180,Female,27.0,Masters,Pune,2017,5,79530.0,1.0
Employee_4181,Male,38.0,Bachelors,Pune,2016,0,177528.0,2.0
Employee_4182,Female,34.0,Bachelors,New Delhi,2014,5,150372.0,4.0
Employee_4183,Male,24.0,Masters,Pune,2017,2,84932.0,5.0
Employee_4184,Male,38.0,Bachelors,Bangalore,2016,4,176409.0,2.0
Employee_4185,Male,37.0,Bachelors,Pune,2014,1,48230.0,4.0
Employee_4186,Male,22.0,Bachelors,Bangalore,2015,0,143586.0,5.0
Employee_4187,Female,29.0,Bachelors,New Delhi,2014,2,121761.0,5.0
Employee_4188,Female,37.0,Bachelors,Pune,2014,4,30771.0,1.0
Employee_4189,Male,23.0,Bachelors,Pune,2016,1,155727.0,2.0
Employee_4190,Female,34.0,Bachelors,New Delhi,2012,2,138900.0,5.0
Employee_4191,Male,28.0,Bachelors,Bangalore,2017,2,116310.0,5.0
Employee_4192,Male,24.0,Bachelors,Pune,2012,2,123279.0,4.0
Employee_4193,Female,35.0,Masters,Bangalore,2017,0,87606.0,1.0
Employee_4194,Male,30.0,Bachelors,Bangalore,2015,2,90579.0,3.0
Employee_4195,Male,33.0,Bachelors,Bangalore,2018,4,96021.0,1.0
Employee_4196,Female,28.0,Bachelors,Bangalore,2015,5,142707.0,3.0
Employee_4197,Male,32.0,Bachelors,Bangalore,2016,4,146334.0,2.0
Employee_4198,Female,36.0,Bachelors,Pune,2014,5,123570.0,2.0
Employee_4199,Male,26.0,Bachelors,Bangalore,2012,4,119952.0,5.0
Employee_4200,Male,35.0,Bachelors,Bangalore,2012,4,39302.0,2.0
Employee_4201,Male,25.0,PHD,New Delhi,2012,3,151167.0,5.0
Employee_4202,Male,29.0,Masters,Bangalore,2013,1,74858.0,1.0
Employee_4203,Female,36.0,Bachelors,Bangalore,2012,3,96783.0,2.0
Employee_4204,Male,30.0,Bachelors,Bangalore,2013,1,150360.0,1.0
Employee_4205,Female,37.0,Bachelors,Pune,2017,4,116738.0,1.0
Employee_4206,Male,40.0,Bachelors,Bangalore,2016,0,169536.0,2.0
Employee_4207,Male,24.0,Bachelors,Bangalore,2012,2,110148.0,1.0
Employee_4208,Male,32.0,Bachelors,Bangalore,2012,4,153777.0,2.0
Employee_4209,Male,34.0,Bachelors,Pune,2018,0,176799.0,2.0
Employee_4210,Male,29.0,Bachelors,Pune,2014,3,116763.0,2.0
Employee_4211,Female,23.0,Bachelors,Bangalore,2012,1,103134.0,3.0
Employee_4212,Male,23.0,Bachelors,Pune,2017,1,113445.0,1.0
Employee_4213,Female,25.0,Bachelors,Bangalore,2013,3,131334.0,4.0
Employee_4214,Female,31.0,Bachelors,New Delhi,2012,3,49835.0,2.0
Employee_4215,Male,23.0,Masters,New Delhi,2017,1,118066.0,1.0
Employee_4216,Male,27.0,Bachelors,Bangalore,2014,5,162000.0,5.0
Employee_4217,Female,39.0,PHD,New Delhi,2015,5,85456.0,2.0
Employee_4218,Female,33.0,Bachelors,Bangalore,2016,1,120996.0,2.0
Employee_4219,Male,23.0,Bachelors,Bangalore,2013,1,119508.0,4.0
Employee_4220,Female,34.0,Masters,New Delhi,2017,4,65600.0,3.0
Employee_4221,Female,37.0,Bachelors,Pune,2015,1,119860.5,3.0
Employee_4222,Male,23.0,Bachelors,Bangalore,2012,1,114999.0,2.0
Employee_4223,Male,28.0,Bachelors,New Delhi,2017,5,106230.0,1.0
Employee_4224,Female,38.0,Masters,Pune,2017,2,95678.0,5.0
Employee_4225,Female,27.0,Bachelors,Bangalore,2014,5,159828.0,5.0
Employee_4226,Male,22.0,Bachelors,Bangalore,2016,0,107424.0,1.0
Employee_4227,Female,26.0,Masters,Pune,2015,4,119860.5,2.0
Employee_4228,Male,40.0,Bachelors,Bangalore,2012,3,153540.0,5.0
Employee_4229,Female,33.0,Bachelors,Bangalore,2016,3,154431.0,3.0
Employee_4230,Male,31.0,Bachelors,Bangalore,2014,0,120864.0,1.0
Employee_4231,Male,28.0,Bachelors,Pune,2017,4,143127.0,4.0
Employee_4232,Male,30.0,Bachelors,New Delhi,2015,5,154080.0,2.0
Employee_4233,Female,33.0,Bachelors,New Delhi,2015,5,167367.0,1.0
Employee_4234,Female,33.0,Masters,New Delhi,2017,0,142629.0,5.0
Employee_4235,Male,22.0,Bachelors,Pune,2016,0,119860.5,2.0
Employee_4236,Male,28.0,Bachelors,Pune,2012,2,177225.0,3.0
Employee_4237,Male,36.0,Bachelors,Bangalore,2013,4,104961.0,2.0
Employee_4238,Female,28.0,Bachelors,New Delhi,2017,1,90400.0,2.0
Employee_4239,Female,31.0,Bachelors,Pune,2014,2,104091.0,3.0
Employee_4240,Male,25.0,Bachelors,Bangalore,2013,3,93448.0,3.0
Employee_4241,Male,31.0,Bachelors,Pune,2012,4,33828.0,2.0
Employee_4242,Female,39.0,Masters,Pune,2015,0,96704.0,3.0
Employee_4243,Male,26.0,Masters,Bangalore,2015,4,141261.0,1.0
Employee_4244,Female,25.0,Bachelors,Bangalore,2017,3,85210.0,3.0
Employee_4245,Male,26.0,Bachelors,Bangalore,2013,4,106446.0,3.0
Employee_4246,Female,35.0,Bachelors,New Delhi,2013,0,171015.0,2.0
Employee_4247,Male,28.0,Bachelors,Pune,2013,5,105520.0,2.9959276018099548
Employee_4248,Female,32.0,Bachelors,Bangalore,2012,0,144552.0,4.0
Employee_4249,Male,22.0,Masters,New Delhi,2017,0,70926.0,4.0
Employee_4250,Female,36.0,Bachelors,Pune,2014,5,131580.0,5.0
Employee_4251,Male,38.0,Bachelors,Bangalore,2015,1,104736.0,3.0
Employee_4252,Female,28.0,Bachelors,Bangalore,2014,1,103944.0,3.0
Employee_4253,Female,25.0,Masters,New Delhi,2017,3,61710.0,1.0
Employee_4254,Male,27.0,Bachelors,Pune,2016,5,169164.0,4.0
Employee_4255,Male,38.0,Masters,Pune,2014,2,98598.0,5.0
Employee_4256,Female,22.0,Bachelors,New Delhi,2012,0,125502.0,1.0
Employee_4257,Male,33.0,Bachelors,Bangalore,2013,2,138882.0,3.0
Employee_4258,Male,24.0,Bachelors,Pune,2013,2,139698.0,4.0
Employee_4259,Male,37.0,Bachelors,Bangalore,2014,5,99336.0,5.0
Employee_4260,Male,28.0,Bachelors,Pune,2018,0,156162.0,2.0
Employee_4261,Male,32.0,Masters,Pune,2017,2,103476.0,4.0
Employee_4262,Male,33.0,PHD,New Delhi,2016,0,156621.0,5.0
Employee_4263,Male,32.0,Bachelors,New Delhi,2014,5,119860.5,1.0
Employee_4264,Male,24.0,Bachelors,Bangalore,2017,2,94551.0,2.0
Employee_4265,Male,27.0,Bachelors,Bangalore,2016,5,119860.5,5.0
Employee_4266,Female,35.0,Bachelors,Pune,2012,2,102772.0,5.0
Employee_4267,Male,40.0,PHD,Bangalore,2013,1,143220.0,3.0
Employee_4268,Female,34.0,Bachelors,New Delhi,2017,4,113500.0,4.0
Employee_4269,Female,39.0,Bachelors,New Delhi,2016,0,150039.0,3.0
Employee_4270,Male,26.0,Bachelors,Pune,2014,4,150036.0,2.0
Employee_4271,Female,29.0,Masters,Pune,2015,2,117344.0,5.0
Employee_4272,Male,29.0,Bachelors,Bangalore,2013,4,124293.0,3.0
Employee_4273,Female,23.0,Bachelors,Pune,2015,1,116534.0,4.0
Employee_4274,Male,32.0,Bachelors,Pune,2015,0,114630.0,2.0
Employee_4275,Male,28.0,Bachelors,Pune,2014,4,124785.0,1.0
Employee_4276,Male,32.0,Masters,New Delhi,2013,2,85742.0,3.0
Employee_4277,Female,32.0,Bachelors,New Delhi,2012,0,128229.0,2.0
Employee_4278,Male,38.0,Bachelors,Bangalore,2013,0,172740.0,1.0
Employee_4279,Male,30.0,PHD,Pune,2017,5,157548.0,3.0
Employee_4280,Male,28.0,PHD,New Delhi,2015,3,117972.0,2.9959276018099548
Employee_4281,Male,25.0,Bachelors,Bangalore,2012,3,124593.0,2.0
Employee_4282,Female,37.0,Bachelors,Bangalore,2013,4,109764.0,3.0
Employee_4283,Male,27.0,Masters,New Delhi,2017,5,66622.0,2.0
Employee_4284,Female,25.0,Bachelors,New Delhi,2013,3,157296.0,5.0
Employee_4285,Female,22.0,Bachelors,Pune,2015,0,115896.0,3.0
Employee_4286,Male,38.0,Bachelors,Bangalore,2018,2,157890.0,2.0
Employee_4287,Male,22.0,Bachelors,New Delhi,2015,0,92961.0,1.0
Employee_4288,Male,38.0,Bachelors,Pune,2017,2,99963.0,1.0
Employee_4289,Male,38.0,PHD,New Delhi,2015,5,45812.0,5.0
Employee_4290,Female,26.0,Bachelors,New Delhi,2016,4,69230.0,3.0
Employee_4291,Male,31.0,Masters,New Delhi,2017,4,91024.0,2.0
Employee_4292,Male,28.0,Masters,New Delhi,2014,5,129438.0,2.0
Employee_4293,Female,34.0,PHD,New Delhi,2017,3,164247.0,1.0
Employee_4294,Male,31.0,Masters,Bangalore,2013,2,130962.0,5.0
Employee_4295,Female,26.0,Bachelors,New Delhi,2014,4,150375.0,1.0
Employee_4296,Female,40.0,Bachelors,Pune,2013,1,99156.0,1.0
Employee_4297,Male,31.0,Bachelors,Bangalore,2016,0,158874.0,5.0
Employee_4298,Female,26.0,Bachelors,Bangalore,2013,4,92178.0,3.0
Employee_4299,Female,32.0,Bachelors,Pune,2018,1,101280.0,2.0
Employee_4300,Female,33.0,Bachelors,Bangalore,2012,5,156570.0,3.0
Employee_4301,Male,25.0,Bachelors,Bangalore,2017,3,95625.0,4.0
Employee_4302,Male,40.0,Bachelors,Bangalore,2017,0,160131.0,4.0
Employee_4303,Male,31.0,Masters,New Delhi,2013,2,131907.0,4.0
Employee_4304,Male,36.0,Bachelors,Bangalore,2015,1,102099.0,5.0
Employee_4305,Male,31.0,Bachelors,Bangalore,2014,5,106329.0,1.0
Employee_4306,Male,22.0,Bachelors,Pune,2015,0,142119.0,2.9959276018099548
Employee_4307,Female,34.0,Bachelors,Bangalore,2016,0,101232.0,2.0
Employee_4308,Female,38.0,PHD,New Delhi,2018,5,171786.0,4.0
Employee_4309,Male,23.0,Bachelors,Bangalore,2015,1,164985.0,3.0
Employee_4310,Male,27.0,PHD,Bangalore,2017,5,140931.0,4.0
Employee_4311,Male,34.0,Bachelors,Bangalore,2016,1,95322.0,4.0
Employee_4312,Male,39.0,Bachelors,Bangalore,2012,3,121953.0,2.0
Employee_4313,Male,24.0,Bachelors,Bangalore,2018,2,92805.0,5.0
Employee_4314,Female,37.0,Bachelors,Pune,2015,1,130185.0,1.0
Employee_4315,Male,23.0,PHD,New Delhi,2013,1,179424.0,5.0
Employee_4316,Male,36.0,Bachelors,Bangalore,2018,3,101424.0,3.0
Employee_4317,Male,23.0,Bachelors,New Delhi,2014,1,140145.0,5.0
Employee_4318,Male,31.0,Bachelors,Pune,2012,3,124923.0,3.0
Employee_4319,Male,22.0,Bachelors,Bangalore,2015,0,162918.0,3.0
Employee_4320,Female,24.0,Bachelors,Pune,2015,2,98172.0,1.0
Employee_4321,Female,28.0,Bachelors,Pune,2018,4,88752.0,2.0
Employee_4322,Male,33.0,Bachelors,Pune,2014,3,175746.0,2.9959276018099548
Employee_4323,Female,35.0,Bachelors,Bangalore,2018,2,107667.0,5.0
Employee_4324,Female,30.0,Bachelors,New Delhi,2012,1,105162.0,3.0
Employee_4325,Female,28.0,Bachelors,Bangalore,2014,3,101604.0,4.0
Employee_4326,Male,28.0,Bachelors,Bangalore,2015,0,151752.0,4.0
Employee_4327,Male,38.0,Bachelors,Bangalore,2014,3,139755.0,3.0
Employee_4328,Male,39.0,Bachelors,Pune,2014,4,146643.0,1.0
Employee_4329,Male,38.0,PHD,Bangalore,2012,5,31842.0,2.0
Employee_4330,Female,28.0,Bachelors,Bangalore,2014,0,120174.0,1.0
Employee_4331,Female,36.0,Bachelors,New Delhi,2014,5,169716.0,3.0
Employee_4332,Male,27.0,Bachelors,Bangalore,2015,5,179883.0,2.9959276018099548
Employee_4333,Male,32.0,Bachelors,Pune,2016,2,39101.0,2.0
Employee_4334,Female,39.0,Bachelors,New Delhi,2017,2,84994.0,5.0
Employee_4335,Male,36.0,Bachelors,Pune,2015,5,69316.0,5.0
Employee_4336,Male,34.0,Bachelors,Bangalore,2018,5,124143.0,2.9959276018099548
Employee_4337,Male,28.0,Bachelors,Bangalore,2015,1,112632.0,5.0
Employee_4338,Female,36.0,Bachelors,Bangalore,2018,1,113154.0,4.0
Employee_4339,Female,22.0,PHD,New Delhi,2015,0,131553.0,5.0
Employee_4340,Female,28.0,Bachelors,New Delhi,2014,5,47154.0,5.0
Employee_4341,Female,28.0,Bachelors,Pune,2016,5,119860.5,2.9959276018099548
Employee_4342,Female,39.0,Bachelors,Bangalore,2014,4,57077.0,4.0
Employee_4343,Male,31.0,Bachelors,Bangalore,2012,0,171870.0,5.0
Employee_4344,Male,26.0,Bachelors,Bangalore,2013,4,177900.0,4.0
Employee_4345,Male,31.0,Bachelors,Bangalore,2012,3,125331.0,2.0
Employee_4346,Female,28.0,Bachelors,Pune,2015,2,63256.0,1.0
Employee_4347,Female,38.0,Bachelors,Pune,2017,1,60772.0,2.0
Employee_4348,Male,38.0,Bachelors,Pune,2014,2,108093.0,1.0
Employee_4349,Male,32.0,Bachelors,Pune,2012,3,173991.0,2.0
Employee_4350,Male,26.0,Bachelors,Bangalore,2014,4,109317.0,1.0
Employee_4351,Female,33.0,Masters,Pune,2017,2,105570.0,1.0
Employee_4352,Female,34.0,Bachelors,Bangalore,2015,2,130176.0,3.0
Employee_4353,Male,36.0,Bachelors,Pune,2018,1,151176.0,1.0
Employee_4354,Male,27.0,Bachelors,Bangalore,2014,5,119860.5,1.0
Employee_4355,Male,27.0,Masters,Pune,2017,5,119860.5,3.0
Employee_4356,Female,40.0,Bachelors,New Delhi,2017,5,97700.0,5.0
Employee_4357,Female,31.0,Masters,Bangalore,2012,4,96846.0,5.0
Employee_4358,Male,22.0,Bachelors,Bangalore,2014,0,119860.5,3.0
Employee_4359,Male,22.0,Masters,New Delhi,2017,0,91340.0,4.0
Employee_4360,Female,26.0,Bachelors,New Delhi,2016,4,163092.0,1.0
Employee_4361,Female,28.0,Bachelors,New Delhi,2017,1,95994.0,1.0
Employee_4362,Male,38.0,Bachelors,Bangalore,2014,5,106428.0,3.0
Employee_4363,Male,31.0,Masters,Pune,2015,0,118284.0,3.0
Employee_4364,Male,24.0,Bachelors,Bangalore,2016,2,104007.0,4.0
Employee_4365,Male,25.0,Bachelors,Pune,2015,3,84672.0,5.0
Employee_4366,Male,26.0,PHD,Bangalore,2013,4,118026.0,2.0
Employee_4367,Male,40.0,Bachelors,Bangalore,2017,1,152106.0,5.0
Employee_4368,Female,34.0,Bachelors,Pune,2018,4,74128.0,1.0
Employee_4369,Male,32.0,Bachelors,Bangalore,2016,0,112338.0,3.0
Employee_4370,Male,37.0,Bachelors,Pune,2014,1,143445.0,4.0
Employee_4371,Male,33.0,Bachelors,Bangalore,2015,3,119860.5,5.0
Employee_4372,Male,27.0,Bachelors,Pune,2016,5,112383.0,4.0
Employee_4373,Male,36.0,Bachelors,New Delhi,2012,3,119860.5,5.0
Employee_4374,Female,30.0,Bachelors,Bangalore,2013,4,121548.0,1.0
Employee_4375,Female,26.0,Masters,Pune,2017,4,119860.5,2.0
Employee_4376,Male,23.0,Bachelors,Bangalore,2012,1,142542.0,4.0
Employee_4377,Female,31.0,Masters,Pune,2015,2,105894.0,4.0
Employee_4378,Male,22.0,Bachelors,Bangalore,2013,0,97974.0,2.9959276018099548
Employee_4379,Female,24.0,Masters,New Delhi,2017,2,67000.0,4.0
Employee_4380,Female,37.0,Bachelors,Bangalore,2016,4,164850.0,4.0
Employee_4381,Male,35.0,Masters,New Delhi,2018,2,96360.0,5.0
Employee_4382,Male,22.0,Bachelors,Bangalore,2013,0,102060.0,5.0
Employee_4383,Male,35.0,Bachelors,Pune,2012,5,120639.0,2.0
Employee_4384,Female,30.0,Bachelors,New Delhi,2014,3,174843.0,1.0
Employee_4385,Male,30.0,Bachelors,Bangalore,2014,0,179175.0,4.0
Employee_4386,Male,29.0,Bachelors,Pune,2014,3,99777.0,1.0
Employee_4387,Male,36.0,Masters,Bangalore,2017,4,174033.0,2.0
Employee_4388,Male,37.0,Bachelors,Bangalore,2014,4,120243.0,2.0
Employee_4389,Male,40.0,Bachelors,Pune,2016,2,95469.0,5.0
Employee_4390,Female,26.0,Bachelors,Pune,2015,4,95716.0,4.0
Employee_4391,Female,26.0,Masters,New Delhi,2017,4,97252.0,3.0
Employee_4392,Male,38.0,Bachelors,Bangalore,2017,3,130401.0,2.0
Employee_4393,Male,31.0,Bachelors,Bangalore,2014,3,148881.0,4.0
Employee_4394,Female,22.0,Bachelors,Bangalore,2014,0,110970.0,1.0
Employee_4395,Male,34.0,Bachelors,Pune,2012,0,154632.0,5.0
Employee_4396,Female,31.0,Bachelors,New Delhi,2015,0,99402.0,1.0
Employee_4397,Female,39.0,Bachelors,Bangalore,2012,3,145362.0,2.0
Employee_4398,Female,33.0,Masters,New Delhi,2018,2,140229.0,2.0
Employee_4399,Male,33.0,Bachelors,Bangalore,2015,4,136302.0,1.0
Employee_4400,Male,38.0,Bachelors,Bangalore,2012,4,135021.0,2.0
Employee_4401,Female,22.0,Bachelors,Pune,2017,0,80466.0,4.0
Employee_4402,Female,32.0,Bachelors,Pune,2014,0,92756.0,2.0
Employee_4403,Male,34.0,Bachelors,Pune,2014,5,93423.0,5.0
Employee_4404,Female,31.0,Bachelors,Bangalore,2014,5,48019.0,4.0
Employee_4405,Male,23.0,Bachelors,Bangalore,2016,1,151152.0,3.0
Employee_4406,Female,39.0,Bachelors,Pune,2013,1,80270.0,2.9959276018099548
Employee_4407,Male,26.0,Bachelors,New Delhi,2017,4,128898.0,2.0
Employee_4408,Female,33.0,Bachelors,Pune,2013,4,66722.0,5.0
Employee_4409,Female,27.0,Bachelors,Bangalore,2013,5,158901.0,5.0
Employee_4410,Male,24.0,PHD,New Delhi,2018,2,113505.0,1.0
Employee_4411,Male,38.0,Bachelors,Bangalore,2017,1,123516.0,1.0
Employee_4412,Male,27.0,Bachelors,Bangalore,2017,5,139170.0,1.0
Employee_4413,Female,27.0,Bachelors,Bangalore,2014,5,99801.0,5.0
Employee_4414,Male,23.0,Bachelors,Bangalore,2015,1,109692.0,1.0
Employee_4415,Female,26.0,Bachelors,New Delhi,2014,4,168501.0,2.9959276018099548
Employee_4416,Male,31.0,Bachelors,Bangalore,2016,5,153936.0,3.0
Employee_4417,Female,32.0,Bachelors,Bangalore,2017,3,173520.0,1.0
Employee_4418,Female,36.0,Bachelors,Pune,2015,3,97980.0,2.0
Employee_4419,Male,28.0,Bachelors,Bangalore,2017,0,124233.0,5.0
Employee_4420,Male,31.0,Bachelors,New Delhi,2017,3,71812.0,4.0
Employee_4421,Female,36.0,Masters,New Delhi,2017,3,92056.0,3.0
Employee_4422,Male,24.0,Bachelors,Bangalore,2014,2,148971.0,5.0
Employee_4423,Male,27.0,Bachelors,Bangalore,2012,5,112833.0,5.0
Employee_4424,Male,28.0,Bachelors,Bangalore,2017,3,141891.0,2.0
Employee_4425,Female,39.0,Bachelors,Pune,2015,2,96033.0,1.0
Employee_4426,Female,23.0,Bachelors,Bangalore,2013,1,143478.0,2.0
Employee_4427,Male,32.0,Bachelors,Bangalore,2014,1,155790.0,2.9959276018099548
Employee_4428,Female,33.0,Masters,New Delhi,2013,2,123738.0,1.0
Employee_4429,Female,39.0,Bachelors,New Delhi,2017,4,131370.0,5.0
Employee_4430,Female,24.0,Masters,Bangalore,2017,2,83476.0,1.0
Employee_4431,Male,33.0,Bachelors,Pune,2016,2,176391.0,3.0
Employee_4432,Female,29.0,Bachelors,Pune,2016,4,89460.0,3.0
Employee_4433,Female,24.0,Masters,Pune,2017,2,178464.0,3.0
Employee_4434,Female,27.0,Masters,Pune,2015,5,123360.0,5.0
Employee_4435,Female,35.0,Masters,New Delhi,2013,2,96426.0,2.0
Employee_4436,Female,28.0,Bachelors,Pune,2015,2,77534.0,4.0
Employee_4437,Male,22.0,Bachelors,Bangalore,2016,0,158556.0,1.0
Employee_4438,Male,39.0,Bachelors,Bangalore,2013,5,131109.0,4.0
Employee_4439,Female,36.0,Bachelors,Bangalore,2014,3,92787.0,2.0
Employee_4440,Female,40.0,Bachelors,New Delhi,2017,3,83902.0,2.0
Employee_4441,Female,35.0,Bachelors,New Delhi,2012,5,150249.0,5.0
Employee_4442,Male,33.0,Bachelors,Bangalore,2016,4,168117.0,3.0
Employee_4443,Male,33.0,PHD,Bangalore,2018,2,173553.0,3.0
Employee_4444,Male,23.0,Bachelors,Bangalore,2012,1,137535.0,2.0
Employee_4445,Male,28.0,Bachelors,Bangalore,2014,2,178512.0,5.0
Employee_4446,Male,27.0,Bachelors,Bangalore,2016,5,142314.0,5.0
Employee_4447,Female,26.0,Bachelors,Bangalore,2017,4,137241.0,1.0
Employee_4448,Male,33.0,Bachelors,Bangalore,2014,3,107232.0,3.0
Employee_4449,Male,35.0,Bachelors,Bangalore,2016,3,144852.0,2.0
Employee_4450,Male,33.0,Bachelors,Bangalore,2013,3,118947.0,4.0
Employee_4451,Female,36.0,Bachelors,Pune,2013,0,110940.0,3.0
Employee_4452,Male,26.0,Bachelors,New Delhi,2015,4,111207.0,1.0
Employee_4453,Male,26.0,Bachelors,Bangalore,2012,4,118773.0,5.0
Employee_4454,Female,39.0,Bachelors,Bangalore,2014,5,149397.0,2.0
Employee_4455,Male,28.0,Bachelors,Bangalore,2013,5,91326.0,3.0
Employee_4456,Male,24.0,Bachelors,Bangalore,2018,2,174678.0,4.0
Employee_4457,Female,36.0,Bachelors,Bangalore,2012,4,157806.0,1.0
Employee_4458,Male,33.0,Bachelors,Bangalore,2016,0,103956.0,1.0
Employee_4459,Female,33.0,Bachelors,Pune,2013,0,54323.0,3.0
Employee_4460,Male,30.0,Masters,Pune,2017,2,108434.0,4.0
Employee_4461,Male,27.0,Masters,New Delhi,2012,5,118110.0,1.0
Employee_4462,Male,33.0,Bachelors,Bangalore,2015,4,112791.0,2.0
Employee_4463,Female,35.0,Bachelors,Pune,2016,4,88650.0,1.0
Employee_4464,Female,40.0,Bachelors,Pune,2014,0,68916.0,4.0
Employee_4465,Male,25.0,Bachelors,Pune,2017,3,73182.0,5.0
Employee_4466,Male,28.0,Bachelors,Bangalore,2014,2,139038.0,5.0
Employee_4467,Male,40.0,Bachelors,New Delhi,2017,5,111666.0,3.0
Employee_4468,Male,29.0,Bachelors,Bangalore,2014,0,125478.0,4.0
Employee_4469,Male,28.0,Bachelors,Bangalore,2012,5,169251.0,1.0
Employee_4470,Male,40.0,Bachelors,Bangalore,2015,4,146079.0,1.0
Employee_4471,Female,25.0,Masters,New Delhi,2017,3,88276.0,5.0
Employee_4472,Female,39.0,Bachelors,Pune,2016,3,119860.5,5.0
Employee_4473,Male,22.0,Bachelors,New Delhi,2017,0,94588.0,2.0
Employee_4474,Female,35.0,PHD,Pune,2015,0,101448.0,5.0
Employee_4475,Male,25.0,Bachelors,Bangalore,2012,3,177639.0,2.0
Employee_4476,Female,25.0,Bachelors,New Delhi,2014,3,100786.0,1.0
Employee_4477,Female,29.0,Bachelors,Bangalore,2015,1,159036.0,2.0
Employee_4478,Male,37.0,Masters,New Delhi,2017,0,32169.0,2.0
Employee_4479,Male,35.0,Bachelors,Bangalore,2014,1,145668.0,3.0
Employee_4480,Male,26.0,Bachelors,Bangalore,2012,4,156156.0,5.0
Employee_4481,Male,26.0,Masters,New Delhi,2018,4,108939.0,2.0
Employee_4482,Male,24.0,Bachelors,Bangalore,2013,2,114945.0,1.0
Employee_4483,Male,31.0,Bachelors,Bangalore,2014,0,114108.0,4.0
Employee_4484,Male,34.0,Bachelors,Bangalore,2014,5,173202.0,2.0
Employee_4485,Female,27.0,Masters,New Delhi,2018,5,159519.0,5.0
Employee_4486,Male,35.0,Bachelors,Pune,2016,1,92355.0,3.0
Employee_4487,Male,27.0,Bachelors,Pune,2017,5,108417.0,1.0
Employee_4488,Male,34.0,Masters,New Delhi,2017,1,109032.0,3.0
Employee_4489,Female,40.0,Bachelors,Bangalore,2018,4,146400.0,4.0
Employee_4490,Male,39.0,Bachelors,Pune,2012,4,166116.0,2.0
Employee_4491,Female,28.0,Bachelors,Pune,2013,0,58748.0,2.0
Employee_4492,Male,22.0,Bachelors,Bangalore,2015,0,151614.0,5.0
Employee_4493,Male,33.0,Masters,Pune,2017,2,89946.0,2.0
Employee_4494,Male,28.0,Bachelors,Bangalore,2014,0,119860.5,1.0
Employee_4495,Male,39.0,Bachelors,Bangalore,2017,3,95808.0,4.0
Employee_4496,Female,28.0,Bachelors,Bangalore,2017,3,170196.0,3.0
Employee_4497,Female,38.0,Bachelors,Bangalore,2014,1,101421.0,4.0
Employee_4498,Female,36.0,Bachelors,New Delhi,2018,2,111453.0,2.0
Employee_4499,Male,37.0,Bachelors,Pune,2013,5,78986.0,3.0
Employee_4500,Female,33.0,Bachelors,Pune,2017,2,84710.0,5.0
Employee_4501,Female,37.0,Bachelors,Bangalore,2013,2,173148.0,4.0
Employee_4502,Male,34.0,Bachelors,Pune,2013,5,99708.0,3.0
Employee_4503,Male,28.0,Bachelors,Bangalore,2015,2,137544.0,3.0
Employee_4504,Male,31.0,Bachelors,Bangalore,2018,0,97056.0,3.0
Employee_4505,Male,37.0,Masters,New Delhi,2012,4,95796.0,1.0
Employee_4506,Male,26.0,Bachelors,Pune,2018,4,122739.0,4.0
Employee_4507,Female,34.0,Masters,New Delhi,2014,1,115668.0,3.0
Employee_4508,Male,39.0,Bachelors,Pune,2015,1,153900.0,4.0
Employee_4509,Female,23.0,Bachelors,Pune,2017,1,70996.0,3.0
Employee_4510,Female,35.0,Bachelors,Bangalore,2013,4,121746.0,5.0
Employee_4511,Male,25.0,Bachelors,Pune,2015,3,141990.0,2.9959276018099548
Employee_4512,Male,38.0,Bachelors,Pune,2013,0,87730.0,5.0
Employee_4513,Male,23.0,Masters,New Delhi,2017,1,39569.0,2.0
Employee_4514,Male,26.0,Masters,New Delhi,2017,4,119860.5,3.0
Employee_4515,Female,33.0,Masters,New Delhi,2018,2,173268.0,2.0
Employee_4516,Female,37.0,Bachelors,Pune,2015,4,119860.5,4.0
Employee_4517,Male,35.0,Bachelors,Bangalore,2013,5,104571.0,2.0
Employee_4518,Female,23.0,Bachelors,Bangalore,2013,1,91020.0,4.0
Employee_4519,Male,31.0,Bachelors,Pune,2013,2,123543.0,4.0
Employee_4520,Male,24.0,Bachelors,Bangalore,2017,2,140298.0,4.0
Employee_4521,Male,28.0,Bachelors,Bangalore,2015,3,179025.0,2.0
Employee_4522,Female,37.0,Bachelors,Pune,2013,0,112264.0,3.0
Employee_4523,Female,36.0,Bachelors,Bangalore,2012,1,115473.0,2.0
Employee_4524,Male,28.0,Bachelors,Bangalore,2015,1,90414.0,3.0
Employee_4525,Male,28.0,Bachelors,New Delhi,2017,5,60716.0,3.0
Employee_4526,Male,26.0,Bachelors,Bangalore,2014,4,153945.0,4.0
Employee_4527,Female,29.0,Masters,Pune,2015,1,79428.0,2.0
Employee_4528,Female,39.0,Masters,New Delhi,2018,2,149520.0,3.0
Employee_4529,Male,36.0,Bachelors,Pune,2013,4,63254.0,5.0
Employee_4530,Male,36.0,Bachelors,Pune,2015,3,167637.0,3.0
Employee_4531,Male,22.0,Bachelors,Bangalore,2012,0,137988.0,5.0
Employee_4532,Male,31.0,Masters,New Delhi,2017,2,159030.0,2.0
Employee_4533,Male,29.0,PHD,New Delhi,2017,3,105012.0,2.0
Employee_4534,Female,37.0,Bachelors,Pune,2014,4,167130.0,2.0
Employee_4535,Male,24.0,Bachelors,Bangalore,2012,2,170286.0,3.0
Employee_4536,Female,28.0,Bachelors,Pune,2015,2,86566.0,1.0
Employee_4537,Male,22.0,PHD,New Delhi,2016,0,109956.0,3.0
Employee_4538,Male,31.0,Bachelors,Bangalore,2015,2,158400.0,3.0
Employee_4539,Female,28.0,Bachelors,Pune,2013,3,99108.0,4.0
Employee_4540,Female,22.0,Bachelors,Bangalore,2014,0,150657.0,4.0
Employee_4541,Male,23.0,Bachelors,Bangalore,2016,1,163203.0,3.0
Employee_4542,Female,25.0,Bachelors,New Delhi,2016,3,32151.0,5.0
Employee_4543,Female,23.0,Bachelors,Pune,2013,1,39429.0,4.0
Employee_4544,Female,26.0,Bachelors,New Delhi,2017,4,88144.0,3.0
Employee_4545,Female,22.0,Bachelors,Pune,2015,0,83854.0,1.0
Employee_4546,Female,38.0,Bachelors,Bangalore,2015,2,110715.0,5.0
Employee_4547,Female,25.0,Bachelors,Bangalore,2017,3,147654.0,2.0
Employee_4548,Female,37.0,Bachelors,New Delhi,2017,1,127356.0,3.0
Employee_4549,Male,30.0,PHD,New Delhi,2012,4,166722.0,3.0
Employee_4550,Female,35.0,Bachelors,Bangalore,2012,2,138636.0,5.0
Employee_4551,Male,23.0,PHD,Bangalore,2014,1,146853.0,4.0
Employee_4552,Female,25.0,Masters,New Delhi,2017,3,62614.0,4.0
Employee_4553,Female,39.0,Bachelors,Bangalore,2015,0,134556.0,4.0
Employee_4554,Female,32.0,PHD,Pune,2013,0,55232.0,2.0
Employee_4555,Female,28.0,Bachelors,Pune,2015,1,97980.0,5.0
Employee_4556,Female,23.0,Bachelors,New Delhi,2015,1,121209.0,5.0
Employee_4557,Female,34.0,PHD,Bangalore,2014,3,56485.0,4.0
Employee_4558,Female,28.0,Bachelors,Bangalore,2014,1,50114.0,4.0
Employee_4559,Male,40.0,Bachelors,Bangalore,2017,5,120714.0,1.0
Employee_4560,Male,40.0,Bachelors,Bangalore,2016,3,108621.0,1.0
Employee_4561,Female,25.0,Bachelors,Bangalore,2015,3,148638.0,3.0
Employee_4562,Male,22.0,Bachelors,Bangalore,2013,0,93420.0,3.0
Employee_4563,Male,34.0,Bachelors,Bangalore,2015,4,164526.0,5.0
Employee_4564,Male,23.0,Bachelors,Bangalore,2017,1,169263.0,5.0
Employee_4565,Female,24.0,Bachelors,Bangalore,2017,2,95124.0,2.0
Employee_4566,Male,35.0,Bachelors,Bangalore,2015,3,33630.0,2.0
Employee_4567,Male,24.0,Bachelors,Bangalore,2014,2,148785.0,1.0
Employee_4568,Male,28.0,Bachelors,Pune,2017,3,121455.0,3.0
Employee_4569,Female,39.0,Masters,New Delhi,2017,4,116616.0,1.0
Employee_4570,Female,31.0,PHD,New Delhi,2017,5,126063.0,1.0
Employee_4571,Male,32.0,Bachelors,Bangalore,2014,2,158766.0,3.0
Employee_4572,Female,37.0,Bachelors,New Delhi,2017,3,112172.0,2.0
Employee_4573,Female,28.0,Bachelors,Pune,2014,0,46859.0,3.0
Employee_4574,Female,32.0,Bachelors,Bangalore,2015,4,119860.5,4.0
Employee_4575,Male,37.0,Bachelors,Bangalore,2016,2,166656.0,4.0
Employee_4576,Male,36.0,Bachelors,Bangalore,2014,3,93621.0,4.0
Employee_4577,Male,24.0,Bachelors,Pune,2013,2,129993.0,5.0
Employee_4578,Male,40.0,Masters,New Delhi,2017,2,95880.0,2.0
Employee_4579,Male,39.0,Bachelors,Bangalore,2014,3,119860.5,2.0
Employee_4580,Male,24.0,Bachelors,Bangalore,2013,2,179067.0,5.0
Employee_4581,Male,25.0,Bachelors,Bangalore,2016,3,137649.0,1.0
Employee_4582,Male,26.0,Bachelors,Bangalore,2018,4,131679.0,4.0
Employee_4583,Male,33.0,Bachelors,New Delhi,2017,3,119860.5,4.0
Employee_4584,Male,36.0,Bachelors,Pune,2016,3,170310.0,1.0
Employee_4585,Male,39.0,Bachelors,Pune,2015,1,34761.0,3.0
Employee_4586,Male,34.0,Bachelors,Bangalore,2014,4,171729.0,3.0
Employee_4587,Female,23.0,Bachelors,New Delhi,2014,1,71734.0,2.0
Employee_4588,Female,33.0,Bachelors,Pune,2014,2,53347.0,5.0
Employee_4589,Male,31.0,Bachelors,Bangalore,2013,3,178605.0,2.9959276018099548
Employee_4590,Female,39.0,Bachelors,Bangalore,2015,0,128607.0,3.0
Employee_4591,Male,36.0,Bachelors,Bangalore,2017,4,111498.0,1.0
Employee_4592,Male,28.0,Bachelors,Bangalore,2015,1,128946.0,2.0
Employee_4593,Female,28.0,Bachelors,New Delhi,2013,0,113787.0,2.9959276018099548
Employee_4594,Male,24.0,Masters,New Delhi,2017,2,70694.0,4.0
Employee_4595,Female,36.0,Bachelors,Bangalore,2013,0,111807.0,1.0
Employee_4596,Male,30.0,Bachelors,Bangalore,2014,1,168558.0,3.0
Employee_4597,Female,27.0,Bachelors,New Delhi,2018,5,174192.0,4.0
Employee_4598,Male,25.0,Bachelors,Bangalore,2012,3,163527.0,4.0
Employee_4599,Male,31.0,Bachelors,Bangalore,2018,0,130581.0,5.0
Employee_4600,Male,36.0,Bachelors,Bangalore,2013,0,97362.0,2.9959276018099548
Employee_4601,Male,31.0,Bachelors,New Delhi,2017,1,101756.0,2.9959276018099548
Employee_4602,Male,37.0,Bachelors,Bangalore,2016,2,144990.0,2.0
Employee_4603,Male,39.0,Bachelors,Bangalore,2015,2,178158.0,3.0
Employee_4604,Male,28.0,Bachelors,Bangalore,2014,4,128973.0,4.0
Employee_4605,Male,38.0,Bachelors,Pune,2015,2,65616.0,2.9959276018099548
Employee_4606,Female,40.0,Masters,New Delhi,2017,1,109926.0,2.0
Employee_4607,Female,38.0,Masters,Bangalore,2015,1,101475.0,4.0
Employee_4608,Male,23.0,PHD,New Delhi,2014,1,100608.0,3.0
Employee_4609,Male,39.0,Bachelors,Bangalore,2015,2,157356.0,2.0
Employee_4610,Female,22.0,Bachelors,Pune,2014,0,45309.0,2.0
Employee_4611,Female,24.0,Bachelors,Pune,2015,2,101406.0,4.0
Employee_4612,Male,24.0,Masters,New Delhi,2014,2,176259.0,2.0
Employee_4613,Female,23.0,Bachelors,Bangalore,2012,1,153249.0,5.0
Employee_4614,Male,30.0,Bachelors,Bangalore,2014,4,145062.0,5.0
Employee_4615,Female,25.0,Bachelors,New Delhi,2016,3,156570.0,2.9959276018099548
Employee_4616,Male,34.0,Bachelors,Bangalore,2013,4,108426.0,3.0
Employee_4617,Female,40.0,Masters,New Delhi,2015,5,175194.0,4.0
Employee_4618,Female,39.0,Bachelors,Bangalore,2012,1,147609.0,5.0
Employee_4619,Female,28.0,Masters,New Delhi,2017,2,117282.0,1.0
Employee_4620,Male,38.0,Bachelors,Pune,2016,2,91092.0,1.0
Employee_4621,Female,38.0,Bachelors,Pune,2015,4,101284.0,2.0
Employee_4622,Male,31.0,Bachelors,Bangalore,2015,5,148509.0,2.0
Employee_4623,Male,30.0,Bachelors,Pune,2017,4,57134.0,1.0
Employee_4624,Male,24.0,PHD,Bangalore,2013,2,137064.0,5.0
Employee_4625,Male,38.0,Bachelors,Bangalore,2017,3,95589.0,2.0
Employee_4626,Male,37.0,Bachelors,Pune,2013,3,139497.0,4.0
Employee_4627,Male,22.0,Bachelors,Bangalore,2016,0,111252.0,4.0
Employee_4628,Female,30.0,PHD,Bangalore,2012,4,114048.0,5.0
Employee_4629,Female,39.0,Bachelors,Bangalore,2013,5,97152.0,2.0
Employee_4630,Male,35.0,Bachelors,Bangalore,2017,0,119104.0,4.0
Employee_4631,Female,25.0,Bachelors,Pune,2012,3,135216.0,2.0
Employee_4632,Male,32.0,Bachelors,Bangalore,2018,1,101805.0,2.9959276018099548
Employee_4633,Female,31.0,Bachelors,Bangalore,2018,2,129381.0,4.0
Employee_4634,Male,37.0,Bachelors,Bangalore,2016,2,133446.0,1.0
Employee_4635,Female,38.0,Bachelors,New Delhi,2016,2,119860.5,4.0
Employee_4636,Female,22.0,Bachelors,Bangalore,2014,0,138495.0,5.0
Employee_4637,Female,37.0,Masters,New Delhi,2014,0,155478.0,2.9959276018099548
Employee_4638,Male,32.0,Bachelors,Bangalore,2018,2,97470.0,4.0
Employee_4639,Male,26.0,Bachelors,Bangalore,2013,4,160092.0,2.0
Employee_4640,Male,28.0,Bachelors,Bangalore,2017,0,129972.0,2.0
Employee_4641,Male,35.0,Bachelors,Bangalore,2015,0,166554.0,4.0
Employee_4642,Female,33.0,Bachelors,Bangalore,2016,0,54045.0,3.0
Employee_4643,Female,36.0,Bachelors,Bangalore,2012,4,144324.0,4.0
Employee_4644,Female,31.0,Bachelors,Bangalore,2013,5,170730.0,3.0
Employee_4645,Female,32.0,Bachelors,Pune,2015,1,163698.0,3.0
Employee_4646,Female,31.0,Masters,Pune,2017,2,98302.0,5.0
Employee_4647,Female,25.0,Bachelors,Bangalore,2013,3,93411.0,2.0
Employee_4648,Male,30.0,Bachelors,Pune,2016,2,171309.0,2.0
Employee_4649,Female,26.0,Bachelors,Bangalore,2013,4,151503.0,3.0
Employee_4650,Male,37.0,Masters,Pune,2013,2,66840.0,2.0
Employee_4651,Male,27.0,Masters,New Delhi,2018,5,107535.0,1.0
Employee_4652,Male,30.0,Bachelors,Bangalore,2012,2,153486.0,3.0
Employee_4653,Male,33.0,Bachelors,Bangalore,2015,4,101718.0,2.0
